{
  "by_meta": {
    "3": {
      "avg_mse_nn": 3.406560997156136,
      "avg_mse_xgb": 0.07130456880719001,
      "avg_mse_rf": 0.055149467260666295,
      "avg_mse_meta": 16.827519443893376,
      "avg_r2_nn": -18.674229444966503,
      "avg_r2_xgb": 0.5881880734388156,
      "avg_r2_rf": 0.6814901381305617,
      "avg_r2_meta": -96.18554248850258,
      "n_rows": 92,
      "repeats": 3
    },
    "4": {
      "avg_mse_nn": 3.406560997156136,
      "avg_mse_xgb": 0.07130456880719001,
      "avg_mse_rf": 0.055149467260666295,
      "avg_mse_meta": 1.3025572983915206,
      "avg_r2_nn": -18.674229444966503,
      "avg_r2_xgb": 0.5881880734388156,
      "avg_r2_rf": 0.6814901381305617,
      "avg_r2_meta": -6.522780650387367,
      "n_rows": 92,
      "repeats": 3
    }
  },
  "cfg": {
    "CSV_PATH": "../Batch5/AllClean4_S.csv",
    "Z": 18,
    "A": 41,
    "META_IDS": [
      3,
      4
    ],
    "KFOLDS": 5,
    "REPEATS": 3,
    "LABEL": "XS",
    "INCLUDE_ZA": true,
    "INCLUDE_ENG": true,
    "ENG_POLY": 1,
    "USE_LOG": false,
    "BALANCE_GROUPS": false,
    "ALPHA_MIN": 1e-06,
    "ALPHA_MAX": 1000.0,
    "ALPHA_NUM": 30,
    "CLIP_ENVELOPE": true,
    "OUT_DIR": "./diag_runs",
    "BASE_SEED": 12345
  },
  "pairwise_diffs": {
    "3_vs_4": {
      "nn_pred": {
        "max_abs": 0.0,
        "mean_abs": 0.0,
        "n": 92
      },
      "xgb_pred": {
        "max_abs": 0.0,
        "mean_abs": 0.0,
        "n": 92
      },
      "rf_pred": {
        "max_abs": 0.0,
        "mean_abs": 0.0,
        "n": 92
      },
      "meta": {
        "max_abs": 7.048128876509161,
        "mean_abs": 5.134494295764294,
        "n": 92
      }
    }
  }
}