n_features,mse,kept_cols,best_params
60,0.00039847241783926804,"['Z', 'A', 'N', 'ME', 'BEA', 'BEA_A', 'AM', 'Sn', 'S2n', 'Sp', 'S2p', 'Radius', 'Pairing', 'Shell', 'Spin', 'Parity', 'Deform', 'Decay_Const', 'Z_even', 'A_even', 'N_even', 'beta_deformation', 'gamma_deformation', 'octopole_deformation', 'rms_radius', 'n_rms_radius', 'p_rms_radius', 'n_gap_erg', 'p_gap_erg', 'n_chem_erg', 'p_chem_erg', 'Sn_compound', 'S2n_compound', 'Sp_compound', 'S2p_compound', 'Radius_compound', 'ME_compound', 'BEA_compound', 'BEA_A_compound', 'Sn_daughter', 'S2n_daughter', 'Sp_daughter', 'S2p_daughter', 'Radius_daughter', 'ME_daughter', 'BEA_daughter', 'BEA_A_daughter', 'Pairing_compound', 'Shell_compound', 'Spin_compound', 'Parity_compound', 'Deform_compound', 'Decay_compound', 'Pairing_daughter', 'Shell_daughter', 'Spin_daughter', 'Parity_daughter', 'Deform_daughter', 'Decay_daughter', 'ERG']","{'n_estimators': 950, 'max_depth': 12, 'learning_rate': 0.023387395380801576, 'subsample': 0.51735171792841, 'colsample_bytree': 0.9288234523314991, 'reg_lambda': 0.0014623166653720773, 'reg_alpha': 0.011838563687274007}"
59,0.00039960264684611767,"['Z', 'A', 'N', 'ME', 'BEA', 'BEA_A', 'AM', 'Sn', 'S2n', 'Sp', 'S2p', 'Radius', 'Pairing', 'Shell', 'Spin', 'Deform', 'Decay_Const', 'Z_even', 'A_even', 'N_even', 'beta_deformation', 'gamma_deformation', 'octopole_deformation', 'rms_radius', 'n_rms_radius', 'p_rms_radius', 'n_gap_erg', 'p_gap_erg', 'n_chem_erg', 'p_chem_erg', 'Sn_compound', 'S2n_compound', 'Sp_compound', 'S2p_compound', 'Radius_compound', 'ME_compound', 'BEA_compound', 'BEA_A_compound', 'Sn_daughter', 'S2n_daughter', 'Sp_daughter', 'S2p_daughter', 'Radius_daughter', 'ME_daughter', 'BEA_daughter', 'BEA_A_daughter', 'Pairing_compound', 'Shell_compound', 'Spin_compound', 'Parity_compound', 'Deform_compound', 'Decay_compound', 'Pairing_daughter', 'Shell_daughter', 'Spin_daughter', 'Parity_daughter', 'Deform_daughter', 'Decay_daughter', 'ERG']","{'n_estimators': 950, 'max_depth': 12, 'learning_rate': 0.023387395380801576, 'subsample': 0.51735171792841, 'colsample_bytree': 0.9288234523314991, 'reg_lambda': 0.0014623166653720773, 'reg_alpha': 0.011838563687274007}"
58,0.00041259779101848385,"['Z', 'A', 'N', 'ME', 'BEA', 'BEA_A', 'AM', 'Sn', 'S2n', 'Sp', 'S2p', 'Radius', 'Pairing', 'Shell', 'Spin', 'Deform', 'Decay_Const', 'Z_even', 'A_even', 'N_even', 'beta_deformation', 'gamma_deformation', 'octopole_deformation', 'rms_radius', 'n_rms_radius', 'p_rms_radius', 'n_gap_erg', 'p_gap_erg', 'n_chem_erg', 'p_chem_erg', 'Sn_compound', 'S2n_compound', 'Sp_compound', 'S2p_compound', 'Radius_compound', 'ME_compound', 'BEA_compound', 'BEA_A_compound', 'Sn_daughter', 'S2n_daughter', 'Sp_daughter', 'S2p_daughter', 'Radius_daughter', 'ME_daughter', 'BEA_daughter', 'BEA_A_daughter', 'Pairing_compound', 'Shell_compound', 'Spin_compound', 'Deform_compound', 'Decay_compound', 'Pairing_daughter', 'Shell_daughter', 'Spin_daughter', 'Parity_daughter', 'Deform_daughter', 'Decay_daughter', 'ERG']","{'n_estimators': 950, 'max_depth': 12, 'learning_rate': 0.023387395380801576, 'subsample': 0.51735171792841, 'colsample_bytree': 0.9288234523314991, 'reg_lambda': 0.0014623166653720773, 'reg_alpha': 0.011838563687274007}"
57,0.00041815630774867977,"['Z', 'A', 'N', 'ME', 'BEA', 'BEA_A', 'AM', 'Sn', 'S2n', 'Sp', 'S2p', 'Radius', 'Pairing', 'Shell', 'Spin', 'Deform', 'Decay_Const', 'Z_even', 'A_even', 'beta_deformation', 'gamma_deformation', 'octopole_deformation', 'rms_radius', 'n_rms_radius', 'p_rms_radius', 'n_gap_erg', 'p_gap_erg', 'n_chem_erg', 'p_chem_erg', 'Sn_compound', 'S2n_compound', 'Sp_compound', 'S2p_compound', 'Radius_compound', 'ME_compound', 'BEA_compound', 'BEA_A_compound', 'Sn_daughter', 'S2n_daughter', 'Sp_daughter', 'S2p_daughter', 'Radius_daughter', 'ME_daughter', 'BEA_daughter', 'BEA_A_daughter', 'Pairing_compound', 'Shell_compound', 'Spin_compound', 'Deform_compound', 'Decay_compound', 'Pairing_daughter', 'Shell_daughter', 'Spin_daughter', 'Parity_daughter', 'Deform_daughter', 'Decay_daughter', 'ERG']","{'n_estimators': 950, 'max_depth': 7, 'learning_rate': 0.15225654389482135, 'subsample': 0.8141476914816346, 'colsample_bytree': 0.7053679771138108, 'reg_lambda': 9.189007524126804, 'reg_alpha': 0.006025415786548301}"
56,0.000408488416683828,"['Z', 'A', 'N', 'ME', 'BEA', 'BEA_A', 'AM', 'Sn', 'S2n', 'Sp', 'S2p', 'Radius', 'Pairing', 'Shell', 'Spin', 'Deform', 'Decay_Const', 'Z_even', 'A_even', 'beta_deformation', 'gamma_deformation', 'octopole_deformation', 'rms_radius', 'n_rms_radius', 'p_rms_radius', 'n_gap_erg', 'p_gap_erg', 'n_chem_erg', 'p_chem_erg', 'Sn_compound', 'S2n_compound', 'Sp_compound', 'S2p_compound', 'Radius_compound', 'ME_compound', 'BEA_compound', 'BEA_A_compound', 'Sn_daughter', 'S2n_daughter', 'Sp_daughter', 'S2p_daughter', 'Radius_daughter', 'ME_daughter', 'BEA_daughter', 'BEA_A_daughter', 'Pairing_compound', 'Shell_compound', 'Spin_compound', 'Deform_compound', 'Decay_compound', 'Pairing_daughter', 'Shell_daughter', 'Spin_daughter', 'Deform_daughter', 'Decay_daughter', 'ERG']","{'n_estimators': 950, 'max_depth': 7, 'learning_rate': 0.15225654389482135, 'subsample': 0.8141476914816346, 'colsample_bytree': 0.7053679771138108, 'reg_lambda': 9.189007524126804, 'reg_alpha': 0.006025415786548301}"
55,0.000387688116623441,"['Z', 'A', 'N', 'ME', 'BEA', 'BEA_A', 'AM', 'Sn', 'S2n', 'Sp', 'S2p', 'Radius', 'Pairing', 'Shell', 'Spin', 'Deform', 'Decay_Const', 'Z_even', 'beta_deformation', 'gamma_deformation', 'octopole_deformation', 'rms_radius', 'n_rms_radius', 'p_rms_radius', 'n_gap_erg', 'p_gap_erg', 'n_chem_erg', 'p_chem_erg', 'Sn_compound', 'S2n_compound', 'Sp_compound', 'S2p_compound', 'Radius_compound', 'ME_compound', 'BEA_compound', 'BEA_A_compound', 'Sn_daughter', 'S2n_daughter', 'Sp_daughter', 'S2p_daughter', 'Radius_daughter', 'ME_daughter', 'BEA_daughter', 'BEA_A_daughter', 'Pairing_compound', 'Shell_compound', 'Spin_compound', 'Deform_compound', 'Decay_compound', 'Pairing_daughter', 'Shell_daughter', 'Spin_daughter', 'Deform_daughter', 'Decay_daughter', 'ERG']","{'n_estimators': 950, 'max_depth': 12, 'learning_rate': 0.023387395380801576, 'subsample': 0.51735171792841, 'colsample_bytree': 0.9288234523314991, 'reg_lambda': 0.0014623166653720773, 'reg_alpha': 0.011838563687274007}"
54,0.0003723213074936025,"['Z', 'A', 'N', 'ME', 'BEA', 'BEA_A', 'AM', 'Sn', 'S2n', 'Sp', 'S2p', 'Radius', 'Shell', 'Spin', 'Deform', 'Decay_Const', 'Z_even', 'beta_deformation', 'gamma_deformation', 'octopole_deformation', 'rms_radius', 'n_rms_radius', 'p_rms_radius', 'n_gap_erg', 'p_gap_erg', 'n_chem_erg', 'p_chem_erg', 'Sn_compound', 'S2n_compound', 'Sp_compound', 'S2p_compound', 'Radius_compound', 'ME_compound', 'BEA_compound', 'BEA_A_compound', 'Sn_daughter', 'S2n_daughter', 'Sp_daughter', 'S2p_daughter', 'Radius_daughter', 'ME_daughter', 'BEA_daughter', 'BEA_A_daughter', 'Pairing_compound', 'Shell_compound', 'Spin_compound', 'Deform_compound', 'Decay_compound', 'Pairing_daughter', 'Shell_daughter', 'Spin_daughter', 'Deform_daughter', 'Decay_daughter', 'ERG']","{'n_estimators': 950, 'max_depth': 12, 'learning_rate': 0.023387395380801576, 'subsample': 0.51735171792841, 'colsample_bytree': 0.9288234523314991, 'reg_lambda': 0.0014623166653720773, 'reg_alpha': 0.011838563687274007}"
53,0.0003935220542922491,"['Z', 'A', 'N', 'ME', 'BEA', 'BEA_A', 'AM', 'Sn', 'S2n', 'Sp', 'S2p', 'Radius', 'Shell', 'Spin', 'Deform', 'Decay_Const', 'Z_even', 'beta_deformation', 'gamma_deformation', 'octopole_deformation', 'rms_radius', 'n_rms_radius', 'p_rms_radius', 'n_gap_erg', 'p_gap_erg', 'n_chem_erg', 'p_chem_erg', 'Sn_compound', 'S2n_compound', 'Sp_compound', 'S2p_compound', 'Radius_compound', 'ME_compound', 'BEA_compound', 'BEA_A_compound', 'Sn_daughter', 'S2n_daughter', 'Sp_daughter', 'S2p_daughter', 'Radius_daughter', 'ME_daughter', 'BEA_daughter', 'BEA_A_daughter', 'Shell_compound', 'Spin_compound', 'Deform_compound', 'Decay_compound', 'Pairing_daughter', 'Shell_daughter', 'Spin_daughter', 'Deform_daughter', 'Decay_daughter', 'ERG']","{'n_estimators': 950, 'max_depth': 12, 'learning_rate': 0.023387395380801576, 'subsample': 0.51735171792841, 'colsample_bytree': 0.9288234523314991, 'reg_lambda': 0.0014623166653720773, 'reg_alpha': 0.011838563687274007}"
52,0.0003918139819765202,"['Z', 'A', 'N', 'ME', 'BEA', 'BEA_A', 'AM', 'Sn', 'S2n', 'Sp', 'S2p', 'Radius', 'Shell', 'Spin', 'Deform', 'Decay_Const', 'Z_even', 'beta_deformation', 'gamma_deformation', 'octopole_deformation', 'rms_radius', 'n_rms_radius', 'p_rms_radius', 'n_gap_erg', 'p_gap_erg', 'n_chem_erg', 'p_chem_erg', 'Sn_compound', 'S2n_compound', 'Sp_compound', 'S2p_compound', 'Radius_compound', 'ME_compound', 'BEA_compound', 'BEA_A_compound', 'Sn_daughter', 'S2n_daughter', 'Sp_daughter', 'S2p_daughter', 'Radius_daughter', 'ME_daughter', 'BEA_daughter', 'BEA_A_daughter', 'Shell_compound', 'Spin_compound', 'Deform_compound', 'Decay_compound', 'Pairing_daughter', 'Shell_daughter', 'Spin_daughter', 'Decay_daughter', 'ERG']","{'n_estimators': 950, 'max_depth': 12, 'learning_rate': 0.023387395380801576, 'subsample': 0.51735171792841, 'colsample_bytree': 0.9288234523314991, 'reg_lambda': 0.0014623166653720773, 'reg_alpha': 0.011838563687274007}"
51,0.0003683015891753368,"['Z', 'A', 'N', 'ME', 'BEA', 'BEA_A', 'AM', 'Sn', 'S2n', 'Sp', 'S2p', 'Radius', 'Shell', 'Spin', 'Deform', 'Decay_Const', 'beta_deformation', 'gamma_deformation', 'octopole_deformation', 'rms_radius', 'n_rms_radius', 'p_rms_radius', 'n_gap_erg', 'p_gap_erg', 'n_chem_erg', 'p_chem_erg', 'Sn_compound', 'S2n_compound', 'Sp_compound', 'S2p_compound', 'Radius_compound', 'ME_compound', 'BEA_compound', 'BEA_A_compound', 'Sn_daughter', 'S2n_daughter', 'Sp_daughter', 'S2p_daughter', 'Radius_daughter', 'ME_daughter', 'BEA_daughter', 'BEA_A_daughter', 'Shell_compound', 'Spin_compound', 'Deform_compound', 'Decay_compound', 'Pairing_daughter', 'Shell_daughter', 'Spin_daughter', 'Decay_daughter', 'ERG']","{'n_estimators': 950, 'max_depth': 6, 'learning_rate': 0.03480524515817951, 'subsample': 0.8307841467512862, 'colsample_bytree': 0.9902984875189812, 'reg_lambda': 0.0010155840048922701, 'reg_alpha': 0.004129436011605102}"
50,0.00039501806832826955,"['Z', 'A', 'N', 'ME', 'BEA', 'BEA_A', 'AM', 'Sn', 'S2n', 'Sp', 'S2p', 'Radius', 'Shell', 'Spin', 'Deform', 'Decay_Const', 'beta_deformation', 'gamma_deformation', 'octopole_deformation', 'rms_radius', 'n_rms_radius', 'p_rms_radius', 'n_gap_erg', 'p_gap_erg', 'n_chem_erg', 'p_chem_erg', 'Sn_compound', 'S2n_compound', 'S2p_compound', 'Radius_compound', 'ME_compound', 'BEA_compound', 'BEA_A_compound', 'Sn_daughter', 'S2n_daughter', 'Sp_daughter', 'S2p_daughter', 'Radius_daughter', 'ME_daughter', 'BEA_daughter', 'BEA_A_daughter', 'Shell_compound', 'Spin_compound', 'Deform_compound', 'Decay_compound', 'Pairing_daughter', 'Shell_daughter', 'Spin_daughter', 'Decay_daughter', 'ERG']","{'n_estimators': 950, 'max_depth': 12, 'learning_rate': 0.023387395380801576, 'subsample': 0.51735171792841, 'colsample_bytree': 0.9288234523314991, 'reg_lambda': 0.0014623166653720773, 'reg_alpha': 0.011838563687274007}"
49,0.0004012264196454017,"['Z', 'A', 'N', 'ME', 'BEA', 'BEA_A', 'AM', 'Sn', 'S2n', 'Sp', 'S2p', 'Radius', 'Shell', 'Spin', 'Deform', 'Decay_Const', 'beta_deformation', 'gamma_deformation', 'octopole_deformation', 'rms_radius', 'n_rms_radius', 'p_rms_radius', 'n_gap_erg', 'p_gap_erg', 'n_chem_erg', 'p_chem_erg', 'Sn_compound', 'S2n_compound', 'S2p_compound', 'Radius_compound', 'ME_compound', 'BEA_compound', 'BEA_A_compound', 'Sn_daughter', 'S2n_daughter', 'Sp_daughter', 'S2p_daughter', 'Radius_daughter', 'ME_daughter', 'BEA_daughter', 'BEA_A_daughter', 'Shell_compound', 'Spin_compound', 'Decay_compound', 'Pairing_daughter', 'Shell_daughter', 'Spin_daughter', 'Decay_daughter', 'ERG']","{'n_estimators': 950, 'max_depth': 12, 'learning_rate': 0.023387395380801576, 'subsample': 0.51735171792841, 'colsample_bytree': 0.9288234523314991, 'reg_lambda': 0.0014623166653720773, 'reg_alpha': 0.011838563687274007}"
48,0.00041709630533335186,"['Z', 'A', 'N', 'ME', 'BEA', 'BEA_A', 'AM', 'Sn', 'S2n', 'Sp', 'S2p', 'Radius', 'Shell', 'Spin', 'Deform', 'Decay_Const', 'gamma_deformation', 'octopole_deformation', 'rms_radius', 'n_rms_radius', 'p_rms_radius', 'n_gap_erg', 'p_gap_erg', 'n_chem_erg', 'p_chem_erg', 'Sn_compound', 'S2n_compound', 'S2p_compound', 'Radius_compound', 'ME_compound', 'BEA_compound', 'BEA_A_compound', 'Sn_daughter', 'S2n_daughter', 'Sp_daughter', 'S2p_daughter', 'Radius_daughter', 'ME_daughter', 'BEA_daughter', 'BEA_A_daughter', 'Shell_compound', 'Spin_compound', 'Decay_compound', 'Pairing_daughter', 'Shell_daughter', 'Spin_daughter', 'Decay_daughter', 'ERG']","{'n_estimators': 950, 'max_depth': 7, 'learning_rate': 0.15225654389482135, 'subsample': 0.8141476914816346, 'colsample_bytree': 0.7053679771138108, 'reg_lambda': 9.189007524126804, 'reg_alpha': 0.006025415786548301}"
47,0.00041777736443147283,"['Z', 'A', 'N', 'ME', 'BEA', 'BEA_A', 'AM', 'Sn', 'S2n', 'Sp', 'S2p', 'Radius', 'Shell', 'Spin', 'Deform', 'Decay_Const', 'gamma_deformation', 'octopole_deformation', 'rms_radius', 'n_rms_radius', 'p_rms_radius', 'n_gap_erg', 'p_gap_erg', 'n_chem_erg', 'p_chem_erg', 'Sn_compound', 'S2n_compound', 'S2p_compound', 'Radius_compound', 'ME_compound', 'BEA_compound', 'BEA_A_compound', 'Sn_daughter', 'S2n_daughter', 'Sp_daughter', 'S2p_daughter', 'Radius_daughter', 'ME_daughter', 'BEA_A_daughter', 'Shell_compound', 'Spin_compound', 'Decay_compound', 'Pairing_daughter', 'Shell_daughter', 'Spin_daughter', 'Decay_daughter', 'ERG']","{'n_estimators': 950, 'max_depth': 12, 'learning_rate': 0.023387395380801576, 'subsample': 0.51735171792841, 'colsample_bytree': 0.9288234523314991, 'reg_lambda': 0.0014623166653720773, 'reg_alpha': 0.011838563687274007}"
46,0.00040113240946366285,"['Z', 'A', 'N', 'ME', 'BEA', 'BEA_A', 'AM', 'Sn', 'S2n', 'Sp', 'S2p', 'Radius', 'Shell', 'Spin', 'Deform', 'Decay_Const', 'gamma_deformation', 'octopole_deformation', 'rms_radius', 'n_rms_radius', 'p_rms_radius', 'n_gap_erg', 'p_gap_erg', 'n_chem_erg', 'p_chem_erg', 'Sn_compound', 'S2n_compound', 'S2p_compound', 'Radius_compound', 'BEA_compound', 'BEA_A_compound', 'Sn_daughter', 'S2n_daughter', 'Sp_daughter', 'S2p_daughter', 'Radius_daughter', 'ME_daughter', 'BEA_A_daughter', 'Shell_compound', 'Spin_compound', 'Decay_compound', 'Pairing_daughter', 'Shell_daughter', 'Spin_daughter', 'Decay_daughter', 'ERG']","{'n_estimators': 950, 'max_depth': 7, 'learning_rate': 0.15225654389482135, 'subsample': 0.8141476914816346, 'colsample_bytree': 0.7053679771138108, 'reg_lambda': 9.189007524126804, 'reg_alpha': 0.006025415786548301}"
45,0.00039679572410539524,"['Z', 'A', 'N', 'ME', 'BEA', 'BEA_A', 'AM', 'Sn', 'S2n', 'Sp', 'S2p', 'Radius', 'Shell', 'Spin', 'Deform', 'Decay_Const', 'gamma_deformation', 'octopole_deformation', 'rms_radius', 'n_rms_radius', 'p_rms_radius', 'n_gap_erg', 'p_gap_erg', 'n_chem_erg', 'p_chem_erg', 'Sn_compound', 'S2n_compound', 'S2p_compound', 'Radius_compound', 'BEA_compound', 'BEA_A_compound', 'Sn_daughter', 'S2n_daughter', 'Sp_daughter', 'S2p_daughter', 'Radius_daughter', 'ME_daughter', 'BEA_A_daughter', 'Spin_compound', 'Decay_compound', 'Pairing_daughter', 'Shell_daughter', 'Spin_daughter', 'Decay_daughter', 'ERG']","{'n_estimators': 950, 'max_depth': 12, 'learning_rate': 0.023387395380801576, 'subsample': 0.51735171792841, 'colsample_bytree': 0.9288234523314991, 'reg_lambda': 0.0014623166653720773, 'reg_alpha': 0.011838563687274007}"
44,0.00040814769666354286,"['Z', 'A', 'N', 'ME', 'BEA', 'BEA_A', 'AM', 'Sn', 'S2n', 'Sp', 'S2p', 'Radius', 'Shell', 'Spin', 'Deform', 'Decay_Const', 'gamma_deformation', 'octopole_deformation', 'rms_radius', 'n_rms_radius', 'p_rms_radius', 'n_gap_erg', 'p_gap_erg', 'n_chem_erg', 'p_chem_erg', 'Sn_compound', 'S2p_compound', 'Radius_compound', 'BEA_compound', 'BEA_A_compound', 'Sn_daughter', 'S2n_daughter', 'Sp_daughter', 'S2p_daughter', 'Radius_daughter', 'ME_daughter', 'BEA_A_daughter', 'Spin_compound', 'Decay_compound', 'Pairing_daughter', 'Shell_daughter', 'Spin_daughter', 'Decay_daughter', 'ERG']","{'n_estimators': 950, 'max_depth': 7, 'learning_rate': 0.15225654389482135, 'subsample': 0.8141476914816346, 'colsample_bytree': 0.7053679771138108, 'reg_lambda': 9.189007524126804, 'reg_alpha': 0.006025415786548301}"
43,0.0004003971374733784,"['Z', 'A', 'N', 'ME', 'BEA', 'BEA_A', 'AM', 'Sn', 'S2n', 'Sp', 'S2p', 'Radius', 'Spin', 'Deform', 'Decay_Const', 'gamma_deformation', 'octopole_deformation', 'rms_radius', 'n_rms_radius', 'p_rms_radius', 'n_gap_erg', 'p_gap_erg', 'n_chem_erg', 'p_chem_erg', 'Sn_compound', 'S2p_compound', 'Radius_compound', 'BEA_compound', 'BEA_A_compound', 'Sn_daughter', 'S2n_daughter', 'Sp_daughter', 'S2p_daughter', 'Radius_daughter', 'ME_daughter', 'BEA_A_daughter', 'Spin_compound', 'Decay_compound', 'Pairing_daughter', 'Shell_daughter', 'Spin_daughter', 'Decay_daughter', 'ERG']","{'n_estimators': 950, 'max_depth': 12, 'learning_rate': 0.023387395380801576, 'subsample': 0.51735171792841, 'colsample_bytree': 0.9288234523314991, 'reg_lambda': 0.0014623166653720773, 'reg_alpha': 0.011838563687274007}"
42,0.00038597553761572157,"['Z', 'A', 'N', 'ME', 'BEA', 'BEA_A', 'AM', 'Sn', 'S2n', 'Sp', 'S2p', 'Radius', 'Spin', 'Deform', 'Decay_Const', 'octopole_deformation', 'rms_radius', 'n_rms_radius', 'p_rms_radius', 'n_gap_erg', 'p_gap_erg', 'n_chem_erg', 'p_chem_erg', 'Sn_compound', 'S2p_compound', 'Radius_compound', 'BEA_compound', 'BEA_A_compound', 'Sn_daughter', 'S2n_daughter', 'Sp_daughter', 'S2p_daughter', 'Radius_daughter', 'ME_daughter', 'BEA_A_daughter', 'Spin_compound', 'Decay_compound', 'Pairing_daughter', 'Shell_daughter', 'Spin_daughter', 'Decay_daughter', 'ERG']","{'n_estimators': 950, 'max_depth': 12, 'learning_rate': 0.023387395380801576, 'subsample': 0.51735171792841, 'colsample_bytree': 0.9288234523314991, 'reg_lambda': 0.0014623166653720773, 'reg_alpha': 0.011838563687274007}"
41,0.0003934741892204041,"['Z', 'A', 'N', 'ME', 'BEA', 'BEA_A', 'AM', 'Sn', 'S2n', 'Sp', 'S2p', 'Radius', 'Spin', 'Deform', 'Decay_Const', 'octopole_deformation', 'rms_radius', 'n_rms_radius', 'p_rms_radius', 'n_gap_erg', 'p_gap_erg', 'n_chem_erg', 'p_chem_erg', 'Sn_compound', 'S2p_compound', 'Radius_compound', 'BEA_compound', 'BEA_A_compound', 'Sn_daughter', 'S2n_daughter', 'Sp_daughter', 'S2p_daughter', 'Radius_daughter', 'ME_daughter', 'BEA_A_daughter', 'Spin_compound', 'Decay_compound', 'Shell_daughter', 'Spin_daughter', 'Decay_daughter', 'ERG']","{'n_estimators': 950, 'max_depth': 7, 'learning_rate': 0.15225654389482135, 'subsample': 0.8141476914816346, 'colsample_bytree': 0.7053679771138108, 'reg_lambda': 9.189007524126804, 'reg_alpha': 0.006025415786548301}"
40,0.0003767557244522344,"['Z', 'A', 'N', 'ME', 'BEA', 'BEA_A', 'AM', 'Sn', 'S2n', 'Sp', 'S2p', 'Radius', 'Spin', 'Deform', 'Decay_Const', 'octopole_deformation', 'rms_radius', 'n_rms_radius', 'p_rms_radius', 'n_gap_erg', 'p_gap_erg', 'n_chem_erg', 'p_chem_erg', 'Sn_compound', 'S2p_compound', 'Radius_compound', 'BEA_compound', 'BEA_A_compound', 'Sn_daughter', 'S2n_daughter', 'Sp_daughter', 'S2p_daughter', 'Radius_daughter', 'ME_daughter', 'BEA_A_daughter', 'Spin_compound', 'Decay_compound', 'Spin_daughter', 'Decay_daughter', 'ERG']","{'n_estimators': 950, 'max_depth': 12, 'learning_rate': 0.023387395380801576, 'subsample': 0.51735171792841, 'colsample_bytree': 0.9288234523314991, 'reg_lambda': 0.0014623166653720773, 'reg_alpha': 0.011838563687274007}"
39,0.0004122039722318503,"['Z', 'A', 'N', 'ME', 'BEA', 'BEA_A', 'AM', 'Sn', 'S2n', 'Sp', 'S2p', 'Radius', 'Spin', 'Deform', 'Decay_Const', 'octopole_deformation', 'rms_radius', 'n_rms_radius', 'p_rms_radius', 'n_gap_erg', 'p_gap_erg', 'n_chem_erg', 'p_chem_erg', 'Sn_compound', 'S2p_compound', 'Radius_compound', 'BEA_compound', 'BEA_A_compound', 'Sn_daughter', 'Sp_daughter', 'S2p_daughter', 'Radius_daughter', 'ME_daughter', 'BEA_A_daughter', 'Spin_compound', 'Decay_compound', 'Spin_daughter', 'Decay_daughter', 'ERG']","{'n_estimators': 950, 'max_depth': 12, 'learning_rate': 0.023387395380801576, 'subsample': 0.51735171792841, 'colsample_bytree': 0.9288234523314991, 'reg_lambda': 0.0014623166653720773, 'reg_alpha': 0.011838563687274007}"
38,0.0003917582761237367,"['Z', 'A', 'N', 'ME', 'BEA', 'BEA_A', 'AM', 'Sn', 'S2n', 'Sp', 'S2p', 'Radius', 'Spin', 'Deform', 'Decay_Const', 'octopole_deformation', 'rms_radius', 'n_rms_radius', 'p_rms_radius', 'n_gap_erg', 'n_chem_erg', 'p_chem_erg', 'Sn_compound', 'S2p_compound', 'Radius_compound', 'BEA_compound', 'BEA_A_compound', 'Sn_daughter', 'Sp_daughter', 'S2p_daughter', 'Radius_daughter', 'ME_daughter', 'BEA_A_daughter', 'Spin_compound', 'Decay_compound', 'Spin_daughter', 'Decay_daughter', 'ERG']","{'n_estimators': 950, 'max_depth': 12, 'learning_rate': 0.023387395380801576, 'subsample': 0.51735171792841, 'colsample_bytree': 0.9288234523314991, 'reg_lambda': 0.0014623166653720773, 'reg_alpha': 0.011838563687274007}"
37,0.0003711937569365005,"['Z', 'A', 'N', 'ME', 'BEA', 'BEA_A', 'Sn', 'S2n', 'Sp', 'S2p', 'Radius', 'Spin', 'Deform', 'Decay_Const', 'octopole_deformation', 'rms_radius', 'n_rms_radius', 'p_rms_radius', 'n_gap_erg', 'n_chem_erg', 'p_chem_erg', 'Sn_compound', 'S2p_compound', 'Radius_compound', 'BEA_compound', 'BEA_A_compound', 'Sn_daughter', 'Sp_daughter', 'S2p_daughter', 'Radius_daughter', 'ME_daughter', 'BEA_A_daughter', 'Spin_compound', 'Decay_compound', 'Spin_daughter', 'Decay_daughter', 'ERG']","{'n_estimators': 950, 'max_depth': 7, 'learning_rate': 0.15225654389482135, 'subsample': 0.8141476914816346, 'colsample_bytree': 0.7053679771138108, 'reg_lambda': 9.189007524126804, 'reg_alpha': 0.006025415786548301}"
36,0.0004092537721769963,"['Z', 'A', 'N', 'ME', 'BEA', 'BEA_A', 'Sn', 'S2n', 'Sp', 'S2p', 'Radius', 'Spin', 'Deform', 'Decay_Const', 'octopole_deformation', 'rms_radius', 'n_rms_radius', 'p_rms_radius', 'n_gap_erg', 'n_chem_erg', 'p_chem_erg', 'Sn_compound', 'Radius_compound', 'BEA_compound', 'BEA_A_compound', 'Sn_daughter', 'Sp_daughter', 'S2p_daughter', 'Radius_daughter', 'ME_daughter', 'BEA_A_daughter', 'Spin_compound', 'Decay_compound', 'Spin_daughter', 'Decay_daughter', 'ERG']","{'n_estimators': 950, 'max_depth': 12, 'learning_rate': 0.023387395380801576, 'subsample': 0.51735171792841, 'colsample_bytree': 0.9288234523314991, 'reg_lambda': 0.0014623166653720773, 'reg_alpha': 0.011838563687274007}"
35,0.00040875757047935016,"['Z', 'A', 'N', 'ME', 'BEA', 'BEA_A', 'Sn', 'S2n', 'Sp', 'S2p', 'Radius', 'Spin', 'Deform', 'Decay_Const', 'octopole_deformation', 'n_rms_radius', 'p_rms_radius', 'n_gap_erg', 'n_chem_erg', 'p_chem_erg', 'Sn_compound', 'Radius_compound', 'BEA_compound', 'BEA_A_compound', 'Sn_daughter', 'Sp_daughter', 'S2p_daughter', 'Radius_daughter', 'ME_daughter', 'BEA_A_daughter', 'Spin_compound', 'Decay_compound', 'Spin_daughter', 'Decay_daughter', 'ERG']","{'n_estimators': 950, 'max_depth': 12, 'learning_rate': 0.023387395380801576, 'subsample': 0.51735171792841, 'colsample_bytree': 0.9288234523314991, 'reg_lambda': 0.0014623166653720773, 'reg_alpha': 0.011838563687274007}"
34,0.0003946825954194752,"['Z', 'A', 'N', 'ME', 'BEA', 'BEA_A', 'Sn', 'S2n', 'Sp', 'S2p', 'Spin', 'Deform', 'Decay_Const', 'octopole_deformation', 'n_rms_radius', 'p_rms_radius', 'n_gap_erg', 'n_chem_erg', 'p_chem_erg', 'Sn_compound', 'Radius_compound', 'BEA_compound', 'BEA_A_compound', 'Sn_daughter', 'Sp_daughter', 'S2p_daughter', 'Radius_daughter', 'ME_daughter', 'BEA_A_daughter', 'Spin_compound', 'Decay_compound', 'Spin_daughter', 'Decay_daughter', 'ERG']","{'n_estimators': 950, 'max_depth': 12, 'learning_rate': 0.023387395380801576, 'subsample': 0.51735171792841, 'colsample_bytree': 0.9288234523314991, 'reg_lambda': 0.0014623166653720773, 'reg_alpha': 0.011838563687274007}"
33,0.00038948215087962235,"['Z', 'A', 'N', 'ME', 'BEA', 'BEA_A', 'Sn', 'S2n', 'Sp', 'S2p', 'Spin', 'Deform', 'Decay_Const', 'octopole_deformation', 'n_rms_radius', 'p_rms_radius', 'n_gap_erg', 'n_chem_erg', 'p_chem_erg', 'Sn_compound', 'Radius_compound', 'BEA_compound', 'BEA_A_compound', 'Sn_daughter', 'Sp_daughter', 'S2p_daughter', 'Radius_daughter', 'ME_daughter', 'BEA_A_daughter', 'Decay_compound', 'Spin_daughter', 'Decay_daughter', 'ERG']","{'n_estimators': 950, 'max_depth': 12, 'learning_rate': 0.023387395380801576, 'subsample': 0.51735171792841, 'colsample_bytree': 0.9288234523314991, 'reg_lambda': 0.0014623166653720773, 'reg_alpha': 0.011838563687274007}"
32,0.0003711253915412513,"['Z', 'A', 'N', 'ME', 'BEA', 'Sn', 'S2n', 'Sp', 'S2p', 'Spin', 'Deform', 'Decay_Const', 'octopole_deformation', 'n_rms_radius', 'p_rms_radius', 'n_gap_erg', 'n_chem_erg', 'p_chem_erg', 'Sn_compound', 'Radius_compound', 'BEA_compound', 'BEA_A_compound', 'Sn_daughter', 'Sp_daughter', 'S2p_daughter', 'Radius_daughter', 'ME_daughter', 'BEA_A_daughter', 'Decay_compound', 'Spin_daughter', 'Decay_daughter', 'ERG']","{'n_estimators': 950, 'max_depth': 7, 'learning_rate': 0.15225654389482135, 'subsample': 0.8141476914816346, 'colsample_bytree': 0.7053679771138108, 'reg_lambda': 9.189007524126804, 'reg_alpha': 0.006025415786548301}"
31,0.0004249043700533132,"['Z', 'A', 'N', 'ME', 'BEA', 'Sn', 'S2n', 'Sp', 'S2p', 'Spin', 'Decay_Const', 'octopole_deformation', 'n_rms_radius', 'p_rms_radius', 'n_gap_erg', 'n_chem_erg', 'p_chem_erg', 'Sn_compound', 'Radius_compound', 'BEA_compound', 'BEA_A_compound', 'Sn_daughter', 'Sp_daughter', 'S2p_daughter', 'Radius_daughter', 'ME_daughter', 'BEA_A_daughter', 'Decay_compound', 'Spin_daughter', 'Decay_daughter', 'ERG']","{'n_estimators': 950, 'max_depth': 7, 'learning_rate': 0.15225654389482135, 'subsample': 0.8141476914816346, 'colsample_bytree': 0.7053679771138108, 'reg_lambda': 9.189007524126804, 'reg_alpha': 0.006025415786548301}"
30,0.00040477650793321077,"['Z', 'A', 'N', 'ME', 'BEA', 'Sn', 'S2n', 'Sp', 'S2p', 'Spin', 'Decay_Const', 'octopole_deformation', 'n_rms_radius', 'p_rms_radius', 'n_gap_erg', 'n_chem_erg', 'p_chem_erg', 'Sn_compound', 'Radius_compound', 'BEA_A_compound', 'Sn_daughter', 'Sp_daughter', 'S2p_daughter', 'Radius_daughter', 'ME_daughter', 'BEA_A_daughter', 'Decay_compound', 'Spin_daughter', 'Decay_daughter', 'ERG']","{'n_estimators': 950, 'max_depth': 7, 'learning_rate': 0.15225654389482135, 'subsample': 0.8141476914816346, 'colsample_bytree': 0.7053679771138108, 'reg_lambda': 9.189007524126804, 'reg_alpha': 0.006025415786548301}"
29,0.0004075167995605273,"['Z', 'A', 'N', 'ME', 'BEA', 'Sn', 'S2n', 'Sp', 'S2p', 'Spin', 'Decay_Const', 'octopole_deformation', 'n_rms_radius', 'p_rms_radius', 'n_gap_erg', 'n_chem_erg', 'p_chem_erg', 'Sn_compound', 'Radius_compound', 'BEA_A_compound', 'Sn_daughter', 'S2p_daughter', 'Radius_daughter', 'ME_daughter', 'BEA_A_daughter', 'Decay_compound', 'Spin_daughter', 'Decay_daughter', 'ERG']","{'n_estimators': 950, 'max_depth': 12, 'learning_rate': 0.023387395380801576, 'subsample': 0.51735171792841, 'colsample_bytree': 0.9288234523314991, 'reg_lambda': 0.0014623166653720773, 'reg_alpha': 0.011838563687274007}"
28,0.0003775594430044854,"['Z', 'A', 'N', 'ME', 'BEA', 'Sn', 'S2n', 'Sp', 'S2p', 'Spin', 'Decay_Const', 'octopole_deformation', 'n_rms_radius', 'p_rms_radius', 'n_gap_erg', 'n_chem_erg', 'p_chem_erg', 'Sn_compound', 'Radius_compound', 'BEA_A_compound', 'Sn_daughter', 'S2p_daughter', 'Radius_daughter', 'ME_daughter', 'Decay_compound', 'Spin_daughter', 'Decay_daughter', 'ERG']","{'n_estimators': 950, 'max_depth': 7, 'learning_rate': 0.15225654389482135, 'subsample': 0.8141476914816346, 'colsample_bytree': 0.7053679771138108, 'reg_lambda': 9.189007524126804, 'reg_alpha': 0.006025415786548301}"
27,0.00036514181209776407,"['Z', 'A', 'N', 'ME', 'BEA', 'Sn', 'S2n', 'Sp', 'S2p', 'Spin', 'Decay_Const', 'octopole_deformation', 'n_rms_radius', 'p_rms_radius', 'n_gap_erg', 'n_chem_erg', 'p_chem_erg', 'Sn_compound', 'Radius_compound', 'BEA_A_compound', 'Sn_daughter', 'S2p_daughter', 'Radius_daughter', 'ME_daughter', 'Spin_daughter', 'Decay_daughter', 'ERG']","{'n_estimators': 950, 'max_depth': 7, 'learning_rate': 0.15225654389482135, 'subsample': 0.8141476914816346, 'colsample_bytree': 0.7053679771138108, 'reg_lambda': 9.189007524126804, 'reg_alpha': 0.006025415786548301}"
26,0.0004092138298638648,"['Z', 'A', 'N', 'ME', 'BEA', 'Sn', 'S2n', 'Sp', 'S2p', 'Spin', 'Decay_Const', 'octopole_deformation', 'n_rms_radius', 'p_rms_radius', 'n_gap_erg', 'n_chem_erg', 'p_chem_erg', 'Sn_compound', 'Radius_compound', 'BEA_A_compound', 'Sn_daughter', 'Radius_daughter', 'ME_daughter', 'Spin_daughter', 'Decay_daughter', 'ERG']","{'n_estimators': 950, 'max_depth': 7, 'learning_rate': 0.15225654389482135, 'subsample': 0.8141476914816346, 'colsample_bytree': 0.7053679771138108, 'reg_lambda': 9.189007524126804, 'reg_alpha': 0.006025415786548301}"
25,0.00036208378579832286,"['Z', 'A', 'N', 'ME', 'BEA', 'Sn', 'S2n', 'Sp', 'S2p', 'Spin', 'Decay_Const', 'octopole_deformation', 'n_rms_radius', 'p_rms_radius', 'n_gap_erg', 'n_chem_erg', 'p_chem_erg', 'Sn_compound', 'Radius_compound', 'BEA_A_compound', 'Sn_daughter', 'Radius_daughter', 'ME_daughter', 'Decay_daughter', 'ERG']","{'n_estimators': 950, 'max_depth': 7, 'learning_rate': 0.15225654389482135, 'subsample': 0.8141476914816346, 'colsample_bytree': 0.7053679771138108, 'reg_lambda': 9.189007524126804, 'reg_alpha': 0.006025415786548301}"
24,0.0003974782180637735,"['Z', 'A', 'N', 'ME', 'BEA', 'Sn', 'S2n', 'Sp', 'S2p', 'Spin', 'Decay_Const', 'octopole_deformation', 'n_rms_radius', 'p_rms_radius', 'n_chem_erg', 'p_chem_erg', 'Sn_compound', 'Radius_compound', 'BEA_A_compound', 'Sn_daughter', 'Radius_daughter', 'ME_daughter', 'Decay_daughter', 'ERG']","{'n_estimators': 950, 'max_depth': 7, 'learning_rate': 0.15225654389482135, 'subsample': 0.8141476914816346, 'colsample_bytree': 0.7053679771138108, 'reg_lambda': 9.189007524126804, 'reg_alpha': 0.006025415786548301}"
23,0.00038592112902744737,"['Z', 'A', 'N', 'ME', 'BEA', 'Sn', 'S2n', 'S2p', 'Spin', 'Decay_Const', 'octopole_deformation', 'n_rms_radius', 'p_rms_radius', 'n_chem_erg', 'p_chem_erg', 'Sn_compound', 'Radius_compound', 'BEA_A_compound', 'Sn_daughter', 'Radius_daughter', 'ME_daughter', 'Decay_daughter', 'ERG']","{'n_estimators': 950, 'max_depth': 7, 'learning_rate': 0.15225654389482135, 'subsample': 0.8141476914816346, 'colsample_bytree': 0.7053679771138108, 'reg_lambda': 9.189007524126804, 'reg_alpha': 0.006025415786548301}"
22,0.0003964071848293669,"['Z', 'A', 'N', 'ME', 'BEA', 'Sn', 'S2n', 'Spin', 'Decay_Const', 'octopole_deformation', 'n_rms_radius', 'p_rms_radius', 'n_chem_erg', 'p_chem_erg', 'Sn_compound', 'Radius_compound', 'BEA_A_compound', 'Sn_daughter', 'Radius_daughter', 'ME_daughter', 'Decay_daughter', 'ERG']","{'n_estimators': 950, 'max_depth': 7, 'learning_rate': 0.15225654389482135, 'subsample': 0.8141476914816346, 'colsample_bytree': 0.7053679771138108, 'reg_lambda': 9.189007524126804, 'reg_alpha': 0.006025415786548301}"
21,0.0004042837052347167,"['Z', 'A', 'N', 'ME', 'Sn', 'S2n', 'Spin', 'Decay_Const', 'octopole_deformation', 'n_rms_radius', 'p_rms_radius', 'n_chem_erg', 'p_chem_erg', 'Sn_compound', 'Radius_compound', 'BEA_A_compound', 'Sn_daughter', 'Radius_daughter', 'ME_daughter', 'Decay_daughter', 'ERG']","{'n_estimators': 950, 'max_depth': 7, 'learning_rate': 0.15225654389482135, 'subsample': 0.8141476914816346, 'colsample_bytree': 0.7053679771138108, 'reg_lambda': 9.189007524126804, 'reg_alpha': 0.006025415786548301}"
20,0.00039520664915408015,"['Z', 'A', 'N', 'ME', 'Sn', 'S2n', 'Spin', 'Decay_Const', 'octopole_deformation', 'n_rms_radius', 'n_chem_erg', 'p_chem_erg', 'Sn_compound', 'Radius_compound', 'BEA_A_compound', 'Sn_daughter', 'Radius_daughter', 'ME_daughter', 'Decay_daughter', 'ERG']","{'n_estimators': 950, 'max_depth': 7, 'learning_rate': 0.15225654389482135, 'subsample': 0.8141476914816346, 'colsample_bytree': 0.7053679771138108, 'reg_lambda': 9.189007524126804, 'reg_alpha': 0.006025415786548301}"
19,0.00037471838464844196,"['Z', 'A', 'N', 'ME', 'Sn', 'S2n', 'Spin', 'Decay_Const', 'octopole_deformation', 'n_rms_radius', 'n_chem_erg', 'p_chem_erg', 'Sn_compound', 'Radius_compound', 'BEA_A_compound', 'Sn_daughter', 'Radius_daughter', 'ME_daughter', 'ERG']","{'n_estimators': 950, 'max_depth': 7, 'learning_rate': 0.15225654389482135, 'subsample': 0.8141476914816346, 'colsample_bytree': 0.7053679771138108, 'reg_lambda': 9.189007524126804, 'reg_alpha': 0.006025415786548301}"
18,0.00038282915845468937,"['Z', 'A', 'N', 'ME', 'Sn', 'S2n', 'Spin', 'Decay_Const', 'octopole_deformation', 'n_rms_radius', 'n_chem_erg', 'Sn_compound', 'Radius_compound', 'BEA_A_compound', 'Sn_daughter', 'Radius_daughter', 'ME_daughter', 'ERG']","{'n_estimators': 950, 'max_depth': 7, 'learning_rate': 0.15225654389482135, 'subsample': 0.8141476914816346, 'colsample_bytree': 0.7053679771138108, 'reg_lambda': 9.189007524126804, 'reg_alpha': 0.006025415786548301}"
17,0.00038407895015749505,"['Z', 'A', 'N', 'ME', 'Sn', 'S2n', 'Spin', 'Decay_Const', 'octopole_deformation', 'n_rms_radius', 'n_chem_erg', 'Sn_compound', 'BEA_A_compound', 'Sn_daughter', 'Radius_daughter', 'ME_daughter', 'ERG']","{'n_estimators': 950, 'max_depth': 7, 'learning_rate': 0.15225654389482135, 'subsample': 0.8141476914816346, 'colsample_bytree': 0.7053679771138108, 'reg_lambda': 9.189007524126804, 'reg_alpha': 0.006025415786548301}"
16,0.00036665579027502323,"['Z', 'A', 'N', 'ME', 'Sn', 'S2n', 'Decay_Const', 'octopole_deformation', 'n_rms_radius', 'n_chem_erg', 'Sn_compound', 'BEA_A_compound', 'Sn_daughter', 'Radius_daughter', 'ME_daughter', 'ERG']","{'n_estimators': 950, 'max_depth': 7, 'learning_rate': 0.15225654389482135, 'subsample': 0.8141476914816346, 'colsample_bytree': 0.7053679771138108, 'reg_lambda': 9.189007524126804, 'reg_alpha': 0.006025415786548301}"
15,0.00037765769292543854,"['Z', 'A', 'N', 'ME', 'Sn', 'S2n', 'Decay_Const', 'octopole_deformation', 'n_rms_radius', 'n_chem_erg', 'BEA_A_compound', 'Sn_daughter', 'Radius_daughter', 'ME_daughter', 'ERG']","{'n_estimators': 950, 'max_depth': 7, 'learning_rate': 0.15225654389482135, 'subsample': 0.8141476914816346, 'colsample_bytree': 0.7053679771138108, 'reg_lambda': 9.189007524126804, 'reg_alpha': 0.006025415786548301}"
14,0.0003540761292110999,"['Z', 'A', 'N', 'ME', 'Sn', 'S2n', 'Decay_Const', 'octopole_deformation', 'n_rms_radius', 'n_chem_erg', 'Sn_daughter', 'Radius_daughter', 'ME_daughter', 'ERG']","{'n_estimators': 950, 'max_depth': 7, 'learning_rate': 0.15225654389482135, 'subsample': 0.8141476914816346, 'colsample_bytree': 0.7053679771138108, 'reg_lambda': 9.189007524126804, 'reg_alpha': 0.006025415786548301}"
13,0.00034904573012905853,"['Z', 'A', 'N', 'ME', 'Sn', 'S2n', 'Decay_Const', 'octopole_deformation', 'n_rms_radius', 'n_chem_erg', 'Sn_daughter', 'Radius_daughter', 'ERG']","{'n_estimators': 950, 'max_depth': 7, 'learning_rate': 0.15225654389482135, 'subsample': 0.8141476914816346, 'colsample_bytree': 0.7053679771138108, 'reg_lambda': 9.189007524126804, 'reg_alpha': 0.006025415786548301}"
12,0.0003527508059190688,"['Z', 'A', 'N', 'ME', 'Sn', 'S2n', 'Decay_Const', 'octopole_deformation', 'n_rms_radius', 'n_chem_erg', 'Radius_daughter', 'ERG']","{'n_estimators': 950, 'max_depth': 7, 'learning_rate': 0.15225654389482135, 'subsample': 0.8141476914816346, 'colsample_bytree': 0.7053679771138108, 'reg_lambda': 9.189007524126804, 'reg_alpha': 0.006025415786548301}"
11,0.000359502721309584,"['Z', 'A', 'N', 'ME', 'Sn', 'S2n', 'Decay_Const', 'octopole_deformation', 'n_rms_radius', 'n_chem_erg', 'ERG']","{'n_estimators': 800, 'max_depth': 8, 'learning_rate': 0.13776787423917378, 'subsample': 0.789687116492217, 'colsample_bytree': 0.6831433775632743, 'reg_lambda': 8.464112710934824, 'reg_alpha': 0.005219129014305573}"
10,0.00035542382340547423,"['Z', 'A', 'N', 'ME', 'Sn', 'S2n', 'octopole_deformation', 'n_rms_radius', 'n_chem_erg', 'ERG']","{'n_estimators': 950, 'max_depth': 7, 'learning_rate': 0.15225654389482135, 'subsample': 0.8141476914816346, 'colsample_bytree': 0.7053679771138108, 'reg_lambda': 9.189007524126804, 'reg_alpha': 0.006025415786548301}"
9,0.0003919823137573872,"['Z', 'A', 'N', 'ME', 'Sn', 'octopole_deformation', 'n_rms_radius', 'n_chem_erg', 'ERG']","{'n_estimators': 850, 'max_depth': 7, 'learning_rate': 0.1664358171641522, 'subsample': 0.821447298916576, 'colsample_bytree': 0.6877034815121884, 'reg_lambda': 9.828916231690933, 'reg_alpha': 0.001068961211537492}"
8,0.00036189301110347205,"['Z', 'A', 'N', 'Sn', 'octopole_deformation', 'n_rms_radius', 'n_chem_erg', 'ERG']","{'n_estimators': 800, 'max_depth': 8, 'learning_rate': 0.09781836120148207, 'subsample': 0.7597782473509099, 'colsample_bytree': 0.6559255055411485, 'reg_lambda': 5.058410971490124, 'reg_alpha': 0.0059526511527201445}"
7,0.0003742708802763297,"['Z', 'A', 'N', 'Sn', 'n_rms_radius', 'n_chem_erg', 'ERG']","{'n_estimators': 950, 'max_depth': 7, 'learning_rate': 0.15225654389482135, 'subsample': 0.8141476914816346, 'colsample_bytree': 0.7053679771138108, 'reg_lambda': 9.189007524126804, 'reg_alpha': 0.006025415786548301}"
6,0.00047416718478693624,"['A', 'N', 'Sn', 'n_rms_radius', 'n_chem_erg', 'ERG']","{'n_estimators': 900, 'max_depth': 7, 'learning_rate': 0.22263168980708117, 'subsample': 0.8495392973707541, 'colsample_bytree': 0.5776778270118749, 'reg_lambda': 9.726326397617608, 'reg_alpha': 0.0021231846602575636}"
5,0.0007109193231451233,"['A', 'N', 'Sn', 'n_rms_radius', 'ERG']","{'n_estimators': 950, 'max_depth': 12, 'learning_rate': 0.023387395380801576, 'subsample': 0.51735171792841, 'colsample_bytree': 0.9288234523314991, 'reg_lambda': 0.0014623166653720773, 'reg_alpha': 0.011838563687274007}"
4,0.0006017619752260112,"['A', 'N', 'Sn', 'ERG']","{'n_estimators': 850, 'max_depth': 6, 'learning_rate': 0.12815763183339063, 'subsample': 0.8149204072531322, 'colsample_bytree': 0.9955330649790828, 'reg_lambda': 0.03159010535181711, 'reg_alpha': 0.10073352250895379}"
