n_features,mse,kept_cols,best_params
60,0.003917090285325456,"['Z', 'A', 'N', 'ME', 'BEA', 'BEA_A', 'AM', 'Sn', 'S2n', 'Sp', 'S2p', 'Radius', 'Pairing', 'Shell', 'Spin', 'Parity', 'Deform', 'Decay_Const', 'Z_even', 'A_even', 'N_even', 'beta_deformation', 'gamma_deformation', 'octopole_deformation', 'rms_radius', 'n_rms_radius', 'p_rms_radius', 'n_gap_erg', 'p_gap_erg', 'n_chem_erg', 'p_chem_erg', 'Sn_compound', 'S2n_compound', 'Sp_compound', 'S2p_compound', 'Radius_compound', 'ME_compound', 'BEA_compound', 'BEA_A_compound', 'Sn_daughter', 'S2n_daughter', 'Sp_daughter', 'S2p_daughter', 'Radius_daughter', 'ME_daughter', 'BEA_daughter', 'BEA_A_daughter', 'Pairing_compound', 'Shell_compound', 'Spin_compound', 'Parity_compound', 'Deform_compound', 'Decay_compound', 'Pairing_daughter', 'Shell_daughter', 'Spin_daughter', 'Parity_daughter', 'Deform_daughter', 'Decay_daughter', 'ERG']","{'n_layers': 3, 'units': 192, 'activation': 'tanh', 'dropout': 0.039491639917873245, 'learning_rate': 0.0052706109968918904, 'l2': 1.7367797880327143e-06, 'batch_size': 128, 'epochs': 55}"
59,0.002124838368163841,"['Z', 'A', 'N', 'ME', 'BEA', 'BEA_A', 'AM', 'Sn', 'S2n', 'Sp', 'S2p', 'Radius', 'Pairing', 'Shell', 'Spin', 'Parity', 'Deform', 'Z_even', 'A_even', 'N_even', 'beta_deformation', 'gamma_deformation', 'octopole_deformation', 'rms_radius', 'n_rms_radius', 'p_rms_radius', 'n_gap_erg', 'p_gap_erg', 'n_chem_erg', 'p_chem_erg', 'Sn_compound', 'S2n_compound', 'Sp_compound', 'S2p_compound', 'Radius_compound', 'ME_compound', 'BEA_compound', 'BEA_A_compound', 'Sn_daughter', 'S2n_daughter', 'Sp_daughter', 'S2p_daughter', 'Radius_daughter', 'ME_daughter', 'BEA_daughter', 'BEA_A_daughter', 'Pairing_compound', 'Shell_compound', 'Spin_compound', 'Parity_compound', 'Deform_compound', 'Decay_compound', 'Pairing_daughter', 'Shell_daughter', 'Spin_daughter', 'Parity_daughter', 'Deform_daughter', 'Decay_daughter', 'ERG']","{'n_layers': 2, 'units': 480, 'activation': 'gelu', 'dropout': 0.030069885134347538, 'learning_rate': 0.0011466447900358883, 'l2': 3.867105340206512e-06, 'batch_size': 32, 'epochs': 80}"
58,0.0024939473733922453,"['Z', 'A', 'N', 'ME', 'BEA', 'BEA_A', 'AM', 'Sn', 'S2n', 'Sp', 'S2p', 'Radius', 'Pairing', 'Shell', 'Spin', 'Parity', 'Deform', 'Z_even', 'A_even', 'N_even', 'beta_deformation', 'gamma_deformation', 'octopole_deformation', 'rms_radius', 'n_rms_radius', 'p_rms_radius', 'n_gap_erg', 'p_gap_erg', 'n_chem_erg', 'p_chem_erg', 'Sn_compound', 'S2n_compound', 'Sp_compound', 'S2p_compound', 'Radius_compound', 'ME_compound', 'BEA_compound', 'BEA_A_compound', 'Sn_daughter', 'S2n_daughter', 'Sp_daughter', 'S2p_daughter', 'Radius_daughter', 'ME_daughter', 'BEA_daughter', 'BEA_A_daughter', 'Shell_compound', 'Spin_compound', 'Parity_compound', 'Deform_compound', 'Decay_compound', 'Pairing_daughter', 'Shell_daughter', 'Spin_daughter', 'Parity_daughter', 'Deform_daughter', 'Decay_daughter', 'ERG']","{'n_layers': 5, 'units': 320, 'activation': 'gelu', 'dropout': 0.00976744675974502, 'learning_rate': 0.0011555582403008258, 'l2': 3.7294238300290033e-06, 'batch_size': 128, 'epochs': 80}"
57,0.0021830197033171905,"['Z', 'A', 'N', 'ME', 'BEA', 'BEA_A', 'AM', 'Sn', 'S2n', 'Sp', 'S2p', 'Radius', 'Pairing', 'Shell', 'Spin', 'Parity', 'Deform', 'Z_even', 'A_even', 'N_even', 'beta_deformation', 'gamma_deformation', 'octopole_deformation', 'rms_radius', 'n_rms_radius', 'p_rms_radius', 'n_gap_erg', 'p_gap_erg', 'n_chem_erg', 'p_chem_erg', 'Sn_compound', 'S2n_compound', 'Sp_compound', 'Radius_compound', 'ME_compound', 'BEA_compound', 'BEA_A_compound', 'Sn_daughter', 'S2n_daughter', 'Sp_daughter', 'S2p_daughter', 'Radius_daughter', 'ME_daughter', 'BEA_daughter', 'BEA_A_daughter', 'Shell_compound', 'Spin_compound', 'Parity_compound', 'Deform_compound', 'Decay_compound', 'Pairing_daughter', 'Shell_daughter', 'Spin_daughter', 'Parity_daughter', 'Deform_daughter', 'Decay_daughter', 'ERG']","{'n_layers': 2, 'units': 512, 'activation': 'relu', 'dropout': 0.00047666596481940604, 'learning_rate': 0.0004628878511675994, 'l2': 1.2081774392986534e-06, 'batch_size': 64, 'epochs': 80}"
56,0.0016890063666619745,"['Z', 'A', 'N', 'ME', 'BEA', 'BEA_A', 'AM', 'Sn', 'S2n', 'Sp', 'S2p', 'Radius', 'Pairing', 'Shell', 'Spin', 'Parity', 'Deform', 'Z_even', 'A_even', 'N_even', 'beta_deformation', 'gamma_deformation', 'rms_radius', 'n_rms_radius', 'p_rms_radius', 'n_gap_erg', 'p_gap_erg', 'n_chem_erg', 'p_chem_erg', 'Sn_compound', 'S2n_compound', 'Sp_compound', 'Radius_compound', 'ME_compound', 'BEA_compound', 'BEA_A_compound', 'Sn_daughter', 'S2n_daughter', 'Sp_daughter', 'S2p_daughter', 'Radius_daughter', 'ME_daughter', 'BEA_daughter', 'BEA_A_daughter', 'Shell_compound', 'Spin_compound', 'Parity_compound', 'Deform_compound', 'Decay_compound', 'Pairing_daughter', 'Shell_daughter', 'Spin_daughter', 'Parity_daughter', 'Deform_daughter', 'Decay_daughter', 'ERG']","{'n_layers': 5, 'units': 320, 'activation': 'gelu', 'dropout': 0.00976744675974502, 'learning_rate': 0.0011555582403008258, 'l2': 3.7294238300290033e-06, 'batch_size': 128, 'epochs': 80}"
55,0.001931336547283486,"['Z', 'A', 'N', 'ME', 'BEA', 'BEA_A', 'AM', 'Sn', 'S2n', 'Sp', 'S2p', 'Radius', 'Pairing', 'Shell', 'Spin', 'Parity', 'Deform', 'Z_even', 'A_even', 'N_even', 'beta_deformation', 'gamma_deformation', 'rms_radius', 'n_rms_radius', 'p_rms_radius', 'n_gap_erg', 'p_gap_erg', 'n_chem_erg', 'p_chem_erg', 'Sn_compound', 'S2n_compound', 'Sp_compound', 'Radius_compound', 'ME_compound', 'BEA_compound', 'BEA_A_compound', 'Sn_daughter', 'S2n_daughter', 'Sp_daughter', 'S2p_daughter', 'Radius_daughter', 'ME_daughter', 'BEA_daughter', 'BEA_A_daughter', 'Shell_compound', 'Spin_compound', 'Parity_compound', 'Deform_compound', 'Pairing_daughter', 'Shell_daughter', 'Spin_daughter', 'Parity_daughter', 'Deform_daughter', 'Decay_daughter', 'ERG']","{'n_layers': 5, 'units': 320, 'activation': 'gelu', 'dropout': 0.00976744675974502, 'learning_rate': 0.0011555582403008258, 'l2': 3.7294238300290033e-06, 'batch_size': 128, 'epochs': 80}"
54,0.0007820850253281069,"['Z', 'A', 'N', 'ME', 'BEA', 'BEA_A', 'AM', 'Sn', 'S2n', 'Sp', 'S2p', 'Radius', 'Pairing', 'Shell', 'Spin', 'Parity', 'Deform', 'Z_even', 'A_even', 'N_even', 'beta_deformation', 'gamma_deformation', 'rms_radius', 'n_rms_radius', 'p_rms_radius', 'n_gap_erg', 'p_gap_erg', 'n_chem_erg', 'p_chem_erg', 'Sn_compound', 'S2n_compound', 'Sp_compound', 'Radius_compound', 'ME_compound', 'BEA_compound', 'BEA_A_compound', 'Sn_daughter', 'S2n_daughter', 'Sp_daughter', 'S2p_daughter', 'Radius_daughter', 'ME_daughter', 'BEA_daughter', 'BEA_A_daughter', 'Shell_compound', 'Spin_compound', 'Deform_compound', 'Pairing_daughter', 'Shell_daughter', 'Spin_daughter', 'Parity_daughter', 'Deform_daughter', 'Decay_daughter', 'ERG']","{'n_layers': 5, 'units': 320, 'activation': 'gelu', 'dropout': 0.00047666596481940604, 'learning_rate': 0.0010686921238977892, 'l2': 3.514844177686805e-06, 'batch_size': 128, 'epochs': 80}"
53,0.0016310251638508276,"['Z', 'A', 'N', 'ME', 'BEA', 'BEA_A', 'AM', 'Sn', 'S2n', 'Sp', 'S2p', 'Radius', 'Pairing', 'Shell', 'Parity', 'Deform', 'Z_even', 'A_even', 'N_even', 'beta_deformation', 'gamma_deformation', 'rms_radius', 'n_rms_radius', 'p_rms_radius', 'n_gap_erg', 'p_gap_erg', 'n_chem_erg', 'p_chem_erg', 'Sn_compound', 'S2n_compound', 'Sp_compound', 'Radius_compound', 'ME_compound', 'BEA_compound', 'BEA_A_compound', 'Sn_daughter', 'S2n_daughter', 'Sp_daughter', 'S2p_daughter', 'Radius_daughter', 'ME_daughter', 'BEA_daughter', 'BEA_A_daughter', 'Shell_compound', 'Spin_compound', 'Deform_compound', 'Pairing_daughter', 'Shell_daughter', 'Spin_daughter', 'Parity_daughter', 'Deform_daughter', 'Decay_daughter', 'ERG']","{'n_layers': 5, 'units': 352, 'activation': 'gelu', 'dropout': 0.05279914615221076, 'learning_rate': 0.0011137061683932196, 'l2': 5.6465572065754634e-06, 'batch_size': 128, 'epochs': 55}"
52,0.004714734659223781,"['Z', 'A', 'N', 'ME', 'BEA', 'BEA_A', 'AM', 'Sn', 'S2n', 'Sp', 'S2p', 'Radius', 'Pairing', 'Shell', 'Parity', 'Deform', 'Z_even', 'A_even', 'N_even', 'beta_deformation', 'gamma_deformation', 'rms_radius', 'n_rms_radius', 'p_rms_radius', 'p_gap_erg', 'n_chem_erg', 'p_chem_erg', 'Sn_compound', 'S2n_compound', 'Sp_compound', 'Radius_compound', 'ME_compound', 'BEA_compound', 'BEA_A_compound', 'Sn_daughter', 'S2n_daughter', 'Sp_daughter', 'S2p_daughter', 'Radius_daughter', 'ME_daughter', 'BEA_daughter', 'BEA_A_daughter', 'Shell_compound', 'Spin_compound', 'Deform_compound', 'Pairing_daughter', 'Shell_daughter', 'Spin_daughter', 'Parity_daughter', 'Deform_daughter', 'Decay_daughter', 'ERG']","{'n_layers': 5, 'units': 320, 'activation': 'gelu', 'dropout': 0.013588164771756958, 'learning_rate': 0.0006678581056308034, 'l2': 9.258137990848557e-06, 'batch_size': 32, 'epochs': 80}"
51,0.003647626152044095,"['Z', 'A', 'N', 'ME', 'BEA', 'BEA_A', 'AM', 'Sn', 'S2n', 'Sp', 'S2p', 'Radius', 'Pairing', 'Parity', 'Deform', 'Z_even', 'A_even', 'N_even', 'beta_deformation', 'gamma_deformation', 'rms_radius', 'n_rms_radius', 'p_rms_radius', 'p_gap_erg', 'n_chem_erg', 'p_chem_erg', 'Sn_compound', 'S2n_compound', 'Sp_compound', 'Radius_compound', 'ME_compound', 'BEA_compound', 'BEA_A_compound', 'Sn_daughter', 'S2n_daughter', 'Sp_daughter', 'S2p_daughter', 'Radius_daughter', 'ME_daughter', 'BEA_daughter', 'BEA_A_daughter', 'Shell_compound', 'Spin_compound', 'Deform_compound', 'Pairing_daughter', 'Shell_daughter', 'Spin_daughter', 'Parity_daughter', 'Deform_daughter', 'Decay_daughter', 'ERG']","{'n_layers': 4, 'units': 480, 'activation': 'gelu', 'dropout': 4.42682048938086e-05, 'learning_rate': 0.0011860826126685465, 'l2': 4.262953396901783e-06, 'batch_size': 32, 'epochs': 55}"
50,0.0015293127463193684,"['Z', 'A', 'N', 'ME', 'BEA', 'BEA_A', 'AM', 'Sn', 'S2n', 'Sp', 'S2p', 'Radius', 'Pairing', 'Parity', 'Deform', 'Z_even', 'A_even', 'N_even', 'beta_deformation', 'gamma_deformation', 'rms_radius', 'n_rms_radius', 'p_rms_radius', 'p_gap_erg', 'n_chem_erg', 'p_chem_erg', 'Sn_compound', 'S2n_compound', 'Sp_compound', 'Radius_compound', 'ME_compound', 'BEA_compound', 'BEA_A_compound', 'Sn_daughter', 'S2n_daughter', 'Sp_daughter', 'S2p_daughter', 'ME_daughter', 'BEA_daughter', 'BEA_A_daughter', 'Shell_compound', 'Spin_compound', 'Deform_compound', 'Pairing_daughter', 'Shell_daughter', 'Spin_daughter', 'Parity_daughter', 'Deform_daughter', 'Decay_daughter', 'ERG']","{'n_layers': 5, 'units': 320, 'activation': 'gelu', 'dropout': 0.00047666596481940604, 'learning_rate': 0.0010686921238977892, 'l2': 3.514844177686805e-06, 'batch_size': 128, 'epochs': 80}"
49,0.0013408120032024277,"['Z', 'A', 'N', 'ME', 'BEA', 'BEA_A', 'AM', 'Sn', 'S2n', 'Sp', 'S2p', 'Radius', 'Pairing', 'Parity', 'Deform', 'Z_even', 'A_even', 'N_even', 'beta_deformation', 'gamma_deformation', 'rms_radius', 'n_rms_radius', 'p_rms_radius', 'p_gap_erg', 'n_chem_erg', 'p_chem_erg', 'Sn_compound', 'S2n_compound', 'Sp_compound', 'Radius_compound', 'ME_compound', 'BEA_compound', 'BEA_A_compound', 'Sn_daughter', 'S2n_daughter', 'Sp_daughter', 'S2p_daughter', 'ME_daughter', 'BEA_A_daughter', 'Shell_compound', 'Spin_compound', 'Deform_compound', 'Pairing_daughter', 'Shell_daughter', 'Spin_daughter', 'Parity_daughter', 'Deform_daughter', 'Decay_daughter', 'ERG']","{'n_layers': 5, 'units': 320, 'activation': 'gelu', 'dropout': 0.00047666596481940604, 'learning_rate': 0.0010686921238977892, 'l2': 3.514844177686805e-06, 'batch_size': 128, 'epochs': 80}"
48,0.0013126534295832067,"['Z', 'A', 'N', 'ME', 'BEA', 'BEA_A', 'AM', 'Sn', 'S2n', 'Sp', 'S2p', 'Radius', 'Pairing', 'Parity', 'Deform', 'Z_even', 'A_even', 'N_even', 'beta_deformation', 'gamma_deformation', 'rms_radius', 'n_rms_radius', 'p_rms_radius', 'p_gap_erg', 'n_chem_erg', 'p_chem_erg', 'Sn_compound', 'S2n_compound', 'Sp_compound', 'Radius_compound', 'ME_compound', 'BEA_compound', 'BEA_A_compound', 'Sn_daughter', 'S2n_daughter', 'Sp_daughter', 'ME_daughter', 'BEA_A_daughter', 'Shell_compound', 'Spin_compound', 'Deform_compound', 'Pairing_daughter', 'Shell_daughter', 'Spin_daughter', 'Parity_daughter', 'Deform_daughter', 'Decay_daughter', 'ERG']","{'n_layers': 5, 'units': 320, 'activation': 'gelu', 'dropout': 0.000785752415233168, 'learning_rate': 0.0002590454760789225, 'l2': 1.43980278377898e-06, 'batch_size': 64, 'epochs': 70}"
47,0.0010015883783869141,"['Z', 'A', 'N', 'ME', 'BEA', 'BEA_A', 'AM', 'Sn', 'S2n', 'Sp', 'S2p', 'Radius', 'Pairing', 'Parity', 'Deform', 'Z_even', 'A_even', 'N_even', 'beta_deformation', 'gamma_deformation', 'rms_radius', 'n_rms_radius', 'p_rms_radius', 'p_gap_erg', 'n_chem_erg', 'p_chem_erg', 'Sn_compound', 'S2n_compound', 'Radius_compound', 'ME_compound', 'BEA_compound', 'BEA_A_compound', 'Sn_daughter', 'S2n_daughter', 'Sp_daughter', 'ME_daughter', 'BEA_A_daughter', 'Shell_compound', 'Spin_compound', 'Deform_compound', 'Pairing_daughter', 'Shell_daughter', 'Spin_daughter', 'Parity_daughter', 'Deform_daughter', 'Decay_daughter', 'ERG']","{'n_layers': 5, 'units': 320, 'activation': 'gelu', 'dropout': 0.00047666596481940604, 'learning_rate': 0.0010686921238977892, 'l2': 3.514844177686805e-06, 'batch_size': 128, 'epochs': 80}"
46,0.0027286996902549563,"['Z', 'A', 'N', 'ME', 'BEA', 'BEA_A', 'AM', 'Sn', 'S2n', 'Sp', 'S2p', 'Radius', 'Pairing', 'Parity', 'Deform', 'Z_even', 'A_even', 'N_even', 'beta_deformation', 'gamma_deformation', 'rms_radius', 'n_rms_radius', 'p_rms_radius', 'p_gap_erg', 'n_chem_erg', 'p_chem_erg', 'Sn_compound', 'S2n_compound', 'Radius_compound', 'ME_compound', 'BEA_compound', 'BEA_A_compound', 'Sn_daughter', 'S2n_daughter', 'Sp_daughter', 'ME_daughter', 'BEA_A_daughter', 'Shell_compound', 'Spin_compound', 'Deform_compound', 'Shell_daughter', 'Spin_daughter', 'Parity_daughter', 'Deform_daughter', 'Decay_daughter', 'ERG']","{'n_layers': 3, 'units': 192, 'activation': 'tanh', 'dropout': 0.039491639917873245, 'learning_rate': 0.0052706109968918904, 'l2': 1.7367797880327143e-06, 'batch_size': 128, 'epochs': 55}"
45,0.002005374258559729,"['Z', 'A', 'N', 'ME', 'BEA', 'BEA_A', 'AM', 'Sn', 'S2n', 'Sp', 'S2p', 'Radius', 'Pairing', 'Parity', 'Deform', 'Z_even', 'A_even', 'N_even', 'beta_deformation', 'gamma_deformation', 'rms_radius', 'n_rms_radius', 'p_rms_radius', 'p_gap_erg', 'n_chem_erg', 'p_chem_erg', 'Sn_compound', 'S2n_compound', 'Radius_compound', 'ME_compound', 'BEA_compound', 'BEA_A_compound', 'Sn_daughter', 'S2n_daughter', 'Sp_daughter', 'ME_daughter', 'BEA_A_daughter', 'Shell_compound', 'Spin_compound', 'Deform_compound', 'Shell_daughter', 'Spin_daughter', 'Parity_daughter', 'Deform_daughter', 'ERG']","{'n_layers': 5, 'units': 480, 'activation': 'gelu', 'dropout': 0.13931701884980707, 'learning_rate': 0.0005824590840390264, 'l2': 5.581851087608421e-06, 'batch_size': 128, 'epochs': 75}"
44,0.002427104012239634,"['Z', 'A', 'N', 'ME', 'BEA', 'BEA_A', 'AM', 'Sn', 'S2n', 'Sp', 'S2p', 'Radius', 'Pairing', 'Deform', 'Z_even', 'A_even', 'N_even', 'beta_deformation', 'gamma_deformation', 'rms_radius', 'n_rms_radius', 'p_rms_radius', 'p_gap_erg', 'n_chem_erg', 'p_chem_erg', 'Sn_compound', 'S2n_compound', 'Radius_compound', 'ME_compound', 'BEA_compound', 'BEA_A_compound', 'Sn_daughter', 'S2n_daughter', 'Sp_daughter', 'ME_daughter', 'BEA_A_daughter', 'Shell_compound', 'Spin_compound', 'Deform_compound', 'Shell_daughter', 'Spin_daughter', 'Parity_daughter', 'Deform_daughter', 'ERG']","{'n_layers': 5, 'units': 512, 'activation': 'gelu', 'dropout': 0.000785752415233168, 'learning_rate': 0.0024273388315991153, 'l2': 2.931094680926891e-06, 'batch_size': 128, 'epochs': 65}"
43,0.0015482999613125538,"['Z', 'A', 'N', 'ME', 'BEA_A', 'AM', 'Sn', 'S2n', 'Sp', 'S2p', 'Radius', 'Pairing', 'Deform', 'Z_even', 'A_even', 'N_even', 'beta_deformation', 'gamma_deformation', 'rms_radius', 'n_rms_radius', 'p_rms_radius', 'p_gap_erg', 'n_chem_erg', 'p_chem_erg', 'Sn_compound', 'S2n_compound', 'Radius_compound', 'ME_compound', 'BEA_compound', 'BEA_A_compound', 'Sn_daughter', 'S2n_daughter', 'Sp_daughter', 'ME_daughter', 'BEA_A_daughter', 'Shell_compound', 'Spin_compound', 'Deform_compound', 'Shell_daughter', 'Spin_daughter', 'Parity_daughter', 'Deform_daughter', 'ERG']","{'n_layers': 2, 'units': 512, 'activation': 'tanh', 'dropout': 0.0007986980171656895, 'learning_rate': 0.008337741746405797, 'l2': 1.108203475923979e-06, 'batch_size': 128, 'epochs': 55}"
42,0.0017729846825888483,"['Z', 'A', 'N', 'ME', 'BEA_A', 'AM', 'Sn', 'S2n', 'Sp', 'S2p', 'Radius', 'Pairing', 'Deform', 'Z_even', 'A_even', 'N_even', 'beta_deformation', 'gamma_deformation', 'rms_radius', 'n_rms_radius', 'p_rms_radius', 'p_gap_erg', 'n_chem_erg', 'p_chem_erg', 'Sn_compound', 'S2n_compound', 'Radius_compound', 'ME_compound', 'BEA_A_compound', 'Sn_daughter', 'S2n_daughter', 'Sp_daughter', 'ME_daughter', 'BEA_A_daughter', 'Shell_compound', 'Spin_compound', 'Deform_compound', 'Shell_daughter', 'Spin_daughter', 'Parity_daughter', 'Deform_daughter', 'ERG']","{'n_layers': 5, 'units': 512, 'activation': 'gelu', 'dropout': 0.000785752415233168, 'learning_rate': 0.0024273388315991153, 'l2': 2.931094680926891e-06, 'batch_size': 128, 'epochs': 65}"
41,0.1080343420765975,"['Z', 'A', 'N', 'ME', 'BEA_A', 'AM', 'Sn', 'S2n', 'Sp', 'S2p', 'Radius', 'Pairing', 'Deform', 'Z_even', 'A_even', 'N_even', 'beta_deformation', 'gamma_deformation', 'rms_radius', 'n_rms_radius', 'p_rms_radius', 'p_gap_erg', 'n_chem_erg', 'p_chem_erg', 'Sn_compound', 'S2n_compound', 'Radius_compound', 'ME_compound', 'BEA_A_compound', 'Sn_daughter', 'S2n_daughter', 'Sp_daughter', 'BEA_A_daughter', 'Shell_compound', 'Spin_compound', 'Deform_compound', 'Shell_daughter', 'Spin_daughter', 'Parity_daughter', 'Deform_daughter', 'ERG']","{'n_layers': 5, 'units': 512, 'activation': 'gelu', 'dropout': 0.0012711519468414278, 'learning_rate': 0.002379016793593115, 'l2': 1.0013256635620473e-06, 'batch_size': 64, 'epochs': 80}"
40,0.0017692637795091973,"['Z', 'A', 'N', 'ME', 'BEA_A', 'AM', 'Sn', 'S2n', 'Sp', 'S2p', 'Radius', 'Pairing', 'Deform', 'Z_even', 'A_even', 'N_even', 'beta_deformation', 'gamma_deformation', 'rms_radius', 'n_rms_radius', 'p_rms_radius', 'p_gap_erg', 'n_chem_erg', 'p_chem_erg', 'Sn_compound', 'S2n_compound', 'Radius_compound', 'ME_compound', 'BEA_A_compound', 'Sn_daughter', 'S2n_daughter', 'Sp_daughter', 'BEA_A_daughter', 'Spin_compound', 'Deform_compound', 'Shell_daughter', 'Spin_daughter', 'Parity_daughter', 'Deform_daughter', 'ERG']","{'n_layers': 5, 'units': 320, 'activation': 'gelu', 'dropout': 0.00047666596481940604, 'learning_rate': 0.0010686921238977892, 'l2': 3.514844177686805e-06, 'batch_size': 128, 'epochs': 80}"
39,0.0011052916993064526,"['Z', 'A', 'N', 'ME', 'BEA_A', 'AM', 'Sn', 'S2n', 'Sp', 'S2p', 'Radius', 'Pairing', 'Deform', 'Z_even', 'A_even', 'N_even', 'beta_deformation', 'gamma_deformation', 'rms_radius', 'n_rms_radius', 'p_rms_radius', 'p_gap_erg', 'n_chem_erg', 'p_chem_erg', 'Sn_compound', 'Radius_compound', 'ME_compound', 'BEA_A_compound', 'Sn_daughter', 'S2n_daughter', 'Sp_daughter', 'BEA_A_daughter', 'Spin_compound', 'Deform_compound', 'Shell_daughter', 'Spin_daughter', 'Parity_daughter', 'Deform_daughter', 'ERG']","{'n_layers': 5, 'units': 320, 'activation': 'gelu', 'dropout': 0.00976744675974502, 'learning_rate': 0.0011555582403008258, 'l2': 3.7294238300290033e-06, 'batch_size': 128, 'epochs': 80}"
38,0.0027004037308852535,"['Z', 'A', 'N', 'ME', 'BEA_A', 'AM', 'Sn', 'S2n', 'Sp', 'S2p', 'Radius', 'Pairing', 'Deform', 'Z_even', 'A_even', 'N_even', 'beta_deformation', 'rms_radius', 'n_rms_radius', 'p_rms_radius', 'p_gap_erg', 'n_chem_erg', 'p_chem_erg', 'Sn_compound', 'Radius_compound', 'ME_compound', 'BEA_A_compound', 'Sn_daughter', 'S2n_daughter', 'Sp_daughter', 'BEA_A_daughter', 'Spin_compound', 'Deform_compound', 'Shell_daughter', 'Spin_daughter', 'Parity_daughter', 'Deform_daughter', 'ERG']","{'n_layers': 5, 'units': 448, 'activation': 'gelu', 'dropout': 0.05278104910405723, 'learning_rate': 0.00025619373428277043, 'l2': 2.184944337319879e-05, 'batch_size': 128, 'epochs': 70}"
37,0.002051235673855062,"['Z', 'A', 'N', 'ME', 'BEA_A', 'AM', 'Sn', 'S2n', 'Sp', 'S2p', 'Radius', 'Pairing', 'Deform', 'Z_even', 'A_even', 'N_even', 'beta_deformation', 'rms_radius', 'n_rms_radius', 'p_rms_radius', 'p_gap_erg', 'n_chem_erg', 'p_chem_erg', 'Sn_compound', 'Radius_compound', 'ME_compound', 'BEA_A_compound', 'Sn_daughter', 'S2n_daughter', 'Sp_daughter', 'BEA_A_daughter', 'Spin_compound', 'Deform_compound', 'Shell_daughter', 'Spin_daughter', 'Deform_daughter', 'ERG']","{'n_layers': 5, 'units': 512, 'activation': 'gelu', 'dropout': 0.000785752415233168, 'learning_rate': 0.0024273388315991153, 'l2': 2.931094680926891e-06, 'batch_size': 128, 'epochs': 65}"
36,0.003670888222435824,"['Z', 'A', 'N', 'ME', 'BEA_A', 'AM', 'Sn', 'S2n', 'Sp', 'S2p', 'Radius', 'Pairing', 'Deform', 'Z_even', 'A_even', 'N_even', 'beta_deformation', 'rms_radius', 'n_rms_radius', 'p_rms_radius', 'p_gap_erg', 'n_chem_erg', 'p_chem_erg', 'Sn_compound', 'Radius_compound', 'ME_compound', 'BEA_A_compound', 'Sn_daughter', 'S2n_daughter', 'Sp_daughter', 'BEA_A_daughter', 'Spin_compound', 'Deform_compound', 'Shell_daughter', 'Deform_daughter', 'ERG']","{'n_layers': 5, 'units': 512, 'activation': 'tanh', 'dropout': 0.011013428987734122, 'learning_rate': 0.002594434474013014, 'l2': 1.3015593885191654e-06, 'batch_size': 128, 'epochs': 60}"
35,0.0015680062854125944,"['Z', 'A', 'N', 'ME', 'BEA_A', 'AM', 'Sn', 'S2n', 'Sp', 'S2p', 'Radius', 'Pairing', 'Deform', 'Z_even', 'A_even', 'N_even', 'beta_deformation', 'rms_radius', 'n_rms_radius', 'p_rms_radius', 'p_gap_erg', 'n_chem_erg', 'p_chem_erg', 'Sn_compound', 'Radius_compound', 'ME_compound', 'BEA_A_compound', 'Sn_daughter', 'S2n_daughter', 'Sp_daughter', 'BEA_A_daughter', 'Deform_compound', 'Shell_daughter', 'Deform_daughter', 'ERG']","{'n_layers': 2, 'units': 320, 'activation': 'tanh', 'dropout': 0.00047666596481940604, 'learning_rate': 0.009167202280080042, 'l2': 2.1038996326748344e-06, 'batch_size': 128, 'epochs': 45}"
34,0.0035843424201958372,"['Z', 'A', 'N', 'ME', 'BEA_A', 'AM', 'Sn', 'S2n', 'Sp', 'S2p', 'Radius', 'Pairing', 'Deform', 'Z_even', 'A_even', 'N_even', 'beta_deformation', 'rms_radius', 'n_rms_radius', 'p_rms_radius', 'p_gap_erg', 'n_chem_erg', 'p_chem_erg', 'Sn_compound', 'ME_compound', 'BEA_A_compound', 'Sn_daughter', 'S2n_daughter', 'Sp_daughter', 'BEA_A_daughter', 'Deform_compound', 'Shell_daughter', 'Deform_daughter', 'ERG']","{'n_layers': 2, 'units': 512, 'activation': 'gelu', 'dropout': 0.1336649621310288, 'learning_rate': 0.009459793482683483, 'l2': 1.7270624544253436e-06, 'batch_size': 128, 'epochs': 55}"
33,0.002318759184424949,"['Z', 'A', 'N', 'ME', 'BEA_A', 'AM', 'Sn', 'S2n', 'Sp', 'S2p', 'Radius', 'Deform', 'Z_even', 'A_even', 'N_even', 'beta_deformation', 'rms_radius', 'n_rms_radius', 'p_rms_radius', 'p_gap_erg', 'n_chem_erg', 'p_chem_erg', 'Sn_compound', 'ME_compound', 'BEA_A_compound', 'Sn_daughter', 'S2n_daughter', 'Sp_daughter', 'BEA_A_daughter', 'Deform_compound', 'Shell_daughter', 'Deform_daughter', 'ERG']","{'n_layers': 5, 'units': 480, 'activation': 'gelu', 'dropout': 1.92101571018493e-05, 'learning_rate': 0.001065422058354153, 'l2': 1.117824065734813e-06, 'batch_size': 128, 'epochs': 60}"
32,0.004019995303506391,"['Z', 'A', 'N', 'ME', 'BEA_A', 'AM', 'Sn', 'S2n', 'Sp', 'S2p', 'Radius', 'Deform', 'Z_even', 'A_even', 'N_even', 'beta_deformation', 'rms_radius', 'n_rms_radius', 'p_rms_radius', 'p_gap_erg', 'n_chem_erg', 'p_chem_erg', 'Sn_compound', 'ME_compound', 'BEA_A_compound', 'Sn_daughter', 'S2n_daughter', 'BEA_A_daughter', 'Deform_compound', 'Shell_daughter', 'Deform_daughter', 'ERG']","{'n_layers': 5, 'units': 512, 'activation': 'tanh', 'dropout': 0.011013428987734122, 'learning_rate': 0.002594434474013014, 'l2': 1.3015593885191654e-06, 'batch_size': 128, 'epochs': 60}"
31,0.002530174577092382,"['Z', 'A', 'N', 'ME', 'BEA_A', 'AM', 'Sn', 'S2n', 'Sp', 'S2p', 'Radius', 'Deform', 'Z_even', 'A_even', 'N_even', 'beta_deformation', 'rms_radius', 'n_rms_radius', 'p_rms_radius', 'p_gap_erg', 'n_chem_erg', 'p_chem_erg', 'Sn_compound', 'ME_compound', 'Sn_daughter', 'S2n_daughter', 'BEA_A_daughter', 'Deform_compound', 'Shell_daughter', 'Deform_daughter', 'ERG']","{'n_layers': 5, 'units': 352, 'activation': 'gelu', 'dropout': 0.11271678202072205, 'learning_rate': 0.0010415900294686686, 'l2': 3.929779577461225e-06, 'batch_size': 128, 'epochs': 80}"
30,0.002498802198525524,"['Z', 'A', 'N', 'ME', 'BEA_A', 'AM', 'Sn', 'S2n', 'Sp', 'S2p', 'Radius', 'Deform', 'Z_even', 'A_even', 'N_even', 'beta_deformation', 'rms_radius', 'n_rms_radius', 'p_rms_radius', 'p_gap_erg', 'n_chem_erg', 'p_chem_erg', 'ME_compound', 'Sn_daughter', 'S2n_daughter', 'BEA_A_daughter', 'Deform_compound', 'Shell_daughter', 'Deform_daughter', 'ERG']","{'n_layers': 5, 'units': 352, 'activation': 'gelu', 'dropout': 0.03297484035718429, 'learning_rate': 0.00022736565450112332, 'l2': 1.0326482371914771e-06, 'batch_size': 32, 'epochs': 45}"
29,0.0015339038333885356,"['Z', 'A', 'N', 'ME', 'BEA_A', 'AM', 'Sn', 'S2n', 'Sp', 'S2p', 'Radius', 'Deform', 'Z_even', 'A_even', 'N_even', 'beta_deformation', 'rms_radius', 'n_rms_radius', 'p_rms_radius', 'p_gap_erg', 'n_chem_erg', 'p_chem_erg', 'ME_compound', 'S2n_daughter', 'BEA_A_daughter', 'Deform_compound', 'Shell_daughter', 'Deform_daughter', 'ERG']","{'n_layers': 5, 'units': 320, 'activation': 'gelu', 'dropout': 0.00047666596481940604, 'learning_rate': 0.0010686921238977892, 'l2': 3.514844177686805e-06, 'batch_size': 128, 'epochs': 80}"
28,0.003361673417000767,"['Z', 'A', 'N', 'ME', 'BEA_A', 'AM', 'Sn', 'S2n', 'Sp', 'S2p', 'Radius', 'Deform', 'Z_even', 'A_even', 'N_even', 'beta_deformation', 'rms_radius', 'n_rms_radius', 'p_rms_radius', 'p_gap_erg', 'n_chem_erg', 'p_chem_erg', 'ME_compound', 'S2n_daughter', 'BEA_A_daughter', 'Deform_compound', 'Deform_daughter', 'ERG']","{'n_layers': 5, 'units': 512, 'activation': 'gelu', 'dropout': 0.000785752415233168, 'learning_rate': 0.0024273388315991153, 'l2': 2.931094680926891e-06, 'batch_size': 128, 'epochs': 65}"
27,0.0021412641305385053,"['Z', 'A', 'N', 'ME', 'BEA_A', 'AM', 'Sn', 'S2n', 'Sp', 'S2p', 'Deform', 'Z_even', 'A_even', 'N_even', 'beta_deformation', 'rms_radius', 'n_rms_radius', 'p_rms_radius', 'p_gap_erg', 'n_chem_erg', 'p_chem_erg', 'ME_compound', 'S2n_daughter', 'BEA_A_daughter', 'Deform_compound', 'Deform_daughter', 'ERG']","{'n_layers': 5, 'units': 320, 'activation': 'gelu', 'dropout': 0.00047666596481940604, 'learning_rate': 0.0010686921238977892, 'l2': 3.514844177686805e-06, 'batch_size': 128, 'epochs': 80}"
26,0.0037942801858186275,"['Z', 'A', 'N', 'ME', 'BEA_A', 'AM', 'Sn', 'S2n', 'Sp', 'S2p', 'Deform', 'Z_even', 'N_even', 'beta_deformation', 'rms_radius', 'n_rms_radius', 'p_rms_radius', 'p_gap_erg', 'n_chem_erg', 'p_chem_erg', 'ME_compound', 'S2n_daughter', 'BEA_A_daughter', 'Deform_compound', 'Deform_daughter', 'ERG']","{'n_layers': 5, 'units': 320, 'activation': 'tanh', 'dropout': 0.00047666596481940604, 'learning_rate': 0.0026778835196457755, 'l2': 2.1077557299790657e-06, 'batch_size': 128, 'epochs': 60}"
25,0.00163943087086582,"['Z', 'N', 'ME', 'BEA_A', 'AM', 'Sn', 'S2n', 'Sp', 'S2p', 'Deform', 'Z_even', 'N_even', 'beta_deformation', 'rms_radius', 'n_rms_radius', 'p_rms_radius', 'p_gap_erg', 'n_chem_erg', 'p_chem_erg', 'ME_compound', 'S2n_daughter', 'BEA_A_daughter', 'Deform_compound', 'Deform_daughter', 'ERG']","{'n_layers': 5, 'units': 320, 'activation': 'gelu', 'dropout': 0.00047666596481940604, 'learning_rate': 0.0010686921238977892, 'l2': 3.514844177686805e-06, 'batch_size': 128, 'epochs': 80}"
24,0.0025256381477630624,"['Z', 'N', 'ME', 'BEA_A', 'AM', 'Sn', 'S2n', 'S2p', 'Deform', 'Z_even', 'N_even', 'beta_deformation', 'rms_radius', 'n_rms_radius', 'p_rms_radius', 'p_gap_erg', 'n_chem_erg', 'p_chem_erg', 'ME_compound', 'S2n_daughter', 'BEA_A_daughter', 'Deform_compound', 'Deform_daughter', 'ERG']","{'n_layers': 2, 'units': 512, 'activation': 'tanh', 'dropout': 0.0007986980171656895, 'learning_rate': 0.008337741746405797, 'l2': 1.108203475923979e-06, 'batch_size': 128, 'epochs': 55}"
23,0.003095516901992937,"['Z', 'ME', 'BEA_A', 'AM', 'Sn', 'S2n', 'S2p', 'Deform', 'Z_even', 'N_even', 'beta_deformation', 'rms_radius', 'n_rms_radius', 'p_rms_radius', 'p_gap_erg', 'n_chem_erg', 'p_chem_erg', 'ME_compound', 'S2n_daughter', 'BEA_A_daughter', 'Deform_compound', 'Deform_daughter', 'ERG']","{'n_layers': 5, 'units': 512, 'activation': 'tanh', 'dropout': 0.011013428987734122, 'learning_rate': 0.002594434474013014, 'l2': 1.3015593885191654e-06, 'batch_size': 128, 'epochs': 60}"
22,0.0018928181734210107,"['Z', 'ME', 'BEA_A', 'AM', 'Sn', 'S2n', 'S2p', 'Deform', 'Z_even', 'N_even', 'rms_radius', 'n_rms_radius', 'p_rms_radius', 'p_gap_erg', 'n_chem_erg', 'p_chem_erg', 'ME_compound', 'S2n_daughter', 'BEA_A_daughter', 'Deform_compound', 'Deform_daughter', 'ERG']","{'n_layers': 2, 'units': 512, 'activation': 'tanh', 'dropout': 0.0007986980171656895, 'learning_rate': 0.008337741746405797, 'l2': 1.108203475923979e-06, 'batch_size': 128, 'epochs': 55}"
21,0.003200018556340451,"['Z', 'ME', 'BEA_A', 'AM', 'Sn', 'S2n', 'S2p', 'Deform', 'Z_even', 'N_even', 'rms_radius', 'n_rms_radius', 'p_rms_radius', 'p_gap_erg', 'n_chem_erg', 'p_chem_erg', 'ME_compound', 'S2n_daughter', 'Deform_compound', 'Deform_daughter', 'ERG']","{'n_layers': 3, 'units': 192, 'activation': 'tanh', 'dropout': 0.039491639917873245, 'learning_rate': 0.0052706109968918904, 'l2': 1.7367797880327143e-06, 'batch_size': 128, 'epochs': 55}"
20,0.003970651246107846,"['Z', 'ME', 'BEA_A', 'AM', 'Sn', 'S2n', 'S2p', 'Deform', 'Z_even', 'N_even', 'rms_radius', 'n_rms_radius', 'p_rms_radius', 'p_gap_erg', 'n_chem_erg', 'p_chem_erg', 'S2n_daughter', 'Deform_compound', 'Deform_daughter', 'ERG']","{'n_layers': 5, 'units': 512, 'activation': 'tanh', 'dropout': 0.011013428987734122, 'learning_rate': 0.002594434474013014, 'l2': 1.3015593885191654e-06, 'batch_size': 128, 'epochs': 60}"
19,0.002593676004387667,"['Z', 'ME', 'BEA_A', 'AM', 'Sn', 'S2n', 'S2p', 'Deform', 'N_even', 'rms_radius', 'n_rms_radius', 'p_rms_radius', 'p_gap_erg', 'n_chem_erg', 'p_chem_erg', 'S2n_daughter', 'Deform_compound', 'Deform_daughter', 'ERG']","{'n_layers': 5, 'units': 512, 'activation': 'tanh', 'dropout': 0.011013428987734122, 'learning_rate': 0.002594434474013014, 'l2': 1.3015593885191654e-06, 'batch_size': 128, 'epochs': 60}"
18,0.003387853719591813,"['Z', 'ME', 'BEA_A', 'AM', 'Sn', 'S2n', 'S2p', 'Deform', 'N_even', 'rms_radius', 'n_rms_radius', 'p_rms_radius', 'p_gap_erg', 'n_chem_erg', 'p_chem_erg', 'Deform_compound', 'Deform_daughter', 'ERG']","{'n_layers': 5, 'units': 512, 'activation': 'tanh', 'dropout': 0.011013428987734122, 'learning_rate': 0.002594434474013014, 'l2': 1.3015593885191654e-06, 'batch_size': 128, 'epochs': 60}"
17,0.004656533249750721,"['Z', 'ME', 'BEA_A', 'AM', 'Sn', 'S2n', 'S2p', 'N_even', 'rms_radius', 'n_rms_radius', 'p_rms_radius', 'p_gap_erg', 'n_chem_erg', 'p_chem_erg', 'Deform_compound', 'Deform_daughter', 'ERG']","{'n_layers': 2, 'units': 320, 'activation': 'tanh', 'dropout': 0.00047666596481940604, 'learning_rate': 0.009167202280080042, 'l2': 2.1038996326748344e-06, 'batch_size': 128, 'epochs': 45}"
16,0.004230742297403759,"['Z', 'ME', 'BEA_A', 'AM', 'Sn', 'S2n', 'S2p', 'N_even', 'rms_radius', 'n_rms_radius', 'p_rms_radius', 'p_gap_erg', 'n_chem_erg', 'Deform_compound', 'Deform_daughter', 'ERG']","{'n_layers': 2, 'units': 512, 'activation': 'tanh', 'dropout': 0.0007986980171656895, 'learning_rate': 0.008337741746405797, 'l2': 1.108203475923979e-06, 'batch_size': 128, 'epochs': 55}"
15,0.005170739940993893,"['Z', 'ME', 'BEA_A', 'AM', 'Sn', 'S2n', 'S2p', 'N_even', 'rms_radius', 'p_rms_radius', 'p_gap_erg', 'n_chem_erg', 'Deform_compound', 'Deform_daughter', 'ERG']","{'n_layers': 2, 'units': 512, 'activation': 'tanh', 'dropout': 0.0007986980171656895, 'learning_rate': 0.008337741746405797, 'l2': 1.108203475923979e-06, 'batch_size': 128, 'epochs': 55}"
14,0.0027500267963596987,"['Z', 'ME', 'BEA_A', 'AM', 'Sn', 'S2n', 'S2p', 'N_even', 'rms_radius', 'p_gap_erg', 'n_chem_erg', 'Deform_compound', 'Deform_daughter', 'ERG']","{'n_layers': 4, 'units': 352, 'activation': 'tanh', 'dropout': 0.014814330589867739, 'learning_rate': 0.0009777529900486391, 'l2': 1.0184799902366209e-06, 'batch_size': 32, 'epochs': 60}"
13,0.0021399856067675586,"['Z', 'ME', 'BEA_A', 'AM', 'Sn', 'S2n', 'S2p', 'rms_radius', 'p_gap_erg', 'n_chem_erg', 'Deform_compound', 'Deform_daughter', 'ERG']","{'n_layers': 2, 'units': 512, 'activation': 'relu', 'dropout': 0.008374297792930176, 'learning_rate': 0.0002455996426637666, 'l2': 0.00016577171511224922, 'batch_size': 64, 'epochs': 80}"
12,0.0034850091146053502,"['Z', 'ME', 'BEA_A', 'AM', 'Sn', 'S2n', 'S2p', 'rms_radius', 'n_chem_erg', 'Deform_compound', 'Deform_daughter', 'ERG']","{'n_layers': 5, 'units': 512, 'activation': 'tanh', 'dropout': 0.0019568829307377565, 'learning_rate': 0.0025949183140927703, 'l2': 2.2130062002781257e-06, 'batch_size': 128, 'epochs': 60}"
11,0.0018313503376049829,"['Z', 'ME', 'AM', 'Sn', 'S2n', 'S2p', 'rms_radius', 'n_chem_erg', 'Deform_compound', 'Deform_daughter', 'ERG']","{'n_layers': 5, 'units': 320, 'activation': 'gelu', 'dropout': 0.00587662617193465, 'learning_rate': 0.001826729372011367, 'l2': 1.05579743319529e-06, 'batch_size': 64, 'epochs': 80}"
10,0.0035400931669894832,"['Z', 'ME', 'AM', 'Sn', 'S2n', 'S2p', 'rms_radius', 'Deform_compound', 'Deform_daughter', 'ERG']","{'n_layers': 5, 'units': 512, 'activation': 'tanh', 'dropout': 0.011013428987734122, 'learning_rate': 0.002594434474013014, 'l2': 1.3015593885191654e-06, 'batch_size': 128, 'epochs': 60}"
9,0.004612097036723149,"['Z', 'ME', 'AM', 'Sn', 'S2n', 'S2p', 'rms_radius', 'Deform_compound', 'ERG']","{'n_layers': 3, 'units': 192, 'activation': 'tanh', 'dropout': 0.039491639917873245, 'learning_rate': 0.0052706109968918904, 'l2': 1.7367797880327143e-06, 'batch_size': 128, 'epochs': 55}"
8,0.0043213361830715105,"['Z', 'ME', 'AM', 'Sn', 'S2n', 'S2p', 'rms_radius', 'ERG']","{'n_layers': 2, 'units': 352, 'activation': 'relu', 'dropout': 0.3896614747539359, 'learning_rate': 0.0011556142236521, 'l2': 2.447536705435641e-06, 'batch_size': 64, 'epochs': 55}"
7,0.004802876195605306,"['Z', 'ME', 'AM', 'Sn', 'S2n', 'rms_radius', 'ERG']","{'n_layers': 2, 'units': 512, 'activation': 'relu', 'dropout': 0.11742841742197173, 'learning_rate': 0.0002630403103843948, 'l2': 8.44778804115305e-05, 'batch_size': 64, 'epochs': 50}"
6,0.007131042891359188,"['ME', 'AM', 'Sn', 'S2n', 'rms_radius', 'ERG']","{'n_layers': 2, 'units': 480, 'activation': 'relu', 'dropout': 0.4992106347881607, 'learning_rate': 0.0002235304539681689, 'l2': 0.0001232593166709378, 'batch_size': 64, 'epochs': 55}"
5,0.005790487041728463,"['AM', 'Sn', 'S2n', 'rms_radius', 'ERG']","{'n_layers': 2, 'units': 320, 'activation': 'relu', 'dropout': 0.4285265609750305, 'learning_rate': 0.0010329798173988505, 'l2': 1.7323977590676285e-06, 'batch_size': 64, 'epochs': 60}"
4,0.02129157882416738,"['AM', 'S2n', 'rms_radius', 'ERG']","{'n_layers': 2, 'units': 512, 'activation': 'relu', 'dropout': 0.00047666596481940604, 'learning_rate': 0.0004628878511675994, 'l2': 0.0002578780692536224, 'batch_size': 64, 'epochs': 80}"
