n_features,mse,kept_cols,best_params
60,0.0011448549286750282,"['Z', 'A', 'N', 'ME', 'BEA', 'BEA_A', 'AM', 'Sn', 'S2n', 'Sp', 'S2p', 'Radius', 'Pairing', 'Shell', 'Spin', 'Parity', 'Deform', 'Decay_Const', 'Z_even', 'A_even', 'N_even', 'beta_deformation', 'gamma_deformation', 'octopole_deformation', 'rms_radius', 'n_rms_radius', 'p_rms_radius', 'n_gap_erg', 'p_gap_erg', 'n_chem_erg', 'p_chem_erg', 'Sn_compound', 'S2n_compound', 'Sp_compound', 'S2p_compound', 'Radius_compound', 'ME_compound', 'BEA_compound', 'BEA_A_compound', 'Sn_daughter', 'S2n_daughter', 'Sp_daughter', 'S2p_daughter', 'Radius_daughter', 'ME_daughter', 'BEA_daughter', 'BEA_A_daughter', 'Pairing_compound', 'Shell_compound', 'Spin_compound', 'Parity_compound', 'Deform_compound', 'Decay_compound', 'Pairing_daughter', 'Shell_daughter', 'Spin_daughter', 'Parity_daughter', 'Deform_daughter', 'Decay_daughter', 'ERG']","{'n_estimators': 1600, 'max_depth': 75, 'min_samples_leaf': 1, 'max_features': 0.75}"
59,0.001137166014536255,"['Z', 'A', 'N', 'ME', 'BEA', 'BEA_A', 'AM', 'Sn', 'S2n', 'Sp', 'S2p', 'Radius', 'Pairing', 'Shell', 'Spin', 'Parity', 'Deform', 'Decay_Const', 'Z_even', 'A_even', 'N_even', 'beta_deformation', 'gamma_deformation', 'rms_radius', 'n_rms_radius', 'p_rms_radius', 'n_gap_erg', 'p_gap_erg', 'n_chem_erg', 'p_chem_erg', 'Sn_compound', 'S2n_compound', 'Sp_compound', 'S2p_compound', 'Radius_compound', 'ME_compound', 'BEA_compound', 'BEA_A_compound', 'Sn_daughter', 'S2n_daughter', 'Sp_daughter', 'S2p_daughter', 'Radius_daughter', 'ME_daughter', 'BEA_daughter', 'BEA_A_daughter', 'Pairing_compound', 'Shell_compound', 'Spin_compound', 'Parity_compound', 'Deform_compound', 'Decay_compound', 'Pairing_daughter', 'Shell_daughter', 'Spin_daughter', 'Parity_daughter', 'Deform_daughter', 'Decay_daughter', 'ERG']","{'n_estimators': 1600, 'max_depth': 75, 'min_samples_leaf': 1, 'max_features': 0.75}"
58,0.0011489967725281482,"['Z', 'A', 'N', 'ME', 'BEA', 'BEA_A', 'AM', 'Sn', 'S2n', 'Sp', 'S2p', 'Radius', 'Pairing', 'Shell', 'Spin', 'Parity', 'Deform', 'Decay_Const', 'Z_even', 'N_even', 'beta_deformation', 'gamma_deformation', 'rms_radius', 'n_rms_radius', 'p_rms_radius', 'n_gap_erg', 'p_gap_erg', 'n_chem_erg', 'p_chem_erg', 'Sn_compound', 'S2n_compound', 'Sp_compound', 'S2p_compound', 'Radius_compound', 'ME_compound', 'BEA_compound', 'BEA_A_compound', 'Sn_daughter', 'S2n_daughter', 'Sp_daughter', 'S2p_daughter', 'Radius_daughter', 'ME_daughter', 'BEA_daughter', 'BEA_A_daughter', 'Pairing_compound', 'Shell_compound', 'Spin_compound', 'Parity_compound', 'Deform_compound', 'Decay_compound', 'Pairing_daughter', 'Shell_daughter', 'Spin_daughter', 'Parity_daughter', 'Deform_daughter', 'Decay_daughter', 'ERG']","{'n_estimators': 1500, 'max_depth': 75, 'min_samples_leaf': 1, 'max_features': 0.75}"
57,0.001138954552078764,"['Z', 'A', 'N', 'ME', 'BEA', 'BEA_A', 'AM', 'Sn', 'S2n', 'Sp', 'S2p', 'Radius', 'Pairing', 'Shell', 'Spin', 'Parity', 'Deform', 'Decay_Const', 'Z_even', 'N_even', 'beta_deformation', 'gamma_deformation', 'rms_radius', 'n_rms_radius', 'p_rms_radius', 'n_gap_erg', 'p_gap_erg', 'n_chem_erg', 'p_chem_erg', 'Sn_compound', 'S2n_compound', 'Sp_compound', 'S2p_compound', 'Radius_compound', 'ME_compound', 'BEA_compound', 'BEA_A_compound', 'Sn_daughter', 'S2n_daughter', 'Sp_daughter', 'S2p_daughter', 'Radius_daughter', 'ME_daughter', 'BEA_daughter', 'BEA_A_daughter', 'Pairing_compound', 'Shell_compound', 'Spin_compound', 'Deform_compound', 'Decay_compound', 'Pairing_daughter', 'Shell_daughter', 'Spin_daughter', 'Parity_daughter', 'Deform_daughter', 'Decay_daughter', 'ERG']","{'n_estimators': 1500, 'max_depth': 75, 'min_samples_leaf': 1, 'max_features': 0.75}"
56,0.0011406102734256849,"['Z', 'A', 'N', 'ME', 'BEA', 'BEA_A', 'AM', 'Sn', 'S2n', 'Sp', 'S2p', 'Radius', 'Pairing', 'Shell', 'Spin', 'Parity', 'Deform', 'Decay_Const', 'Z_even', 'N_even', 'beta_deformation', 'gamma_deformation', 'rms_radius', 'n_rms_radius', 'p_rms_radius', 'n_gap_erg', 'p_gap_erg', 'n_chem_erg', 'p_chem_erg', 'Sn_compound', 'S2n_compound', 'Sp_compound', 'S2p_compound', 'Radius_compound', 'ME_compound', 'BEA_compound', 'BEA_A_compound', 'Sn_daughter', 'S2n_daughter', 'Sp_daughter', 'S2p_daughter', 'Radius_daughter', 'ME_daughter', 'BEA_daughter', 'BEA_A_daughter', 'Pairing_compound', 'Shell_compound', 'Spin_compound', 'Deform_compound', 'Decay_compound', 'Pairing_daughter', 'Shell_daughter', 'Spin_daughter', 'Deform_daughter', 'Decay_daughter', 'ERG']","{'n_estimators': 1600, 'max_depth': 75, 'min_samples_leaf': 1, 'max_features': 0.75}"
55,0.0011421649688431498,"['Z', 'A', 'N', 'ME', 'BEA', 'BEA_A', 'AM', 'Sn', 'S2n', 'Sp', 'S2p', 'Radius', 'Pairing', 'Shell', 'Spin', 'Parity', 'Deform', 'Decay_Const', 'Z_even', 'N_even', 'beta_deformation', 'gamma_deformation', 'rms_radius', 'n_rms_radius', 'p_rms_radius', 'n_gap_erg', 'p_gap_erg', 'n_chem_erg', 'p_chem_erg', 'Sn_compound', 'S2n_compound', 'Sp_compound', 'S2p_compound', 'Radius_compound', 'ME_compound', 'BEA_compound', 'BEA_A_compound', 'Sn_daughter', 'S2n_daughter', 'Sp_daughter', 'S2p_daughter', 'Radius_daughter', 'ME_daughter', 'BEA_daughter', 'BEA_A_daughter', 'Pairing_compound', 'Shell_compound', 'Spin_compound', 'Deform_compound', 'Decay_compound', 'Shell_daughter', 'Spin_daughter', 'Deform_daughter', 'Decay_daughter', 'ERG']","{'n_estimators': 1500, 'max_depth': 75, 'min_samples_leaf': 1, 'max_features': 0.75}"
54,0.0011327376405634558,"['Z', 'A', 'N', 'ME', 'BEA', 'BEA_A', 'AM', 'Sn', 'S2n', 'Sp', 'S2p', 'Radius', 'Pairing', 'Shell', 'Spin', 'Deform', 'Decay_Const', 'Z_even', 'N_even', 'beta_deformation', 'gamma_deformation', 'rms_radius', 'n_rms_radius', 'p_rms_radius', 'n_gap_erg', 'p_gap_erg', 'n_chem_erg', 'p_chem_erg', 'Sn_compound', 'S2n_compound', 'Sp_compound', 'S2p_compound', 'Radius_compound', 'ME_compound', 'BEA_compound', 'BEA_A_compound', 'Sn_daughter', 'S2n_daughter', 'Sp_daughter', 'S2p_daughter', 'Radius_daughter', 'ME_daughter', 'BEA_daughter', 'BEA_A_daughter', 'Pairing_compound', 'Shell_compound', 'Spin_compound', 'Deform_compound', 'Decay_compound', 'Shell_daughter', 'Spin_daughter', 'Deform_daughter', 'Decay_daughter', 'ERG']","{'n_estimators': 1600, 'max_depth': 75, 'min_samples_leaf': 1, 'max_features': 0.75}"
53,0.0011222447881482527,"['Z', 'A', 'N', 'ME', 'BEA', 'BEA_A', 'AM', 'Sn', 'S2n', 'Sp', 'S2p', 'Radius', 'Pairing', 'Shell', 'Spin', 'Deform', 'Decay_Const', 'Z_even', 'N_even', 'beta_deformation', 'gamma_deformation', 'rms_radius', 'n_rms_radius', 'p_rms_radius', 'n_gap_erg', 'p_gap_erg', 'n_chem_erg', 'p_chem_erg', 'Sn_compound', 'S2n_compound', 'Sp_compound', 'S2p_compound', 'Radius_compound', 'ME_compound', 'BEA_compound', 'BEA_A_compound', 'Sn_daughter', 'S2n_daughter', 'Sp_daughter', 'S2p_daughter', 'Radius_daughter', 'ME_daughter', 'BEA_daughter', 'BEA_A_daughter', 'Shell_compound', 'Spin_compound', 'Deform_compound', 'Decay_compound', 'Shell_daughter', 'Spin_daughter', 'Deform_daughter', 'Decay_daughter', 'ERG']","{'n_estimators': 1600, 'max_depth': 75, 'min_samples_leaf': 1, 'max_features': 0.75}"
52,0.001143309991595374,"['Z', 'A', 'N', 'ME', 'BEA', 'BEA_A', 'AM', 'Sn', 'S2n', 'Sp', 'S2p', 'Radius', 'Shell', 'Spin', 'Deform', 'Decay_Const', 'Z_even', 'N_even', 'beta_deformation', 'gamma_deformation', 'rms_radius', 'n_rms_radius', 'p_rms_radius', 'n_gap_erg', 'p_gap_erg', 'n_chem_erg', 'p_chem_erg', 'Sn_compound', 'S2n_compound', 'Sp_compound', 'S2p_compound', 'Radius_compound', 'ME_compound', 'BEA_compound', 'BEA_A_compound', 'Sn_daughter', 'S2n_daughter', 'Sp_daughter', 'S2p_daughter', 'Radius_daughter', 'ME_daughter', 'BEA_daughter', 'BEA_A_daughter', 'Shell_compound', 'Spin_compound', 'Deform_compound', 'Decay_compound', 'Shell_daughter', 'Spin_daughter', 'Deform_daughter', 'Decay_daughter', 'ERG']","{'n_estimators': 1600, 'max_depth': 75, 'min_samples_leaf': 1, 'max_features': 0.75}"
51,0.0011349195296421707,"['Z', 'A', 'N', 'ME', 'BEA', 'BEA_A', 'AM', 'Sn', 'S2n', 'Sp', 'S2p', 'Radius', 'Shell', 'Spin', 'Deform', 'Decay_Const', 'Z_even', 'N_even', 'beta_deformation', 'gamma_deformation', 'rms_radius', 'n_rms_radius', 'p_rms_radius', 'n_gap_erg', 'p_gap_erg', 'n_chem_erg', 'p_chem_erg', 'Sn_compound', 'S2n_compound', 'Sp_compound', 'Radius_compound', 'ME_compound', 'BEA_compound', 'BEA_A_compound', 'Sn_daughter', 'S2n_daughter', 'Sp_daughter', 'S2p_daughter', 'Radius_daughter', 'ME_daughter', 'BEA_daughter', 'BEA_A_daughter', 'Shell_compound', 'Spin_compound', 'Deform_compound', 'Decay_compound', 'Shell_daughter', 'Spin_daughter', 'Deform_daughter', 'Decay_daughter', 'ERG']","{'n_estimators': 1500, 'max_depth': 75, 'min_samples_leaf': 1, 'max_features': 0.75}"
50,0.0011280879280093626,"['Z', 'A', 'N', 'ME', 'BEA', 'BEA_A', 'AM', 'Sn', 'S2n', 'Sp', 'S2p', 'Radius', 'Shell', 'Spin', 'Deform', 'Decay_Const', 'Z_even', 'N_even', 'beta_deformation', 'gamma_deformation', 'rms_radius', 'n_rms_radius', 'p_rms_radius', 'n_gap_erg', 'p_gap_erg', 'n_chem_erg', 'p_chem_erg', 'Sn_compound', 'Sp_compound', 'Radius_compound', 'ME_compound', 'BEA_compound', 'BEA_A_compound', 'Sn_daughter', 'S2n_daughter', 'Sp_daughter', 'S2p_daughter', 'Radius_daughter', 'ME_daughter', 'BEA_daughter', 'BEA_A_daughter', 'Shell_compound', 'Spin_compound', 'Deform_compound', 'Decay_compound', 'Shell_daughter', 'Spin_daughter', 'Deform_daughter', 'Decay_daughter', 'ERG']","{'n_estimators': 1600, 'max_depth': 75, 'min_samples_leaf': 1, 'max_features': 0.75}"
49,0.001121489084806844,"['Z', 'A', 'N', 'ME', 'BEA', 'BEA_A', 'AM', 'Sn', 'S2n', 'Sp', 'S2p', 'Radius', 'Shell', 'Spin', 'Deform', 'Decay_Const', 'Z_even', 'N_even', 'beta_deformation', 'gamma_deformation', 'rms_radius', 'n_rms_radius', 'p_rms_radius', 'n_gap_erg', 'p_gap_erg', 'n_chem_erg', 'p_chem_erg', 'Sn_compound', 'Sp_compound', 'Radius_compound', 'ME_compound', 'BEA_compound', 'BEA_A_compound', 'Sn_daughter', 'S2n_daughter', 'Sp_daughter', 'Radius_daughter', 'ME_daughter', 'BEA_daughter', 'BEA_A_daughter', 'Shell_compound', 'Spin_compound', 'Deform_compound', 'Decay_compound', 'Shell_daughter', 'Spin_daughter', 'Deform_daughter', 'Decay_daughter', 'ERG']","{'n_estimators': 1500, 'max_depth': 75, 'min_samples_leaf': 1, 'max_features': 0.75}"
48,0.0011173735530709819,"['A', 'N', 'ME', 'BEA', 'BEA_A', 'AM', 'Sn', 'S2n', 'Sp', 'S2p', 'Radius', 'Shell', 'Spin', 'Deform', 'Decay_Const', 'Z_even', 'N_even', 'beta_deformation', 'gamma_deformation', 'rms_radius', 'n_rms_radius', 'p_rms_radius', 'n_gap_erg', 'p_gap_erg', 'n_chem_erg', 'p_chem_erg', 'Sn_compound', 'Sp_compound', 'Radius_compound', 'ME_compound', 'BEA_compound', 'BEA_A_compound', 'Sn_daughter', 'S2n_daughter', 'Sp_daughter', 'Radius_daughter', 'ME_daughter', 'BEA_daughter', 'BEA_A_daughter', 'Shell_compound', 'Spin_compound', 'Deform_compound', 'Decay_compound', 'Shell_daughter', 'Spin_daughter', 'Deform_daughter', 'Decay_daughter', 'ERG']","{'n_estimators': 1000, 'max_depth': 80, 'min_samples_leaf': 1, 'max_features': 0.75}"
47,0.0011306379771140662,"['A', 'N', 'ME', 'BEA', 'BEA_A', 'AM', 'Sn', 'S2n', 'Sp', 'S2p', 'Radius', 'Shell', 'Spin', 'Decay_Const', 'Z_even', 'N_even', 'beta_deformation', 'gamma_deformation', 'rms_radius', 'n_rms_radius', 'p_rms_radius', 'n_gap_erg', 'p_gap_erg', 'n_chem_erg', 'p_chem_erg', 'Sn_compound', 'Sp_compound', 'Radius_compound', 'ME_compound', 'BEA_compound', 'BEA_A_compound', 'Sn_daughter', 'S2n_daughter', 'Sp_daughter', 'Radius_daughter', 'ME_daughter', 'BEA_daughter', 'BEA_A_daughter', 'Shell_compound', 'Spin_compound', 'Deform_compound', 'Decay_compound', 'Shell_daughter', 'Spin_daughter', 'Deform_daughter', 'Decay_daughter', 'ERG']","{'n_estimators': 1600, 'max_depth': 75, 'min_samples_leaf': 1, 'max_features': 0.75}"
46,0.001130971962044593,"['A', 'N', 'ME', 'BEA', 'BEA_A', 'AM', 'Sn', 'S2n', 'Sp', 'S2p', 'Radius', 'Shell', 'Spin', 'Decay_Const', 'Z_even', 'N_even', 'beta_deformation', 'gamma_deformation', 'rms_radius', 'n_rms_radius', 'p_rms_radius', 'n_gap_erg', 'p_gap_erg', 'n_chem_erg', 'p_chem_erg', 'Sn_compound', 'Sp_compound', 'Radius_compound', 'ME_compound', 'BEA_compound', 'BEA_A_compound', 'Sn_daughter', 'Sp_daughter', 'Radius_daughter', 'ME_daughter', 'BEA_daughter', 'BEA_A_daughter', 'Shell_compound', 'Spin_compound', 'Deform_compound', 'Decay_compound', 'Shell_daughter', 'Spin_daughter', 'Deform_daughter', 'Decay_daughter', 'ERG']","{'n_estimators': 1500, 'max_depth': 75, 'min_samples_leaf': 1, 'max_features': 0.75}"
45,0.0011230889401522791,"['A', 'N', 'ME', 'BEA', 'BEA_A', 'AM', 'Sn', 'S2n', 'Sp', 'S2p', 'Radius', 'Shell', 'Spin', 'Decay_Const', 'Z_even', 'N_even', 'beta_deformation', 'gamma_deformation', 'rms_radius', 'n_rms_radius', 'p_rms_radius', 'n_gap_erg', 'p_gap_erg', 'n_chem_erg', 'p_chem_erg', 'Sn_compound', 'Sp_compound', 'Radius_compound', 'BEA_compound', 'BEA_A_compound', 'Sn_daughter', 'Sp_daughter', 'Radius_daughter', 'ME_daughter', 'BEA_daughter', 'BEA_A_daughter', 'Shell_compound', 'Spin_compound', 'Deform_compound', 'Decay_compound', 'Shell_daughter', 'Spin_daughter', 'Deform_daughter', 'Decay_daughter', 'ERG']","{'n_estimators': 1500, 'max_depth': 75, 'min_samples_leaf': 1, 'max_features': 0.75}"
44,0.0011358159258362086,"['A', 'N', 'ME', 'BEA', 'BEA_A', 'AM', 'Sn', 'S2n', 'Sp', 'S2p', 'Radius', 'Shell', 'Decay_Const', 'Z_even', 'N_even', 'beta_deformation', 'gamma_deformation', 'rms_radius', 'n_rms_radius', 'p_rms_radius', 'n_gap_erg', 'p_gap_erg', 'n_chem_erg', 'p_chem_erg', 'Sn_compound', 'Sp_compound', 'Radius_compound', 'BEA_compound', 'BEA_A_compound', 'Sn_daughter', 'Sp_daughter', 'Radius_daughter', 'ME_daughter', 'BEA_daughter', 'BEA_A_daughter', 'Shell_compound', 'Spin_compound', 'Deform_compound', 'Decay_compound', 'Shell_daughter', 'Spin_daughter', 'Deform_daughter', 'Decay_daughter', 'ERG']","{'n_estimators': 1500, 'max_depth': 75, 'min_samples_leaf': 1, 'max_features': 0.75}"
43,0.0011236201834333318,"['A', 'N', 'ME', 'BEA', 'BEA_A', 'AM', 'Sn', 'S2n', 'Sp', 'S2p', 'Radius', 'Shell', 'Decay_Const', 'Z_even', 'N_even', 'beta_deformation', 'gamma_deformation', 'rms_radius', 'n_rms_radius', 'p_rms_radius', 'n_gap_erg', 'p_gap_erg', 'n_chem_erg', 'p_chem_erg', 'Sn_compound', 'Sp_compound', 'Radius_compound', 'BEA_compound', 'BEA_A_compound', 'Sn_daughter', 'Sp_daughter', 'Radius_daughter', 'ME_daughter', 'BEA_daughter', 'BEA_A_daughter', 'Shell_compound', 'Spin_compound', 'Decay_compound', 'Shell_daughter', 'Spin_daughter', 'Deform_daughter', 'Decay_daughter', 'ERG']","{'n_estimators': 1600, 'max_depth': 75, 'min_samples_leaf': 1, 'max_features': 0.75}"
42,0.001119306607151842,"['A', 'N', 'ME', 'BEA', 'BEA_A', 'AM', 'Sn', 'S2n', 'Sp', 'S2p', 'Radius', 'Shell', 'Decay_Const', 'Z_even', 'N_even', 'beta_deformation', 'gamma_deformation', 'rms_radius', 'n_rms_radius', 'p_rms_radius', 'n_gap_erg', 'p_gap_erg', 'n_chem_erg', 'p_chem_erg', 'Sn_compound', 'Radius_compound', 'BEA_compound', 'BEA_A_compound', 'Sn_daughter', 'Sp_daughter', 'Radius_daughter', 'ME_daughter', 'BEA_daughter', 'BEA_A_daughter', 'Shell_compound', 'Spin_compound', 'Decay_compound', 'Shell_daughter', 'Spin_daughter', 'Deform_daughter', 'Decay_daughter', 'ERG']","{'n_estimators': 1600, 'max_depth': 75, 'min_samples_leaf': 1, 'max_features': 0.75}"
41,0.001098398649169925,"['A', 'N', 'ME', 'BEA', 'BEA_A', 'AM', 'Sn', 'S2n', 'Sp', 'S2p', 'Radius', 'Shell', 'Decay_Const', 'Z_even', 'N_even', 'beta_deformation', 'gamma_deformation', 'rms_radius', 'n_rms_radius', 'p_rms_radius', 'n_gap_erg', 'p_gap_erg', 'n_chem_erg', 'p_chem_erg', 'Sn_compound', 'Radius_compound', 'BEA_compound', 'BEA_A_compound', 'Sn_daughter', 'Sp_daughter', 'Radius_daughter', 'ME_daughter', 'BEA_daughter', 'BEA_A_daughter', 'Spin_compound', 'Decay_compound', 'Shell_daughter', 'Spin_daughter', 'Deform_daughter', 'Decay_daughter', 'ERG']","{'n_estimators': 1000, 'max_depth': 80, 'min_samples_leaf': 1, 'max_features': 0.75}"
40,0.0011216439530191162,"['A', 'N', 'ME', 'BEA', 'BEA_A', 'AM', 'Sn', 'S2n', 'Sp', 'S2p', 'Radius', 'Shell', 'Decay_Const', 'N_even', 'beta_deformation', 'gamma_deformation', 'rms_radius', 'n_rms_radius', 'p_rms_radius', 'n_gap_erg', 'p_gap_erg', 'n_chem_erg', 'p_chem_erg', 'Sn_compound', 'Radius_compound', 'BEA_compound', 'BEA_A_compound', 'Sn_daughter', 'Sp_daughter', 'Radius_daughter', 'ME_daughter', 'BEA_daughter', 'BEA_A_daughter', 'Spin_compound', 'Decay_compound', 'Shell_daughter', 'Spin_daughter', 'Deform_daughter', 'Decay_daughter', 'ERG']","{'n_estimators': 1600, 'max_depth': 75, 'min_samples_leaf': 1, 'max_features': 0.75}"
39,0.0011094900613189038,"['A', 'N', 'ME', 'BEA', 'BEA_A', 'AM', 'Sn', 'S2n', 'Sp', 'S2p', 'Radius', 'Shell', 'N_even', 'beta_deformation', 'gamma_deformation', 'rms_radius', 'n_rms_radius', 'p_rms_radius', 'n_gap_erg', 'p_gap_erg', 'n_chem_erg', 'p_chem_erg', 'Sn_compound', 'Radius_compound', 'BEA_compound', 'BEA_A_compound', 'Sn_daughter', 'Sp_daughter', 'Radius_daughter', 'ME_daughter', 'BEA_daughter', 'BEA_A_daughter', 'Spin_compound', 'Decay_compound', 'Shell_daughter', 'Spin_daughter', 'Deform_daughter', 'Decay_daughter', 'ERG']","{'n_estimators': 1600, 'max_depth': 75, 'min_samples_leaf': 1, 'max_features': 0.75}"
38,0.0011073439269499545,"['A', 'N', 'ME', 'BEA', 'BEA_A', 'AM', 'Sn', 'S2n', 'Sp', 'S2p', 'Radius', 'Shell', 'N_even', 'gamma_deformation', 'rms_radius', 'n_rms_radius', 'p_rms_radius', 'n_gap_erg', 'p_gap_erg', 'n_chem_erg', 'p_chem_erg', 'Sn_compound', 'Radius_compound', 'BEA_compound', 'BEA_A_compound', 'Sn_daughter', 'Sp_daughter', 'Radius_daughter', 'ME_daughter', 'BEA_daughter', 'BEA_A_daughter', 'Spin_compound', 'Decay_compound', 'Shell_daughter', 'Spin_daughter', 'Deform_daughter', 'Decay_daughter', 'ERG']","{'n_estimators': 1000, 'max_depth': 80, 'min_samples_leaf': 1, 'max_features': 0.75}"
37,0.0011051078316576344,"['A', 'N', 'ME', 'BEA', 'BEA_A', 'AM', 'Sn', 'S2n', 'Sp', 'S2p', 'Radius', 'Shell', 'N_even', 'gamma_deformation', 'rms_radius', 'n_rms_radius', 'p_rms_radius', 'n_gap_erg', 'p_gap_erg', 'n_chem_erg', 'p_chem_erg', 'Sn_compound', 'Radius_compound', 'BEA_A_compound', 'Sn_daughter', 'Sp_daughter', 'Radius_daughter', 'ME_daughter', 'BEA_daughter', 'BEA_A_daughter', 'Spin_compound', 'Decay_compound', 'Shell_daughter', 'Spin_daughter', 'Deform_daughter', 'Decay_daughter', 'ERG']","{'n_estimators': 1600, 'max_depth': 75, 'min_samples_leaf': 1, 'max_features': 0.75}"
36,0.0011154621144276564,"['A', 'N', 'ME', 'BEA', 'BEA_A', 'AM', 'Sn', 'S2n', 'Sp', 'S2p', 'Radius', 'Shell', 'N_even', 'gamma_deformation', 'rms_radius', 'n_rms_radius', 'p_rms_radius', 'n_gap_erg', 'p_gap_erg', 'n_chem_erg', 'p_chem_erg', 'Sn_compound', 'Radius_compound', 'BEA_A_compound', 'Sn_daughter', 'Sp_daughter', 'Radius_daughter', 'ME_daughter', 'BEA_daughter', 'BEA_A_daughter', 'Spin_compound', 'Shell_daughter', 'Spin_daughter', 'Deform_daughter', 'Decay_daughter', 'ERG']","{'n_estimators': 1000, 'max_depth': 80, 'min_samples_leaf': 1, 'max_features': 0.75}"
35,0.0011345123397070258,"['A', 'N', 'ME', 'BEA', 'BEA_A', 'AM', 'Sn', 'S2n', 'Sp', 'S2p', 'Radius', 'Shell', 'N_even', 'gamma_deformation', 'rms_radius', 'n_rms_radius', 'p_rms_radius', 'n_gap_erg', 'p_gap_erg', 'n_chem_erg', 'p_chem_erg', 'Sn_compound', 'Radius_compound', 'BEA_A_compound', 'Sn_daughter', 'Sp_daughter', 'Radius_daughter', 'ME_daughter', 'BEA_daughter', 'BEA_A_daughter', 'Shell_daughter', 'Spin_daughter', 'Deform_daughter', 'Decay_daughter', 'ERG']","{'n_estimators': 1500, 'max_depth': 75, 'min_samples_leaf': 1, 'max_features': 0.75}"
34,0.0011292020257146023,"['A', 'N', 'ME', 'BEA', 'BEA_A', 'AM', 'Sn', 'S2n', 'Sp', 'S2p', 'Radius', 'Shell', 'N_even', 'gamma_deformation', 'rms_radius', 'n_rms_radius', 'p_rms_radius', 'p_gap_erg', 'n_chem_erg', 'p_chem_erg', 'Sn_compound', 'Radius_compound', 'BEA_A_compound', 'Sn_daughter', 'Sp_daughter', 'Radius_daughter', 'ME_daughter', 'BEA_daughter', 'BEA_A_daughter', 'Shell_daughter', 'Spin_daughter', 'Deform_daughter', 'Decay_daughter', 'ERG']","{'n_estimators': 1000, 'max_depth': 80, 'min_samples_leaf': 1, 'max_features': 0.75}"
33,0.001121758004537932,"['A', 'N', 'ME', 'BEA', 'BEA_A', 'AM', 'Sn', 'S2n', 'Sp', 'S2p', 'Radius', 'Shell', 'N_even', 'gamma_deformation', 'rms_radius', 'n_rms_radius', 'p_rms_radius', 'p_gap_erg', 'n_chem_erg', 'p_chem_erg', 'Sn_compound', 'Radius_compound', 'BEA_A_compound', 'Sn_daughter', 'Radius_daughter', 'ME_daughter', 'BEA_daughter', 'BEA_A_daughter', 'Shell_daughter', 'Spin_daughter', 'Deform_daughter', 'Decay_daughter', 'ERG']","{'n_estimators': 1000, 'max_depth': 80, 'min_samples_leaf': 1, 'max_features': 0.75}"
32,0.0011468704066830856,"['A', 'N', 'ME', 'BEA', 'BEA_A', 'AM', 'Sn', 'S2n', 'Sp', 'S2p', 'Radius', 'Shell', 'N_even', 'gamma_deformation', 'rms_radius', 'n_rms_radius', 'p_rms_radius', 'n_chem_erg', 'p_chem_erg', 'Sn_compound', 'Radius_compound', 'BEA_A_compound', 'Sn_daughter', 'Radius_daughter', 'ME_daughter', 'BEA_daughter', 'BEA_A_daughter', 'Shell_daughter', 'Spin_daughter', 'Deform_daughter', 'Decay_daughter', 'ERG']","{'n_estimators': 1500, 'max_depth': 75, 'min_samples_leaf': 1, 'max_features': 0.75}"
31,0.0011389744372460155,"['A', 'N', 'ME', 'BEA', 'BEA_A', 'AM', 'Sn', 'S2n', 'Sp', 'S2p', 'Radius', 'Shell', 'N_even', 'gamma_deformation', 'rms_radius', 'n_rms_radius', 'p_rms_radius', 'n_chem_erg', 'p_chem_erg', 'Sn_compound', 'Radius_compound', 'BEA_A_compound', 'Radius_daughter', 'ME_daughter', 'BEA_daughter', 'BEA_A_daughter', 'Shell_daughter', 'Spin_daughter', 'Deform_daughter', 'Decay_daughter', 'ERG']","{'n_estimators': 1000, 'max_depth': 80, 'min_samples_leaf': 1, 'max_features': 0.75}"
30,0.0011375463205182041,"['A', 'N', 'ME', 'BEA', 'BEA_A', 'AM', 'Sn', 'S2n', 'Sp', 'S2p', 'Radius', 'Shell', 'gamma_deformation', 'rms_radius', 'n_rms_radius', 'p_rms_radius', 'n_chem_erg', 'p_chem_erg', 'Sn_compound', 'Radius_compound', 'BEA_A_compound', 'Radius_daughter', 'ME_daughter', 'BEA_daughter', 'BEA_A_daughter', 'Shell_daughter', 'Spin_daughter', 'Deform_daughter', 'Decay_daughter', 'ERG']","{'n_estimators': 1600, 'max_depth': 75, 'min_samples_leaf': 1, 'max_features': 0.75}"
29,0.0011275700285400996,"['A', 'N', 'ME', 'BEA', 'BEA_A', 'AM', 'Sn', 'S2n', 'Sp', 'S2p', 'Radius', 'Shell', 'gamma_deformation', 'rms_radius', 'n_rms_radius', 'p_rms_radius', 'n_chem_erg', 'p_chem_erg', 'Sn_compound', 'Radius_compound', 'BEA_A_compound', 'Radius_daughter', 'ME_daughter', 'BEA_daughter', 'BEA_A_daughter', 'Shell_daughter', 'Spin_daughter', 'Decay_daughter', 'ERG']","{'n_estimators': 1600, 'max_depth': 75, 'min_samples_leaf': 1, 'max_features': 0.75}"
28,0.0011357805132746384,"['A', 'N', 'ME', 'BEA', 'BEA_A', 'AM', 'Sn', 'S2n', 'Sp', 'S2p', 'Radius', 'Shell', 'gamma_deformation', 'rms_radius', 'n_rms_radius', 'p_rms_radius', 'n_chem_erg', 'p_chem_erg', 'Sn_compound', 'Radius_compound', 'BEA_A_compound', 'Radius_daughter', 'ME_daughter', 'BEA_daughter', 'BEA_A_daughter', 'Shell_daughter', 'Spin_daughter', 'ERG']","{'n_estimators': 1600, 'max_depth': 75, 'min_samples_leaf': 1, 'max_features': 0.75}"
27,0.0011196833470599014,"['A', 'N', 'ME', 'BEA', 'BEA_A', 'AM', 'Sn', 'S2n', 'Sp', 'S2p', 'Radius', 'Shell', 'gamma_deformation', 'rms_radius', 'n_rms_radius', 'p_rms_radius', 'n_chem_erg', 'p_chem_erg', 'Sn_compound', 'BEA_A_compound', 'Radius_daughter', 'ME_daughter', 'BEA_daughter', 'BEA_A_daughter', 'Shell_daughter', 'Spin_daughter', 'ERG']","{'n_estimators': 1600, 'max_depth': 75, 'min_samples_leaf': 1, 'max_features': 0.75}"
26,0.0011368823824924718,"['A', 'N', 'ME', 'BEA', 'BEA_A', 'AM', 'Sn', 'S2n', 'Sp', 'S2p', 'Radius', 'Shell', 'gamma_deformation', 'rms_radius', 'n_rms_radius', 'p_rms_radius', 'n_chem_erg', 'p_chem_erg', 'BEA_A_compound', 'Radius_daughter', 'ME_daughter', 'BEA_daughter', 'BEA_A_daughter', 'Shell_daughter', 'Spin_daughter', 'ERG']","{'n_estimators': 1600, 'max_depth': 75, 'min_samples_leaf': 1, 'max_features': 0.75}"
25,0.0011136913336026082,"['A', 'N', 'ME', 'BEA', 'BEA_A', 'AM', 'Sn', 'S2n', 'Sp', 'S2p', 'Radius', 'Shell', 'gamma_deformation', 'rms_radius', 'n_rms_radius', 'p_rms_radius', 'n_chem_erg', 'p_chem_erg', 'BEA_A_compound', 'Radius_daughter', 'BEA_daughter', 'BEA_A_daughter', 'Shell_daughter', 'Spin_daughter', 'ERG']","{'n_estimators': 1600, 'max_depth': 75, 'min_samples_leaf': 1, 'max_features': 0.75}"
24,0.0011297447313284592,"['A', 'N', 'ME', 'BEA', 'BEA_A', 'AM', 'Sn', 'S2n', 'Sp', 'S2p', 'Radius', 'Shell', 'gamma_deformation', 'rms_radius', 'n_rms_radius', 'p_rms_radius', 'n_chem_erg', 'p_chem_erg', 'BEA_A_compound', 'Radius_daughter', 'BEA_daughter', 'BEA_A_daughter', 'Spin_daughter', 'ERG']","{'n_estimators': 1600, 'max_depth': 75, 'min_samples_leaf': 1, 'max_features': 0.75}"
23,0.0011302747247416338,"['A', 'N', 'ME', 'BEA', 'BEA_A', 'AM', 'Sn', 'S2n', 'Sp', 'S2p', 'Radius', 'Shell', 'gamma_deformation', 'rms_radius', 'n_rms_radius', 'p_rms_radius', 'n_chem_erg', 'p_chem_erg', 'BEA_A_compound', 'Radius_daughter', 'BEA_A_daughter', 'Spin_daughter', 'ERG']","{'n_estimators': 1000, 'max_depth': 80, 'min_samples_leaf': 1, 'max_features': 0.75}"
22,0.0011272306808725763,"['N', 'ME', 'BEA', 'BEA_A', 'AM', 'Sn', 'S2n', 'Sp', 'S2p', 'Radius', 'Shell', 'gamma_deformation', 'rms_radius', 'n_rms_radius', 'p_rms_radius', 'n_chem_erg', 'p_chem_erg', 'BEA_A_compound', 'Radius_daughter', 'BEA_A_daughter', 'Spin_daughter', 'ERG']","{'n_estimators': 1600, 'max_depth': 75, 'min_samples_leaf': 1, 'max_features': 0.75}"
21,0.0011844439617347523,"['N', 'ME', 'BEA', 'BEA_A', 'AM', 'Sn', 'S2n', 'Sp', 'S2p', 'Radius', 'gamma_deformation', 'rms_radius', 'n_rms_radius', 'p_rms_radius', 'n_chem_erg', 'p_chem_erg', 'BEA_A_compound', 'Radius_daughter', 'BEA_A_daughter', 'Spin_daughter', 'ERG']","{'n_estimators': 200, 'max_depth': 75, 'min_samples_leaf': 1, 'max_features': 0.75}"
20,0.0011521966527782879,"['N', 'ME', 'BEA', 'BEA_A', 'AM', 'Sn', 'S2n', 'Sp', 'S2p', 'Radius', 'rms_radius', 'n_rms_radius', 'p_rms_radius', 'n_chem_erg', 'p_chem_erg', 'BEA_A_compound', 'Radius_daughter', 'BEA_A_daughter', 'Spin_daughter', 'ERG']","{'n_estimators': 1500, 'max_depth': 75, 'min_samples_leaf': 1, 'max_features': 0.75}"
19,0.0011312140303883812,"['N', 'ME', 'BEA', 'BEA_A', 'AM', 'Sn', 'S2n', 'Sp', 'S2p', 'Radius', 'rms_radius', 'n_rms_radius', 'p_rms_radius', 'n_chem_erg', 'BEA_A_compound', 'Radius_daughter', 'BEA_A_daughter', 'Spin_daughter', 'ERG']","{'n_estimators': 1500, 'max_depth': 75, 'min_samples_leaf': 1, 'max_features': 0.75}"
18,0.001119999253716606,"['N', 'ME', 'BEA', 'BEA_A', 'AM', 'Sn', 'S2n', 'Sp', 'S2p', 'Radius', 'n_rms_radius', 'p_rms_radius', 'n_chem_erg', 'BEA_A_compound', 'Radius_daughter', 'BEA_A_daughter', 'Spin_daughter', 'ERG']","{'n_estimators': 1500, 'max_depth': 75, 'min_samples_leaf': 1, 'max_features': 0.75}"
17,0.0011098108398866892,"['N', 'ME', 'BEA', 'BEA_A', 'AM', 'Sn', 'S2n', 'Sp', 'S2p', 'Radius', 'n_rms_radius', 'p_rms_radius', 'n_chem_erg', 'BEA_A_compound', 'Radius_daughter', 'BEA_A_daughter', 'ERG']","{'n_estimators': 1600, 'max_depth': 75, 'min_samples_leaf': 1, 'max_features': 0.75}"
16,0.0011464331677549205,"['N', 'ME', 'BEA', 'BEA_A', 'AM', 'Sn', 'S2n', 'Sp', 'S2p', 'Radius', 'n_rms_radius', 'p_rms_radius', 'n_chem_erg', 'BEA_A_compound', 'BEA_A_daughter', 'ERG']","{'n_estimators': 1500, 'max_depth': 75, 'min_samples_leaf': 1, 'max_features': 0.75}"
15,0.0011241417081364988,"['N', 'ME', 'BEA', 'BEA_A', 'Sn', 'S2n', 'Sp', 'S2p', 'Radius', 'n_rms_radius', 'p_rms_radius', 'n_chem_erg', 'BEA_A_compound', 'BEA_A_daughter', 'ERG']","{'n_estimators': 1600, 'max_depth': 75, 'min_samples_leaf': 1, 'max_features': 0.75}"
14,0.0011431804672130351,"['N', 'ME', 'BEA', 'BEA_A', 'Sn', 'S2n', 'Sp', 'Radius', 'n_rms_radius', 'p_rms_radius', 'n_chem_erg', 'BEA_A_compound', 'BEA_A_daughter', 'ERG']","{'n_estimators': 1500, 'max_depth': 75, 'min_samples_leaf': 1, 'max_features': 0.75}"
13,0.0011376429477820528,"['N', 'BEA', 'BEA_A', 'Sn', 'S2n', 'Sp', 'Radius', 'n_rms_radius', 'p_rms_radius', 'n_chem_erg', 'BEA_A_compound', 'BEA_A_daughter', 'ERG']","{'n_estimators': 1500, 'max_depth': 75, 'min_samples_leaf': 1, 'max_features': 0.75}"
12,0.001199441705313915,"['N', 'BEA', 'BEA_A', 'Sn', 'S2n', 'Radius', 'n_rms_radius', 'p_rms_radius', 'n_chem_erg', 'BEA_A_compound', 'BEA_A_daughter', 'ERG']","{'n_estimators': 1600, 'max_depth': 75, 'min_samples_leaf': 1, 'max_features': 0.75}"
11,0.00117998927873206,"['N', 'BEA', 'BEA_A', 'Sn', 'S2n', 'Radius', 'n_rms_radius', 'n_chem_erg', 'BEA_A_compound', 'BEA_A_daughter', 'ERG']","{'n_estimators': 1600, 'max_depth': 75, 'min_samples_leaf': 1, 'max_features': 0.75}"
10,0.0011569968991945166,"['N', 'BEA', 'BEA_A', 'Sn', 'S2n', 'Radius', 'n_rms_radius', 'n_chem_erg', 'BEA_A_daughter', 'ERG']","{'n_estimators': 1500, 'max_depth': 75, 'min_samples_leaf': 1, 'max_features': 0.75}"
9,0.0011474472973682039,"['BEA', 'BEA_A', 'Sn', 'S2n', 'Radius', 'n_rms_radius', 'n_chem_erg', 'BEA_A_daughter', 'ERG']","{'n_estimators': 1000, 'max_depth': 80, 'min_samples_leaf': 1, 'max_features': 0.75}"
8,0.001086284132210851,"['BEA_A', 'Sn', 'S2n', 'Radius', 'n_rms_radius', 'n_chem_erg', 'BEA_A_daughter', 'ERG']","{'n_estimators': 1500, 'max_depth': 65, 'min_samples_leaf': 1, 'max_features': 'log2'}"
7,0.0012285945785503074,"['BEA_A', 'Sn', 'S2n', 'Radius', 'n_rms_radius', 'BEA_A_daughter', 'ERG']","{'n_estimators': 1600, 'max_depth': 75, 'min_samples_leaf': 1, 'max_features': 0.75}"
6,0.0012187857327355617,"['BEA_A', 'Sn', 'S2n', 'n_rms_radius', 'BEA_A_daughter', 'ERG']","{'n_estimators': 1000, 'max_depth': 80, 'min_samples_leaf': 1, 'max_features': 0.75}"
5,0.0011116694961124008,"['BEA_A', 'Sn', 'S2n', 'n_rms_radius', 'ERG']","{'n_estimators': 1500, 'max_depth': 70, 'min_samples_leaf': 1, 'max_features': 'log2'}"
4,0.0026074904264676737,"['BEA_A', 'S2n', 'n_rms_radius', 'ERG']","{'n_estimators': 1600, 'max_depth': 70, 'min_samples_leaf': 1, 'max_features': 0.25}"
