n_features,mse,kept_cols,best_params
60,0.0011448549286750282,"['Z', 'A', 'N', 'ME', 'BEA', 'BEA_A', 'AM', 'Sn', 'S2n', 'Sp', 'S2p', 'Radius', 'Pairing', 'Shell', 'Spin', 'Parity', 'Deform', 'Decay_Const', 'Z_even', 'A_even', 'N_even', 'beta_deformation', 'gamma_deformation', 'octopole_deformation', 'rms_radius', 'n_rms_radius', 'p_rms_radius', 'n_gap_erg', 'p_gap_erg', 'n_chem_erg', 'p_chem_erg', 'Sn_compound', 'S2n_compound', 'Sp_compound', 'S2p_compound', 'Radius_compound', 'ME_compound', 'BEA_compound', 'BEA_A_compound', 'Sn_daughter', 'S2n_daughter', 'Sp_daughter', 'S2p_daughter', 'Radius_daughter', 'ME_daughter', 'BEA_daughter', 'BEA_A_daughter', 'Pairing_compound', 'Shell_compound', 'Spin_compound', 'Parity_compound', 'Deform_compound', 'Decay_compound', 'Pairing_daughter', 'Shell_daughter', 'Spin_daughter', 'Parity_daughter', 'Deform_daughter', 'Decay_daughter', 'ERG']","{'n_estimators': 1600, 'max_depth': 75, 'min_samples_leaf': 1, 'max_features': 0.75}"
59,0.0011391521002252097,"['Z', 'A', 'N', 'ME', 'BEA', 'BEA_A', 'AM', 'Sn', 'S2n', 'Sp', 'S2p', 'Radius', 'Pairing', 'Shell', 'Spin', 'Deform', 'Decay_Const', 'Z_even', 'A_even', 'N_even', 'beta_deformation', 'gamma_deformation', 'octopole_deformation', 'rms_radius', 'n_rms_radius', 'p_rms_radius', 'n_gap_erg', 'p_gap_erg', 'n_chem_erg', 'p_chem_erg', 'Sn_compound', 'S2n_compound', 'Sp_compound', 'S2p_compound', 'Radius_compound', 'ME_compound', 'BEA_compound', 'BEA_A_compound', 'Sn_daughter', 'S2n_daughter', 'Sp_daughter', 'S2p_daughter', 'Radius_daughter', 'ME_daughter', 'BEA_daughter', 'BEA_A_daughter', 'Pairing_compound', 'Shell_compound', 'Spin_compound', 'Parity_compound', 'Deform_compound', 'Decay_compound', 'Pairing_daughter', 'Shell_daughter', 'Spin_daughter', 'Parity_daughter', 'Deform_daughter', 'Decay_daughter', 'ERG']","{'n_estimators': 1600, 'max_depth': 75, 'min_samples_leaf': 1, 'max_features': 0.75}"
58,0.001144362362700101,"['Z', 'A', 'N', 'ME', 'BEA', 'BEA_A', 'AM', 'Sn', 'S2n', 'Sp', 'S2p', 'Radius', 'Pairing', 'Shell', 'Spin', 'Deform', 'Decay_Const', 'Z_even', 'N_even', 'beta_deformation', 'gamma_deformation', 'octopole_deformation', 'rms_radius', 'n_rms_radius', 'p_rms_radius', 'n_gap_erg', 'p_gap_erg', 'n_chem_erg', 'p_chem_erg', 'Sn_compound', 'S2n_compound', 'Sp_compound', 'S2p_compound', 'Radius_compound', 'ME_compound', 'BEA_compound', 'BEA_A_compound', 'Sn_daughter', 'S2n_daughter', 'Sp_daughter', 'S2p_daughter', 'Radius_daughter', 'ME_daughter', 'BEA_daughter', 'BEA_A_daughter', 'Pairing_compound', 'Shell_compound', 'Spin_compound', 'Parity_compound', 'Deform_compound', 'Decay_compound', 'Pairing_daughter', 'Shell_daughter', 'Spin_daughter', 'Parity_daughter', 'Deform_daughter', 'Decay_daughter', 'ERG']","{'n_estimators': 1500, 'max_depth': 75, 'min_samples_leaf': 1, 'max_features': 0.75}"
57,0.0011437389992780714,"['Z', 'A', 'N', 'ME', 'BEA', 'BEA_A', 'AM', 'Sn', 'S2n', 'Sp', 'S2p', 'Radius', 'Pairing', 'Shell', 'Spin', 'Deform', 'Decay_Const', 'Z_even', 'N_even', 'beta_deformation', 'gamma_deformation', 'octopole_deformation', 'rms_radius', 'n_rms_radius', 'p_rms_radius', 'n_gap_erg', 'p_gap_erg', 'n_chem_erg', 'p_chem_erg', 'Sn_compound', 'S2n_compound', 'Sp_compound', 'S2p_compound', 'Radius_compound', 'ME_compound', 'BEA_compound', 'BEA_A_compound', 'Sn_daughter', 'S2n_daughter', 'Sp_daughter', 'S2p_daughter', 'Radius_daughter', 'ME_daughter', 'BEA_daughter', 'BEA_A_daughter', 'Pairing_compound', 'Shell_compound', 'Spin_compound', 'Parity_compound', 'Deform_compound', 'Decay_compound', 'Pairing_daughter', 'Shell_daughter', 'Spin_daughter', 'Deform_daughter', 'Decay_daughter', 'ERG']","{'n_estimators': 1600, 'max_depth': 75, 'min_samples_leaf': 1, 'max_features': 0.75}"
56,0.001138808576717228,"['Z', 'A', 'N', 'ME', 'BEA', 'BEA_A', 'AM', 'Sn', 'S2n', 'Sp', 'S2p', 'Radius', 'Pairing', 'Shell', 'Spin', 'Deform', 'Decay_Const', 'Z_even', 'N_even', 'beta_deformation', 'gamma_deformation', 'octopole_deformation', 'rms_radius', 'n_rms_radius', 'p_rms_radius', 'n_gap_erg', 'p_gap_erg', 'n_chem_erg', 'p_chem_erg', 'Sn_compound', 'S2n_compound', 'Sp_compound', 'S2p_compound', 'Radius_compound', 'ME_compound', 'BEA_compound', 'BEA_A_compound', 'Sn_daughter', 'S2n_daughter', 'Sp_daughter', 'S2p_daughter', 'Radius_daughter', 'ME_daughter', 'BEA_daughter', 'BEA_A_daughter', 'Pairing_compound', 'Shell_compound', 'Spin_compound', 'Deform_compound', 'Decay_compound', 'Pairing_daughter', 'Shell_daughter', 'Spin_daughter', 'Deform_daughter', 'Decay_daughter', 'ERG']","{'n_estimators': 1600, 'max_depth': 75, 'min_samples_leaf': 1, 'max_features': 0.75}"
55,0.00113614519707105,"['Z', 'A', 'N', 'ME', 'BEA', 'BEA_A', 'AM', 'Sn', 'S2n', 'Sp', 'S2p', 'Radius', 'Shell', 'Spin', 'Deform', 'Decay_Const', 'Z_even', 'N_even', 'beta_deformation', 'gamma_deformation', 'octopole_deformation', 'rms_radius', 'n_rms_radius', 'p_rms_radius', 'n_gap_erg', 'p_gap_erg', 'n_chem_erg', 'p_chem_erg', 'Sn_compound', 'S2n_compound', 'Sp_compound', 'S2p_compound', 'Radius_compound', 'ME_compound', 'BEA_compound', 'BEA_A_compound', 'Sn_daughter', 'S2n_daughter', 'Sp_daughter', 'S2p_daughter', 'Radius_daughter', 'ME_daughter', 'BEA_daughter', 'BEA_A_daughter', 'Pairing_compound', 'Shell_compound', 'Spin_compound', 'Deform_compound', 'Decay_compound', 'Pairing_daughter', 'Shell_daughter', 'Spin_daughter', 'Deform_daughter', 'Decay_daughter', 'ERG']","{'n_estimators': 1600, 'max_depth': 75, 'min_samples_leaf': 1, 'max_features': 0.75}"
54,0.0011267323508755214,"['Z', 'A', 'N', 'ME', 'BEA', 'BEA_A', 'AM', 'Sn', 'S2n', 'Sp', 'S2p', 'Radius', 'Shell', 'Spin', 'Deform', 'Decay_Const', 'Z_even', 'beta_deformation', 'gamma_deformation', 'octopole_deformation', 'rms_radius', 'n_rms_radius', 'p_rms_radius', 'n_gap_erg', 'p_gap_erg', 'n_chem_erg', 'p_chem_erg', 'Sn_compound', 'S2n_compound', 'Sp_compound', 'S2p_compound', 'Radius_compound', 'ME_compound', 'BEA_compound', 'BEA_A_compound', 'Sn_daughter', 'S2n_daughter', 'Sp_daughter', 'S2p_daughter', 'Radius_daughter', 'ME_daughter', 'BEA_daughter', 'BEA_A_daughter', 'Pairing_compound', 'Shell_compound', 'Spin_compound', 'Deform_compound', 'Decay_compound', 'Pairing_daughter', 'Shell_daughter', 'Spin_daughter', 'Deform_daughter', 'Decay_daughter', 'ERG']","{'n_estimators': 1500, 'max_depth': 75, 'min_samples_leaf': 1, 'max_features': 0.75}"
53,0.001129285169605011,"['Z', 'A', 'N', 'ME', 'BEA', 'BEA_A', 'AM', 'Sn', 'S2n', 'Sp', 'S2p', 'Radius', 'Shell', 'Spin', 'Deform', 'Decay_Const', 'Z_even', 'beta_deformation', 'gamma_deformation', 'octopole_deformation', 'rms_radius', 'n_rms_radius', 'p_rms_radius', 'n_gap_erg', 'p_gap_erg', 'n_chem_erg', 'p_chem_erg', 'Sn_compound', 'S2n_compound', 'Sp_compound', 'S2p_compound', 'Radius_compound', 'ME_compound', 'BEA_compound', 'BEA_A_compound', 'Sn_daughter', 'S2n_daughter', 'Sp_daughter', 'S2p_daughter', 'Radius_daughter', 'ME_daughter', 'BEA_daughter', 'BEA_A_daughter', 'Shell_compound', 'Spin_compound', 'Deform_compound', 'Decay_compound', 'Pairing_daughter', 'Shell_daughter', 'Spin_daughter', 'Deform_daughter', 'Decay_daughter', 'ERG']","{'n_estimators': 1600, 'max_depth': 75, 'min_samples_leaf': 1, 'max_features': 0.75}"
52,0.001145576270814091,"['Z', 'A', 'N', 'ME', 'BEA', 'BEA_A', 'AM', 'Sn', 'S2n', 'Sp', 'S2p', 'Radius', 'Shell', 'Spin', 'Deform', 'Decay_Const', 'Z_even', 'gamma_deformation', 'octopole_deformation', 'rms_radius', 'n_rms_radius', 'p_rms_radius', 'n_gap_erg', 'p_gap_erg', 'n_chem_erg', 'p_chem_erg', 'Sn_compound', 'S2n_compound', 'Sp_compound', 'S2p_compound', 'Radius_compound', 'ME_compound', 'BEA_compound', 'BEA_A_compound', 'Sn_daughter', 'S2n_daughter', 'Sp_daughter', 'S2p_daughter', 'Radius_daughter', 'ME_daughter', 'BEA_daughter', 'BEA_A_daughter', 'Shell_compound', 'Spin_compound', 'Deform_compound', 'Decay_compound', 'Pairing_daughter', 'Shell_daughter', 'Spin_daughter', 'Deform_daughter', 'Decay_daughter', 'ERG']","{'n_estimators': 1600, 'max_depth': 75, 'min_samples_leaf': 1, 'max_features': 0.75}"
51,0.0011386168207548405,"['Z', 'A', 'N', 'ME', 'BEA', 'BEA_A', 'AM', 'Sn', 'S2n', 'Sp', 'S2p', 'Radius', 'Shell', 'Spin', 'Decay_Const', 'Z_even', 'gamma_deformation', 'octopole_deformation', 'rms_radius', 'n_rms_radius', 'p_rms_radius', 'n_gap_erg', 'p_gap_erg', 'n_chem_erg', 'p_chem_erg', 'Sn_compound', 'S2n_compound', 'Sp_compound', 'S2p_compound', 'Radius_compound', 'ME_compound', 'BEA_compound', 'BEA_A_compound', 'Sn_daughter', 'S2n_daughter', 'Sp_daughter', 'S2p_daughter', 'Radius_daughter', 'ME_daughter', 'BEA_daughter', 'BEA_A_daughter', 'Shell_compound', 'Spin_compound', 'Deform_compound', 'Decay_compound', 'Pairing_daughter', 'Shell_daughter', 'Spin_daughter', 'Deform_daughter', 'Decay_daughter', 'ERG']","{'n_estimators': 1600, 'max_depth': 75, 'min_samples_leaf': 1, 'max_features': 0.75}"
50,0.0011249488861862767,"['Z', 'A', 'N', 'ME', 'BEA', 'BEA_A', 'AM', 'Sn', 'S2n', 'Sp', 'S2p', 'Radius', 'Shell', 'Spin', 'Decay_Const', 'Z_even', 'gamma_deformation', 'octopole_deformation', 'rms_radius', 'n_rms_radius', 'p_rms_radius', 'n_gap_erg', 'p_gap_erg', 'n_chem_erg', 'p_chem_erg', 'Sn_compound', 'S2n_compound', 'Sp_compound', 'S2p_compound', 'Radius_compound', 'ME_compound', 'BEA_compound', 'BEA_A_compound', 'Sn_daughter', 'S2n_daughter', 'S2p_daughter', 'Radius_daughter', 'ME_daughter', 'BEA_daughter', 'BEA_A_daughter', 'Shell_compound', 'Spin_compound', 'Deform_compound', 'Decay_compound', 'Pairing_daughter', 'Shell_daughter', 'Spin_daughter', 'Deform_daughter', 'Decay_daughter', 'ERG']","{'n_estimators': 1000, 'max_depth': 80, 'min_samples_leaf': 1, 'max_features': 0.75}"
49,0.0011308313388810306,"['Z', 'A', 'N', 'ME', 'BEA', 'BEA_A', 'AM', 'Sn', 'S2n', 'Sp', 'S2p', 'Radius', 'Shell', 'Spin', 'Decay_Const', 'gamma_deformation', 'octopole_deformation', 'rms_radius', 'n_rms_radius', 'p_rms_radius', 'n_gap_erg', 'p_gap_erg', 'n_chem_erg', 'p_chem_erg', 'Sn_compound', 'S2n_compound', 'Sp_compound', 'S2p_compound', 'Radius_compound', 'ME_compound', 'BEA_compound', 'BEA_A_compound', 'Sn_daughter', 'S2n_daughter', 'S2p_daughter', 'Radius_daughter', 'ME_daughter', 'BEA_daughter', 'BEA_A_daughter', 'Shell_compound', 'Spin_compound', 'Deform_compound', 'Decay_compound', 'Pairing_daughter', 'Shell_daughter', 'Spin_daughter', 'Deform_daughter', 'Decay_daughter', 'ERG']","{'n_estimators': 1500, 'max_depth': 75, 'min_samples_leaf': 1, 'max_features': 0.75}"
48,0.0011303069209119647,"['Z', 'A', 'N', 'ME', 'BEA', 'BEA_A', 'AM', 'Sn', 'S2n', 'Sp', 'S2p', 'Radius', 'Shell', 'Spin', 'Decay_Const', 'gamma_deformation', 'octopole_deformation', 'rms_radius', 'n_rms_radius', 'p_rms_radius', 'n_gap_erg', 'p_gap_erg', 'n_chem_erg', 'p_chem_erg', 'Sn_compound', 'S2n_compound', 'Sp_compound', 'S2p_compound', 'Radius_compound', 'ME_compound', 'BEA_compound', 'BEA_A_compound', 'Sn_daughter', 'S2n_daughter', 'S2p_daughter', 'Radius_daughter', 'BEA_daughter', 'BEA_A_daughter', 'Shell_compound', 'Spin_compound', 'Deform_compound', 'Decay_compound', 'Pairing_daughter', 'Shell_daughter', 'Spin_daughter', 'Deform_daughter', 'Decay_daughter', 'ERG']","{'n_estimators': 1500, 'max_depth': 75, 'min_samples_leaf': 1, 'max_features': 0.75}"
47,0.0011291962463728159,"['Z', 'A', 'N', 'ME', 'BEA', 'BEA_A', 'AM', 'Sn', 'S2n', 'Sp', 'S2p', 'Radius', 'Shell', 'Spin', 'Decay_Const', 'gamma_deformation', 'octopole_deformation', 'rms_radius', 'n_rms_radius', 'p_rms_radius', 'p_gap_erg', 'n_chem_erg', 'p_chem_erg', 'Sn_compound', 'S2n_compound', 'Sp_compound', 'S2p_compound', 'Radius_compound', 'ME_compound', 'BEA_compound', 'BEA_A_compound', 'Sn_daughter', 'S2n_daughter', 'S2p_daughter', 'Radius_daughter', 'BEA_daughter', 'BEA_A_daughter', 'Shell_compound', 'Spin_compound', 'Deform_compound', 'Decay_compound', 'Pairing_daughter', 'Shell_daughter', 'Spin_daughter', 'Deform_daughter', 'Decay_daughter', 'ERG']","{'n_estimators': 1000, 'max_depth': 80, 'min_samples_leaf': 1, 'max_features': 0.75}"
46,0.0011329814311980648,"['Z', 'A', 'N', 'ME', 'BEA', 'BEA_A', 'AM', 'Sn', 'S2n', 'Sp', 'S2p', 'Radius', 'Shell', 'Spin', 'Decay_Const', 'gamma_deformation', 'octopole_deformation', 'rms_radius', 'n_rms_radius', 'p_rms_radius', 'p_gap_erg', 'n_chem_erg', 'p_chem_erg', 'Sn_compound', 'S2n_compound', 'Sp_compound', 'S2p_compound', 'Radius_compound', 'ME_compound', 'BEA_A_compound', 'Sn_daughter', 'S2n_daughter', 'S2p_daughter', 'Radius_daughter', 'BEA_daughter', 'BEA_A_daughter', 'Shell_compound', 'Spin_compound', 'Deform_compound', 'Decay_compound', 'Pairing_daughter', 'Shell_daughter', 'Spin_daughter', 'Deform_daughter', 'Decay_daughter', 'ERG']","{'n_estimators': 1600, 'max_depth': 75, 'min_samples_leaf': 1, 'max_features': 0.75}"
45,0.0011265186605957547,"['Z', 'A', 'N', 'ME', 'BEA', 'BEA_A', 'AM', 'Sn', 'S2n', 'Sp', 'S2p', 'Radius', 'Shell', 'Spin', 'Decay_Const', 'gamma_deformation', 'octopole_deformation', 'rms_radius', 'n_rms_radius', 'p_rms_radius', 'p_gap_erg', 'n_chem_erg', 'p_chem_erg', 'Sn_compound', 'Sp_compound', 'S2p_compound', 'Radius_compound', 'ME_compound', 'BEA_A_compound', 'Sn_daughter', 'S2n_daughter', 'S2p_daughter', 'Radius_daughter', 'BEA_daughter', 'BEA_A_daughter', 'Shell_compound', 'Spin_compound', 'Deform_compound', 'Decay_compound', 'Pairing_daughter', 'Shell_daughter', 'Spin_daughter', 'Deform_daughter', 'Decay_daughter', 'ERG']","{'n_estimators': 1500, 'max_depth': 75, 'min_samples_leaf': 1, 'max_features': 0.75}"
44,0.0011417701804528366,"['Z', 'A', 'N', 'ME', 'BEA', 'BEA_A', 'AM', 'Sn', 'S2n', 'Sp', 'S2p', 'Radius', 'Shell', 'Spin', 'Decay_Const', 'gamma_deformation', 'octopole_deformation', 'rms_radius', 'n_rms_radius', 'p_rms_radius', 'p_gap_erg', 'n_chem_erg', 'p_chem_erg', 'Sn_compound', 'Sp_compound', 'S2p_compound', 'Radius_compound', 'ME_compound', 'BEA_A_compound', 'Sn_daughter', 'S2n_daughter', 'Radius_daughter', 'BEA_daughter', 'BEA_A_daughter', 'Shell_compound', 'Spin_compound', 'Deform_compound', 'Decay_compound', 'Pairing_daughter', 'Shell_daughter', 'Spin_daughter', 'Deform_daughter', 'Decay_daughter', 'ERG']","{'n_estimators': 1600, 'max_depth': 75, 'min_samples_leaf': 1, 'max_features': 0.75}"
43,0.001141917193748458,"['Z', 'A', 'N', 'ME', 'BEA', 'BEA_A', 'AM', 'Sn', 'S2n', 'Sp', 'S2p', 'Radius', 'Spin', 'Decay_Const', 'gamma_deformation', 'octopole_deformation', 'rms_radius', 'n_rms_radius', 'p_rms_radius', 'p_gap_erg', 'n_chem_erg', 'p_chem_erg', 'Sn_compound', 'Sp_compound', 'S2p_compound', 'Radius_compound', 'ME_compound', 'BEA_A_compound', 'Sn_daughter', 'S2n_daughter', 'Radius_daughter', 'BEA_daughter', 'BEA_A_daughter', 'Shell_compound', 'Spin_compound', 'Deform_compound', 'Decay_compound', 'Pairing_daughter', 'Shell_daughter', 'Spin_daughter', 'Deform_daughter', 'Decay_daughter', 'ERG']","{'n_estimators': 1500, 'max_depth': 75, 'min_samples_leaf': 1, 'max_features': 0.75}"
42,0.00112865840273404,"['Z', 'A', 'N', 'ME', 'BEA', 'BEA_A', 'AM', 'Sn', 'S2n', 'Sp', 'S2p', 'Radius', 'Spin', 'Decay_Const', 'gamma_deformation', 'octopole_deformation', 'rms_radius', 'n_rms_radius', 'p_rms_radius', 'n_chem_erg', 'p_chem_erg', 'Sn_compound', 'Sp_compound', 'S2p_compound', 'Radius_compound', 'ME_compound', 'BEA_A_compound', 'Sn_daughter', 'S2n_daughter', 'Radius_daughter', 'BEA_daughter', 'BEA_A_daughter', 'Shell_compound', 'Spin_compound', 'Deform_compound', 'Decay_compound', 'Pairing_daughter', 'Shell_daughter', 'Spin_daughter', 'Deform_daughter', 'Decay_daughter', 'ERG']","{'n_estimators': 1500, 'max_depth': 75, 'min_samples_leaf': 1, 'max_features': 0.75}"
41,0.001141425554892841,"['Z', 'A', 'N', 'ME', 'BEA', 'BEA_A', 'AM', 'Sn', 'S2n', 'Sp', 'S2p', 'Radius', 'Decay_Const', 'gamma_deformation', 'octopole_deformation', 'rms_radius', 'n_rms_radius', 'p_rms_radius', 'n_chem_erg', 'p_chem_erg', 'Sn_compound', 'Sp_compound', 'S2p_compound', 'Radius_compound', 'ME_compound', 'BEA_A_compound', 'Sn_daughter', 'S2n_daughter', 'Radius_daughter', 'BEA_daughter', 'BEA_A_daughter', 'Shell_compound', 'Spin_compound', 'Deform_compound', 'Decay_compound', 'Pairing_daughter', 'Shell_daughter', 'Spin_daughter', 'Deform_daughter', 'Decay_daughter', 'ERG']","{'n_estimators': 1600, 'max_depth': 75, 'min_samples_leaf': 1, 'max_features': 0.75}"
40,0.001140114540002069,"['Z', 'A', 'N', 'ME', 'BEA', 'BEA_A', 'AM', 'Sn', 'S2n', 'Sp', 'S2p', 'Radius', 'Decay_Const', 'gamma_deformation', 'octopole_deformation', 'rms_radius', 'n_rms_radius', 'p_rms_radius', 'n_chem_erg', 'p_chem_erg', 'Sn_compound', 'Sp_compound', 'S2p_compound', 'Radius_compound', 'ME_compound', 'BEA_A_compound', 'Sn_daughter', 'S2n_daughter', 'Radius_daughter', 'BEA_daughter', 'BEA_A_daughter', 'Shell_compound', 'Spin_compound', 'Deform_compound', 'Decay_compound', 'Shell_daughter', 'Spin_daughter', 'Deform_daughter', 'Decay_daughter', 'ERG']","{'n_estimators': 1000, 'max_depth': 80, 'min_samples_leaf': 1, 'max_features': 0.75}"
39,0.001141314775883468,"['Z', 'A', 'N', 'ME', 'BEA', 'BEA_A', 'AM', 'Sn', 'S2n', 'Sp', 'S2p', 'Radius', 'Decay_Const', 'gamma_deformation', 'octopole_deformation', 'rms_radius', 'n_rms_radius', 'p_rms_radius', 'n_chem_erg', 'p_chem_erg', 'Sn_compound', 'S2p_compound', 'Radius_compound', 'ME_compound', 'BEA_A_compound', 'Sn_daughter', 'S2n_daughter', 'Radius_daughter', 'BEA_daughter', 'BEA_A_daughter', 'Shell_compound', 'Spin_compound', 'Deform_compound', 'Decay_compound', 'Shell_daughter', 'Spin_daughter', 'Deform_daughter', 'Decay_daughter', 'ERG']","{'n_estimators': 1600, 'max_depth': 75, 'min_samples_leaf': 1, 'max_features': 0.75}"
38,0.0011301204266280182,"['Z', 'A', 'N', 'ME', 'BEA', 'BEA_A', 'AM', 'Sn', 'S2n', 'Sp', 'S2p', 'Radius', 'Decay_Const', 'gamma_deformation', 'octopole_deformation', 'rms_radius', 'n_rms_radius', 'p_rms_radius', 'n_chem_erg', 'p_chem_erg', 'S2p_compound', 'Radius_compound', 'ME_compound', 'BEA_A_compound', 'Sn_daughter', 'S2n_daughter', 'Radius_daughter', 'BEA_daughter', 'BEA_A_daughter', 'Shell_compound', 'Spin_compound', 'Deform_compound', 'Decay_compound', 'Shell_daughter', 'Spin_daughter', 'Deform_daughter', 'Decay_daughter', 'ERG']","{'n_estimators': 1600, 'max_depth': 75, 'min_samples_leaf': 1, 'max_features': 0.75}"
37,0.0011793503278853333,"['Z', 'A', 'N', 'ME', 'BEA', 'BEA_A', 'AM', 'Sn', 'S2n', 'Sp', 'S2p', 'Radius', 'Decay_Const', 'gamma_deformation', 'octopole_deformation', 'rms_radius', 'n_rms_radius', 'p_rms_radius', 'n_chem_erg', 'S2p_compound', 'Radius_compound', 'ME_compound', 'BEA_A_compound', 'Sn_daughter', 'S2n_daughter', 'Radius_daughter', 'BEA_daughter', 'BEA_A_daughter', 'Shell_compound', 'Spin_compound', 'Deform_compound', 'Decay_compound', 'Shell_daughter', 'Spin_daughter', 'Deform_daughter', 'Decay_daughter', 'ERG']","{'n_estimators': 200, 'max_depth': 75, 'min_samples_leaf': 1, 'max_features': 0.75}"
36,0.0011535595264145313,"['Z', 'A', 'N', 'ME', 'BEA', 'BEA_A', 'AM', 'Sn', 'S2n', 'Sp', 'S2p', 'Radius', 'Decay_Const', 'gamma_deformation', 'octopole_deformation', 'rms_radius', 'n_rms_radius', 'p_rms_radius', 'n_chem_erg', 'S2p_compound', 'Radius_compound', 'ME_compound', 'BEA_A_compound', 'Sn_daughter', 'S2n_daughter', 'Radius_daughter', 'BEA_daughter', 'BEA_A_daughter', 'Shell_compound', 'Spin_compound', 'Deform_compound', 'Decay_compound', 'Shell_daughter', 'Spin_daughter', 'Decay_daughter', 'ERG']","{'n_estimators': 1500, 'max_depth': 75, 'min_samples_leaf': 1, 'max_features': 0.75}"
35,0.001144479043334139,"['Z', 'A', 'N', 'ME', 'BEA', 'BEA_A', 'AM', 'Sn', 'S2n', 'Sp', 'S2p', 'Radius', 'Decay_Const', 'octopole_deformation', 'rms_radius', 'n_rms_radius', 'p_rms_radius', 'n_chem_erg', 'S2p_compound', 'Radius_compound', 'ME_compound', 'BEA_A_compound', 'Sn_daughter', 'S2n_daughter', 'Radius_daughter', 'BEA_daughter', 'BEA_A_daughter', 'Shell_compound', 'Spin_compound', 'Deform_compound', 'Decay_compound', 'Shell_daughter', 'Spin_daughter', 'Decay_daughter', 'ERG']","{'n_estimators': 1500, 'max_depth': 75, 'min_samples_leaf': 1, 'max_features': 0.75}"
34,0.0011249659439553665,"['Z', 'A', 'N', 'ME', 'BEA', 'BEA_A', 'AM', 'Sn', 'S2n', 'Sp', 'S2p', 'Radius', 'Decay_Const', 'octopole_deformation', 'rms_radius', 'n_rms_radius', 'p_rms_radius', 'n_chem_erg', 'S2p_compound', 'Radius_compound', 'ME_compound', 'BEA_A_compound', 'Sn_daughter', 'S2n_daughter', 'Radius_daughter', 'BEA_daughter', 'BEA_A_daughter', 'Shell_compound', 'Spin_compound', 'Deform_compound', 'Decay_compound', 'Spin_daughter', 'Decay_daughter', 'ERG']","{'n_estimators': 1600, 'max_depth': 75, 'min_samples_leaf': 1, 'max_features': 0.75}"
33,0.0011182160227572301,"['Z', 'A', 'N', 'ME', 'BEA', 'BEA_A', 'AM', 'Sn', 'S2n', 'Sp', 'S2p', 'Radius', 'Decay_Const', 'octopole_deformation', 'rms_radius', 'n_rms_radius', 'p_rms_radius', 'n_chem_erg', 'S2p_compound', 'Radius_compound', 'ME_compound', 'BEA_A_compound', 'Sn_daughter', 'Radius_daughter', 'BEA_daughter', 'BEA_A_daughter', 'Shell_compound', 'Spin_compound', 'Deform_compound', 'Decay_compound', 'Spin_daughter', 'Decay_daughter', 'ERG']","{'n_estimators': 1000, 'max_depth': 80, 'min_samples_leaf': 1, 'max_features': 0.75}"
32,0.001114469413017678,"['Z', 'A', 'N', 'ME', 'BEA', 'BEA_A', 'AM', 'Sn', 'S2n', 'Sp', 'S2p', 'Radius', 'Decay_Const', 'octopole_deformation', 'rms_radius', 'n_rms_radius', 'p_rms_radius', 'n_chem_erg', 'S2p_compound', 'Radius_compound', 'ME_compound', 'BEA_A_compound', 'Sn_daughter', 'Radius_daughter', 'BEA_daughter', 'BEA_A_daughter', 'Spin_compound', 'Deform_compound', 'Decay_compound', 'Spin_daughter', 'Decay_daughter', 'ERG']","{'n_estimators': 1600, 'max_depth': 75, 'min_samples_leaf': 1, 'max_features': 0.75}"
31,0.0011043012681340573,"['Z', 'A', 'N', 'ME', 'BEA', 'BEA_A', 'AM', 'Sn', 'S2n', 'Sp', 'S2p', 'Radius', 'Decay_Const', 'octopole_deformation', 'rms_radius', 'n_rms_radius', 'p_rms_radius', 'n_chem_erg', 'S2p_compound', 'Radius_compound', 'BEA_A_compound', 'Sn_daughter', 'Radius_daughter', 'BEA_daughter', 'BEA_A_daughter', 'Spin_compound', 'Deform_compound', 'Decay_compound', 'Spin_daughter', 'Decay_daughter', 'ERG']","{'n_estimators': 1500, 'max_depth': 75, 'min_samples_leaf': 1, 'max_features': 0.75}"
30,0.0010951872255760896,"['Z', 'A', 'N', 'ME', 'BEA', 'BEA_A', 'AM', 'Sn', 'S2n', 'Sp', 'S2p', 'Radius', 'Decay_Const', 'octopole_deformation', 'rms_radius', 'n_rms_radius', 'p_rms_radius', 'n_chem_erg', 'Radius_compound', 'BEA_A_compound', 'Sn_daughter', 'Radius_daughter', 'BEA_daughter', 'BEA_A_daughter', 'Spin_compound', 'Deform_compound', 'Decay_compound', 'Spin_daughter', 'Decay_daughter', 'ERG']","{'n_estimators': 1600, 'max_depth': 75, 'min_samples_leaf': 1, 'max_features': 0.75}"
29,0.0010850476648101082,"['Z', 'A', 'N', 'ME', 'BEA', 'BEA_A', 'AM', 'Sn', 'S2n', 'Sp', 'S2p', 'Radius', 'Decay_Const', 'octopole_deformation', 'rms_radius', 'n_rms_radius', 'p_rms_radius', 'n_chem_erg', 'Radius_compound', 'BEA_A_compound', 'Sn_daughter', 'Radius_daughter', 'BEA_daughter', 'BEA_A_daughter', 'Spin_compound', 'Deform_compound', 'Decay_compound', 'Spin_daughter', 'ERG']","{'n_estimators': 1600, 'max_depth': 75, 'min_samples_leaf': 1, 'max_features': 0.75}"
28,0.001101273681898106,"['Z', 'A', 'N', 'ME', 'BEA', 'BEA_A', 'AM', 'Sn', 'S2n', 'Sp', 'S2p', 'Radius', 'Decay_Const', 'octopole_deformation', 'rms_radius', 'n_rms_radius', 'p_rms_radius', 'n_chem_erg', 'Radius_compound', 'BEA_A_compound', 'Sn_daughter', 'Radius_daughter', 'BEA_daughter', 'BEA_A_daughter', 'Spin_compound', 'Decay_compound', 'Spin_daughter', 'ERG']","{'n_estimators': 1500, 'max_depth': 75, 'min_samples_leaf': 1, 'max_features': 0.75}"
27,0.0010935701193075826,"['Z', 'A', 'N', 'ME', 'BEA', 'BEA_A', 'AM', 'Sn', 'S2n', 'Sp', 'S2p', 'Radius', 'Decay_Const', 'octopole_deformation', 'rms_radius', 'n_rms_radius', 'p_rms_radius', 'n_chem_erg', 'Radius_compound', 'BEA_A_compound', 'Sn_daughter', 'Radius_daughter', 'BEA_daughter', 'BEA_A_daughter', 'Spin_compound', 'Spin_daughter', 'ERG']","{'n_estimators': 200, 'max_depth': 75, 'min_samples_leaf': 1, 'max_features': 0.75}"
26,0.0010987745189501529,"['Z', 'A', 'N', 'ME', 'BEA', 'BEA_A', 'AM', 'Sn', 'S2n', 'Sp', 'Radius', 'Decay_Const', 'octopole_deformation', 'rms_radius', 'n_rms_radius', 'p_rms_radius', 'n_chem_erg', 'Radius_compound', 'BEA_A_compound', 'Sn_daughter', 'Radius_daughter', 'BEA_daughter', 'BEA_A_daughter', 'Spin_compound', 'Spin_daughter', 'ERG']","{'n_estimators': 1000, 'max_depth': 80, 'min_samples_leaf': 1, 'max_features': 0.75}"
25,0.0010930870978706573,"['Z', 'A', 'N', 'ME', 'BEA', 'BEA_A', 'AM', 'Sn', 'S2n', 'Sp', 'Radius', 'Decay_Const', 'octopole_deformation', 'rms_radius', 'n_rms_radius', 'p_rms_radius', 'n_chem_erg', 'Radius_compound', 'BEA_A_compound', 'Sn_daughter', 'Radius_daughter', 'BEA_A_daughter', 'Spin_compound', 'Spin_daughter', 'ERG']","{'n_estimators': 1500, 'max_depth': 75, 'min_samples_leaf': 1, 'max_features': 0.75}"
24,0.0011404853109914519,"['Z', 'A', 'N', 'ME', 'BEA', 'BEA_A', 'AM', 'Sn', 'S2n', 'Sp', 'Radius', 'Decay_Const', 'octopole_deformation', 'rms_radius', 'n_rms_radius', 'p_rms_radius', 'n_chem_erg', 'Radius_compound', 'BEA_A_compound', 'Sn_daughter', 'Radius_daughter', 'BEA_A_daughter', 'Spin_daughter', 'ERG']","{'n_estimators': 1500, 'max_depth': 75, 'min_samples_leaf': 1, 'max_features': 0.75}"
23,0.0011327532441953838,"['A', 'N', 'ME', 'BEA', 'BEA_A', 'AM', 'Sn', 'S2n', 'Sp', 'Radius', 'Decay_Const', 'octopole_deformation', 'rms_radius', 'n_rms_radius', 'p_rms_radius', 'n_chem_erg', 'Radius_compound', 'BEA_A_compound', 'Sn_daughter', 'Radius_daughter', 'BEA_A_daughter', 'Spin_daughter', 'ERG']","{'n_estimators': 1500, 'max_depth': 75, 'min_samples_leaf': 1, 'max_features': 0.75}"
22,0.0011075121476675103,"['A', 'N', 'ME', 'BEA', 'BEA_A', 'AM', 'Sn', 'S2n', 'Sp', 'Radius', 'Decay_Const', 'octopole_deformation', 'rms_radius', 'n_rms_radius', 'p_rms_radius', 'n_chem_erg', 'Radius_compound', 'BEA_A_compound', 'Radius_daughter', 'BEA_A_daughter', 'Spin_daughter', 'ERG']","{'n_estimators': 1600, 'max_depth': 75, 'min_samples_leaf': 1, 'max_features': 0.75}"
21,0.0011135281778235525,"['A', 'N', 'ME', 'BEA', 'BEA_A', 'AM', 'Sn', 'S2n', 'Radius', 'Decay_Const', 'octopole_deformation', 'rms_radius', 'n_rms_radius', 'p_rms_radius', 'n_chem_erg', 'Radius_compound', 'BEA_A_compound', 'Radius_daughter', 'BEA_A_daughter', 'Spin_daughter', 'ERG']","{'n_estimators': 1600, 'max_depth': 75, 'min_samples_leaf': 1, 'max_features': 0.75}"
20,0.0011502267257485449,"['A', 'N', 'ME', 'BEA', 'BEA_A', 'AM', 'Sn', 'S2n', 'Radius', 'Decay_Const', 'octopole_deformation', 'rms_radius', 'n_rms_radius', 'p_rms_radius', 'n_chem_erg', 'Radius_compound', 'BEA_A_compound', 'Radius_daughter', 'BEA_A_daughter', 'ERG']","{'n_estimators': 1500, 'max_depth': 75, 'min_samples_leaf': 1, 'max_features': 0.75}"
19,0.0011344567407770153,"['A', 'N', 'ME', 'BEA_A', 'AM', 'Sn', 'S2n', 'Radius', 'Decay_Const', 'octopole_deformation', 'rms_radius', 'n_rms_radius', 'p_rms_radius', 'n_chem_erg', 'Radius_compound', 'BEA_A_compound', 'Radius_daughter', 'BEA_A_daughter', 'ERG']","{'n_estimators': 1500, 'max_depth': 75, 'min_samples_leaf': 1, 'max_features': 0.75}"
18,0.0011363257705780234,"['A', 'N', 'ME', 'BEA_A', 'AM', 'Sn', 'S2n', 'Radius', 'Decay_Const', 'octopole_deformation', 'rms_radius', 'n_rms_radius', 'p_rms_radius', 'n_chem_erg', 'BEA_A_compound', 'Radius_daughter', 'BEA_A_daughter', 'ERG']","{'n_estimators': 1500, 'max_depth': 75, 'min_samples_leaf': 1, 'max_features': 0.75}"
17,0.001140039405388849,"['A', 'N', 'ME', 'BEA_A', 'AM', 'Sn', 'S2n', 'Radius', 'octopole_deformation', 'rms_radius', 'n_rms_radius', 'p_rms_radius', 'n_chem_erg', 'BEA_A_compound', 'Radius_daughter', 'BEA_A_daughter', 'ERG']","{'n_estimators': 1500, 'max_depth': 75, 'min_samples_leaf': 1, 'max_features': 0.75}"
16,0.0011815362620809758,"['A', 'N', 'ME', 'BEA_A', 'AM', 'Sn', 'S2n', 'Radius', 'octopole_deformation', 'rms_radius', 'n_rms_radius', 'n_chem_erg', 'BEA_A_compound', 'Radius_daughter', 'BEA_A_daughter', 'ERG']","{'n_estimators': 1500, 'max_depth': 75, 'min_samples_leaf': 1, 'max_features': 0.75}"
15,0.0011624615670274773,"['A', 'N', 'ME', 'BEA_A', 'AM', 'Sn', 'S2n', 'Radius', 'octopole_deformation', 'n_rms_radius', 'n_chem_erg', 'BEA_A_compound', 'Radius_daughter', 'BEA_A_daughter', 'ERG']","{'n_estimators': 1500, 'max_depth': 75, 'min_samples_leaf': 1, 'max_features': 0.75}"
14,0.0011648474716109785,"['A', 'N', 'ME', 'BEA_A', 'AM', 'Sn', 'S2n', 'Radius', 'octopole_deformation', 'n_rms_radius', 'BEA_A_compound', 'Radius_daughter', 'BEA_A_daughter', 'ERG']","{'n_estimators': 1600, 'max_depth': 75, 'min_samples_leaf': 1, 'max_features': 0.75}"
13,0.0011580041557173455,"['N', 'ME', 'BEA_A', 'AM', 'Sn', 'S2n', 'Radius', 'octopole_deformation', 'n_rms_radius', 'BEA_A_compound', 'Radius_daughter', 'BEA_A_daughter', 'ERG']","{'n_estimators': 1500, 'max_depth': 75, 'min_samples_leaf': 1, 'max_features': 0.75}"
12,0.0012248563126430374,"['N', 'BEA_A', 'AM', 'Sn', 'S2n', 'Radius', 'octopole_deformation', 'n_rms_radius', 'BEA_A_compound', 'Radius_daughter', 'BEA_A_daughter', 'ERG']","{'n_estimators': 1600, 'max_depth': 75, 'min_samples_leaf': 1, 'max_features': 0.75}"
11,0.0011986389947842805,"['N', 'BEA_A', 'AM', 'Sn', 'S2n', 'Radius', 'octopole_deformation', 'n_rms_radius', 'Radius_daughter', 'BEA_A_daughter', 'ERG']","{'n_estimators': 1600, 'max_depth': 75, 'min_samples_leaf': 1, 'max_features': 0.75}"
10,0.001194657843506905,"['N', 'BEA_A', 'AM', 'Sn', 'S2n', 'Radius', 'octopole_deformation', 'n_rms_radius', 'BEA_A_daughter', 'ERG']","{'n_estimators': 1500, 'max_depth': 75, 'min_samples_leaf': 1, 'max_features': 0.75}"
9,0.0011804464167540802,"['N', 'BEA_A', 'AM', 'Sn', 'S2n', 'Radius', 'n_rms_radius', 'BEA_A_daughter', 'ERG']","{'n_estimators': 1500, 'max_depth': 75, 'min_samples_leaf': 1, 'max_features': 0.75}"
8,0.0013714537691512508,"['N', 'BEA_A', 'AM', 'Sn', 'Radius', 'n_rms_radius', 'BEA_A_daughter', 'ERG']","{'n_estimators': 1100, 'max_depth': 75, 'min_samples_leaf': 1, 'max_features': 0.5}"
7,0.001353129106839089,"['N', 'BEA_A', 'AM', 'Sn', 'n_rms_radius', 'BEA_A_daughter', 'ERG']","{'n_estimators': 1500, 'max_depth': 55, 'min_samples_leaf': 1, 'max_features': 0.5}"
6,0.0014255603410249407,"['BEA_A', 'AM', 'Sn', 'n_rms_radius', 'BEA_A_daughter', 'ERG']","{'n_estimators': 1100, 'max_depth': 50, 'min_samples_leaf': 1, 'max_features': 0.5}"
5,0.0013578579576591294,"['BEA_A', 'AM', 'Sn', 'BEA_A_daughter', 'ERG']","{'n_estimators': 1500, 'max_depth': 55, 'min_samples_leaf': 1, 'max_features': 0.5}"
4,0.003121368613092045,"['BEA_A', 'AM', 'BEA_A_daughter', 'ERG']","{'n_estimators': 1600, 'max_depth': 70, 'min_samples_leaf': 1, 'max_features': 0.25}"
