{
  "cols": [
    "Deform_daughter",
    "Decay_daughter",
    "ERG"
  ],
  "best_mse": 0.0011440812499504244,
  "best_features": [
    "S2p",
    "Radius",
    "Pairing",
    "Shell",
    "Spin",
    "Parity",
    "Deform",
    "Decay_Const",
    "Z_even",
    "A_even",
    "N_even",
    "beta_deformation",
    "gamma_deformation",
    "octopole_deformation",
    "rms_radius",
    "n_rms_radius",
    "p_rms_radius",
    "n_gap_erg",
    "p_gap_erg",
    "n_chem_erg",
    "p_chem_erg",
    "Sn_compound",
    "S2n_compound",
    "Sp_compound",
    "S2p_compound",
    "Radius_compound",
    "ME_compound",
    "BEA_compound",
    "BEA_A_compound",
    "Sn_daughter",
    "S2n_daughter",
    "Sp_daughter",
    "S2p_daughter",
    "Radius_daughter",
    "ME_daughter",
    "BEA_daughter",
    "BEA_A_daughter",
    "Pairing_compound",
    "Shell_compound",
    "Spin_compound",
    "Parity_compound",
    "Deform_compound",
    "Decay_compound",
    "Pairing_daughter",
    "Shell_daughter",
    "Spin_daughter",
    "Parity_daughter",
    "Deform_daughter",
    "Decay_daughter",
    "ERG"
  ],
  "history": [
    {
      "n_features": 60,
      "mse": 0.002264999736459432,
      "kept_cols": [
        "Z",
        "A",
        "N",
        "ME",
        "BEA",
        "BEA_A",
        "AM",
        "Sn",
        "S2n",
        "Sp",
        "S2p",
        "Radius",
        "Pairing",
        "Shell",
        "Spin",
        "Parity",
        "Deform",
        "Decay_Const",
        "Z_even",
        "A_even",
        "N_even",
        "beta_deformation",
        "gamma_deformation",
        "octopole_deformation",
        "rms_radius",
        "n_rms_radius",
        "p_rms_radius",
        "n_gap_erg",
        "p_gap_erg",
        "n_chem_erg",
        "p_chem_erg",
        "Sn_compound",
        "S2n_compound",
        "Sp_compound",
        "S2p_compound",
        "Radius_compound",
        "ME_compound",
        "BEA_compound",
        "BEA_A_compound",
        "Sn_daughter",
        "S2n_daughter",
        "Sp_daughter",
        "S2p_daughter",
        "Radius_daughter",
        "ME_daughter",
        "BEA_daughter",
        "BEA_A_daughter",
        "Pairing_compound",
        "Shell_compound",
        "Spin_compound",
        "Parity_compound",
        "Deform_compound",
        "Decay_compound",
        "Pairing_daughter",
        "Shell_daughter",
        "Spin_daughter",
        "Parity_daughter",
        "Deform_daughter",
        "Decay_daughter",
        "ERG"
      ],
      "best_params": {
        "n_layers": 5,
        "units": 512,
        "activation": "gelu",
        "dropout": 0.14506745640790109,
        "learning_rate": 0.0010785261954526534,
        "l2": 2.744138452230574e-06,
        "batch_size": 128,
        "epochs": 80
      }
    },
    {
      "n_features": 59,
      "mse": 0.002440152365856658,
      "kept_cols": [
        "A",
        "N",
        "ME",
        "BEA",
        "BEA_A",
        "AM",
        "Sn",
        "S2n",
        "Sp",
        "S2p",
        "Radius",
        "Pairing",
        "Shell",
        "Spin",
        "Parity",
        "Deform",
        "Decay_Const",
        "Z_even",
        "A_even",
        "N_even",
        "beta_deformation",
        "gamma_deformation",
        "octopole_deformation",
        "rms_radius",
        "n_rms_radius",
        "p_rms_radius",
        "n_gap_erg",
        "p_gap_erg",
        "n_chem_erg",
        "p_chem_erg",
        "Sn_compound",
        "S2n_compound",
        "Sp_compound",
        "S2p_compound",
        "Radius_compound",
        "ME_compound",
        "BEA_compound",
        "BEA_A_compound",
        "Sn_daughter",
        "S2n_daughter",
        "Sp_daughter",
        "S2p_daughter",
        "Radius_daughter",
        "ME_daughter",
        "BEA_daughter",
        "BEA_A_daughter",
        "Pairing_compound",
        "Shell_compound",
        "Spin_compound",
        "Parity_compound",
        "Deform_compound",
        "Decay_compound",
        "Pairing_daughter",
        "Shell_daughter",
        "Spin_daughter",
        "Parity_daughter",
        "Deform_daughter",
        "Decay_daughter",
        "ERG"
      ],
      "best_params": {
        "n_layers": 5,
        "units": 512,
        "activation": "gelu",
        "dropout": 0.000785752415233168,
        "learning_rate": 0.0024273388315991153,
        "l2": 2.931094680926891e-06,
        "batch_size": 128,
        "epochs": 65
      }
    },
    {
      "n_features": 58,
      "mse": 0.0013560563462951748,
      "kept_cols": [
        "N",
        "ME",
        "BEA",
        "BEA_A",
        "AM",
        "Sn",
        "S2n",
        "Sp",
        "S2p",
        "Radius",
        "Pairing",
        "Shell",
        "Spin",
        "Parity",
        "Deform",
        "Decay_Const",
        "Z_even",
        "A_even",
        "N_even",
        "beta_deformation",
        "gamma_deformation",
        "octopole_deformation",
        "rms_radius",
        "n_rms_radius",
        "p_rms_radius",
        "n_gap_erg",
        "p_gap_erg",
        "n_chem_erg",
        "p_chem_erg",
        "Sn_compound",
        "S2n_compound",
        "Sp_compound",
        "S2p_compound",
        "Radius_compound",
        "ME_compound",
        "BEA_compound",
        "BEA_A_compound",
        "Sn_daughter",
        "S2n_daughter",
        "Sp_daughter",
        "S2p_daughter",
        "Radius_daughter",
        "ME_daughter",
        "BEA_daughter",
        "BEA_A_daughter",
        "Pairing_compound",
        "Shell_compound",
        "Spin_compound",
        "Parity_compound",
        "Deform_compound",
        "Decay_compound",
        "Pairing_daughter",
        "Shell_daughter",
        "Spin_daughter",
        "Parity_daughter",
        "Deform_daughter",
        "Decay_daughter",
        "ERG"
      ],
      "best_params": {
        "n_layers": 5,
        "units": 320,
        "activation": "gelu",
        "dropout": 0.00047666596481940604,
        "learning_rate": 0.0010686921238977892,
        "l2": 3.514844177686805e-06,
        "batch_size": 128,
        "epochs": 80
      }
    },
    {
      "n_features": 57,
      "mse": 0.0012011616517756155,
      "kept_cols": [
        "ME",
        "BEA",
        "BEA_A",
        "AM",
        "Sn",
        "S2n",
        "Sp",
        "S2p",
        "Radius",
        "Pairing",
        "Shell",
        "Spin",
        "Parity",
        "Deform",
        "Decay_Const",
        "Z_even",
        "A_even",
        "N_even",
        "beta_deformation",
        "gamma_deformation",
        "octopole_deformation",
        "rms_radius",
        "n_rms_radius",
        "p_rms_radius",
        "n_gap_erg",
        "p_gap_erg",
        "n_chem_erg",
        "p_chem_erg",
        "Sn_compound",
        "S2n_compound",
        "Sp_compound",
        "S2p_compound",
        "Radius_compound",
        "ME_compound",
        "BEA_compound",
        "BEA_A_compound",
        "Sn_daughter",
        "S2n_daughter",
        "Sp_daughter",
        "S2p_daughter",
        "Radius_daughter",
        "ME_daughter",
        "BEA_daughter",
        "BEA_A_daughter",
        "Pairing_compound",
        "Shell_compound",
        "Spin_compound",
        "Parity_compound",
        "Deform_compound",
        "Decay_compound",
        "Pairing_daughter",
        "Shell_daughter",
        "Spin_daughter",
        "Parity_daughter",
        "Deform_daughter",
        "Decay_daughter",
        "ERG"
      ],
      "best_params": {
        "n_layers": 5,
        "units": 320,
        "activation": "gelu",
        "dropout": 0.00976744675974502,
        "learning_rate": 0.0011555582403008258,
        "l2": 3.7294238300290033e-06,
        "batch_size": 128,
        "epochs": 80
      }
    },
    {
      "n_features": 56,
      "mse": 0.001889907624310751,
      "kept_cols": [
        "BEA",
        "BEA_A",
        "AM",
        "Sn",
        "S2n",
        "Sp",
        "S2p",
        "Radius",
        "Pairing",
        "Shell",
        "Spin",
        "Parity",
        "Deform",
        "Decay_Const",
        "Z_even",
        "A_even",
        "N_even",
        "beta_deformation",
        "gamma_deformation",
        "octopole_deformation",
        "rms_radius",
        "n_rms_radius",
        "p_rms_radius",
        "n_gap_erg",
        "p_gap_erg",
        "n_chem_erg",
        "p_chem_erg",
        "Sn_compound",
        "S2n_compound",
        "Sp_compound",
        "S2p_compound",
        "Radius_compound",
        "ME_compound",
        "BEA_compound",
        "BEA_A_compound",
        "Sn_daughter",
        "S2n_daughter",
        "Sp_daughter",
        "S2p_daughter",
        "Radius_daughter",
        "ME_daughter",
        "BEA_daughter",
        "BEA_A_daughter",
        "Pairing_compound",
        "Shell_compound",
        "Spin_compound",
        "Parity_compound",
        "Deform_compound",
        "Decay_compound",
        "Pairing_daughter",
        "Shell_daughter",
        "Spin_daughter",
        "Parity_daughter",
        "Deform_daughter",
        "Decay_daughter",
        "ERG"
      ],
      "best_params": {
        "n_layers": 2,
        "units": 512,
        "activation": "tanh",
        "dropout": 0.0007986980171656895,
        "learning_rate": 0.008337741746405797,
        "l2": 1.108203475923979e-06,
        "batch_size": 128,
        "epochs": 55
      }
    },
    {
      "n_features": 55,
      "mse": 0.0019643874278793146,
      "kept_cols": [
        "BEA_A",
        "AM",
        "Sn",
        "S2n",
        "Sp",
        "S2p",
        "Radius",
        "Pairing",
        "Shell",
        "Spin",
        "Parity",
        "Deform",
        "Decay_Const",
        "Z_even",
        "A_even",
        "N_even",
        "beta_deformation",
        "gamma_deformation",
        "octopole_deformation",
        "rms_radius",
        "n_rms_radius",
        "p_rms_radius",
        "n_gap_erg",
        "p_gap_erg",
        "n_chem_erg",
        "p_chem_erg",
        "Sn_compound",
        "S2n_compound",
        "Sp_compound",
        "S2p_compound",
        "Radius_compound",
        "ME_compound",
        "BEA_compound",
        "BEA_A_compound",
        "Sn_daughter",
        "S2n_daughter",
        "Sp_daughter",
        "S2p_daughter",
        "Radius_daughter",
        "ME_daughter",
        "BEA_daughter",
        "BEA_A_daughter",
        "Pairing_compound",
        "Shell_compound",
        "Spin_compound",
        "Parity_compound",
        "Deform_compound",
        "Decay_compound",
        "Pairing_daughter",
        "Shell_daughter",
        "Spin_daughter",
        "Parity_daughter",
        "Deform_daughter",
        "Decay_daughter",
        "ERG"
      ],
      "best_params": {
        "n_layers": 5,
        "units": 480,
        "activation": "gelu",
        "dropout": 1.92101571018493e-05,
        "learning_rate": 0.001065422058354153,
        "l2": 1.117824065734813e-06,
        "batch_size": 128,
        "epochs": 60
      }
    },
    {
      "n_features": 54,
      "mse": 0.002003741520442095,
      "kept_cols": [
        "AM",
        "Sn",
        "S2n",
        "Sp",
        "S2p",
        "Radius",
        "Pairing",
        "Shell",
        "Spin",
        "Parity",
        "Deform",
        "Decay_Const",
        "Z_even",
        "A_even",
        "N_even",
        "beta_deformation",
        "gamma_deformation",
        "octopole_deformation",
        "rms_radius",
        "n_rms_radius",
        "p_rms_radius",
        "n_gap_erg",
        "p_gap_erg",
        "n_chem_erg",
        "p_chem_erg",
        "Sn_compound",
        "S2n_compound",
        "Sp_compound",
        "S2p_compound",
        "Radius_compound",
        "ME_compound",
        "BEA_compound",
        "BEA_A_compound",
        "Sn_daughter",
        "S2n_daughter",
        "Sp_daughter",
        "S2p_daughter",
        "Radius_daughter",
        "ME_daughter",
        "BEA_daughter",
        "BEA_A_daughter",
        "Pairing_compound",
        "Shell_compound",
        "Spin_compound",
        "Parity_compound",
        "Deform_compound",
        "Decay_compound",
        "Pairing_daughter",
        "Shell_daughter",
        "Spin_daughter",
        "Parity_daughter",
        "Deform_daughter",
        "Decay_daughter",
        "ERG"
      ],
      "best_params": {
        "n_layers": 5,
        "units": 320,
        "activation": "gelu",
        "dropout": 0.013588164771756958,
        "learning_rate": 0.0006678581056308034,
        "l2": 9.258137990848557e-06,
        "batch_size": 32,
        "epochs": 80
      }
    },
    {
      "n_features": 53,
      "mse": 0.0020357114737087553,
      "kept_cols": [
        "Sn",
        "S2n",
        "Sp",
        "S2p",
        "Radius",
        "Pairing",
        "Shell",
        "Spin",
        "Parity",
        "Deform",
        "Decay_Const",
        "Z_even",
        "A_even",
        "N_even",
        "beta_deformation",
        "gamma_deformation",
        "octopole_deformation",
        "rms_radius",
        "n_rms_radius",
        "p_rms_radius",
        "n_gap_erg",
        "p_gap_erg",
        "n_chem_erg",
        "p_chem_erg",
        "Sn_compound",
        "S2n_compound",
        "Sp_compound",
        "S2p_compound",
        "Radius_compound",
        "ME_compound",
        "BEA_compound",
        "BEA_A_compound",
        "Sn_daughter",
        "S2n_daughter",
        "Sp_daughter",
        "S2p_daughter",
        "Radius_daughter",
        "ME_daughter",
        "BEA_daughter",
        "BEA_A_daughter",
        "Pairing_compound",
        "Shell_compound",
        "Spin_compound",
        "Parity_compound",
        "Deform_compound",
        "Decay_compound",
        "Pairing_daughter",
        "Shell_daughter",
        "Spin_daughter",
        "Parity_daughter",
        "Deform_daughter",
        "Decay_daughter",
        "ERG"
      ],
      "best_params": {
        "n_layers": 5,
        "units": 352,
        "activation": "gelu",
        "dropout": 0.05279914615221076,
        "learning_rate": 0.0011137061683932196,
        "l2": 5.6465572065754634e-06,
        "batch_size": 128,
        "epochs": 55
      }
    },
    {
      "n_features": 52,
      "mse": 0.0016440053694634416,
      "kept_cols": [
        "S2n",
        "Sp",
        "S2p",
        "Radius",
        "Pairing",
        "Shell",
        "Spin",
        "Parity",
        "Deform",
        "Decay_Const",
        "Z_even",
        "A_even",
        "N_even",
        "beta_deformation",
        "gamma_deformation",
        "octopole_deformation",
        "rms_radius",
        "n_rms_radius",
        "p_rms_radius",
        "n_gap_erg",
        "p_gap_erg",
        "n_chem_erg",
        "p_chem_erg",
        "Sn_compound",
        "S2n_compound",
        "Sp_compound",
        "S2p_compound",
        "Radius_compound",
        "ME_compound",
        "BEA_compound",
        "BEA_A_compound",
        "Sn_daughter",
        "S2n_daughter",
        "Sp_daughter",
        "S2p_daughter",
        "Radius_daughter",
        "ME_daughter",
        "BEA_daughter",
        "BEA_A_daughter",
        "Pairing_compound",
        "Shell_compound",
        "Spin_compound",
        "Parity_compound",
        "Deform_compound",
        "Decay_compound",
        "Pairing_daughter",
        "Shell_daughter",
        "Spin_daughter",
        "Parity_daughter",
        "Deform_daughter",
        "Decay_daughter",
        "ERG"
      ],
      "best_params": {
        "n_layers": 5,
        "units": 512,
        "activation": "gelu",
        "dropout": 0.000785752415233168,
        "learning_rate": 0.0002540746658406748,
        "l2": 3.2147269890740212e-06,
        "batch_size": 64,
        "epochs": 80
      }
    },
    {
      "n_features": 51,
      "mse": 0.0021893033935091034,
      "kept_cols": [
        "Sp",
        "S2p",
        "Radius",
        "Pairing",
        "Shell",
        "Spin",
        "Parity",
        "Deform",
        "Decay_Const",
        "Z_even",
        "A_even",
        "N_even",
        "beta_deformation",
        "gamma_deformation",
        "octopole_deformation",
        "rms_radius",
        "n_rms_radius",
        "p_rms_radius",
        "n_gap_erg",
        "p_gap_erg",
        "n_chem_erg",
        "p_chem_erg",
        "Sn_compound",
        "S2n_compound",
        "Sp_compound",
        "S2p_compound",
        "Radius_compound",
        "ME_compound",
        "BEA_compound",
        "BEA_A_compound",
        "Sn_daughter",
        "S2n_daughter",
        "Sp_daughter",
        "S2p_daughter",
        "Radius_daughter",
        "ME_daughter",
        "BEA_daughter",
        "BEA_A_daughter",
        "Pairing_compound",
        "Shell_compound",
        "Spin_compound",
        "Parity_compound",
        "Deform_compound",
        "Decay_compound",
        "Pairing_daughter",
        "Shell_daughter",
        "Spin_daughter",
        "Parity_daughter",
        "Deform_daughter",
        "Decay_daughter",
        "ERG"
      ],
      "best_params": {
        "n_layers": 5,
        "units": 320,
        "activation": "gelu",
        "dropout": 0.00047666596481940604,
        "learning_rate": 0.0010686921238977892,
        "l2": 3.514844177686805e-06,
        "batch_size": 128,
        "epochs": 80
      }
    },
    {
      "n_features": 50,
      "mse": 0.0011440812499504244,
      "kept_cols": [
        "S2p",
        "Radius",
        "Pairing",
        "Shell",
        "Spin",
        "Parity",
        "Deform",
        "Decay_Const",
        "Z_even",
        "A_even",
        "N_even",
        "beta_deformation",
        "gamma_deformation",
        "octopole_deformation",
        "rms_radius",
        "n_rms_radius",
        "p_rms_radius",
        "n_gap_erg",
        "p_gap_erg",
        "n_chem_erg",
        "p_chem_erg",
        "Sn_compound",
        "S2n_compound",
        "Sp_compound",
        "S2p_compound",
        "Radius_compound",
        "ME_compound",
        "BEA_compound",
        "BEA_A_compound",
        "Sn_daughter",
        "S2n_daughter",
        "Sp_daughter",
        "S2p_daughter",
        "Radius_daughter",
        "ME_daughter",
        "BEA_daughter",
        "BEA_A_daughter",
        "Pairing_compound",
        "Shell_compound",
        "Spin_compound",
        "Parity_compound",
        "Deform_compound",
        "Decay_compound",
        "Pairing_daughter",
        "Shell_daughter",
        "Spin_daughter",
        "Parity_daughter",
        "Deform_daughter",
        "Decay_daughter",
        "ERG"
      ],
      "best_params": {
        "n_layers": 5,
        "units": 320,
        "activation": "gelu",
        "dropout": 0.000785752415233168,
        "learning_rate": 0.0002590454760789225,
        "l2": 1.43980278377898e-06,
        "batch_size": 64,
        "epochs": 70
      }
    },
    {
      "n_features": 49,
      "mse": 0.0024282610150603194,
      "kept_cols": [
        "Radius",
        "Pairing",
        "Shell",
        "Spin",
        "Parity",
        "Deform",
        "Decay_Const",
        "Z_even",
        "A_even",
        "N_even",
        "beta_deformation",
        "gamma_deformation",
        "octopole_deformation",
        "rms_radius",
        "n_rms_radius",
        "p_rms_radius",
        "n_gap_erg",
        "p_gap_erg",
        "n_chem_erg",
        "p_chem_erg",
        "Sn_compound",
        "S2n_compound",
        "Sp_compound",
        "S2p_compound",
        "Radius_compound",
        "ME_compound",
        "BEA_compound",
        "BEA_A_compound",
        "Sn_daughter",
        "S2n_daughter",
        "Sp_daughter",
        "S2p_daughter",
        "Radius_daughter",
        "ME_daughter",
        "BEA_daughter",
        "BEA_A_daughter",
        "Pairing_compound",
        "Shell_compound",
        "Spin_compound",
        "Parity_compound",
        "Deform_compound",
        "Decay_compound",
        "Pairing_daughter",
        "Shell_daughter",
        "Spin_daughter",
        "Parity_daughter",
        "Deform_daughter",
        "Decay_daughter",
        "ERG"
      ],
      "best_params": {
        "n_layers": 5,
        "units": 448,
        "activation": "gelu",
        "dropout": 0.05278104910405723,
        "learning_rate": 0.00025619373428277043,
        "l2": 2.184944337319879e-05,
        "batch_size": 128,
        "epochs": 70
      }
    },
    {
      "n_features": 48,
      "mse": 0.003609036460810141,
      "kept_cols": [
        "Pairing",
        "Shell",
        "Spin",
        "Parity",
        "Deform",
        "Decay_Const",
        "Z_even",
        "A_even",
        "N_even",
        "beta_deformation",
        "gamma_deformation",
        "octopole_deformation",
        "rms_radius",
        "n_rms_radius",
        "p_rms_radius",
        "n_gap_erg",
        "p_gap_erg",
        "n_chem_erg",
        "p_chem_erg",
        "Sn_compound",
        "S2n_compound",
        "Sp_compound",
        "S2p_compound",
        "Radius_compound",
        "ME_compound",
        "BEA_compound",
        "BEA_A_compound",
        "Sn_daughter",
        "S2n_daughter",
        "Sp_daughter",
        "S2p_daughter",
        "Radius_daughter",
        "ME_daughter",
        "BEA_daughter",
        "BEA_A_daughter",
        "Pairing_compound",
        "Shell_compound",
        "Spin_compound",
        "Parity_compound",
        "Deform_compound",
        "Decay_compound",
        "Pairing_daughter",
        "Shell_daughter",
        "Spin_daughter",
        "Parity_daughter",
        "Deform_daughter",
        "Decay_daughter",
        "ERG"
      ],
      "best_params": {
        "n_layers": 3,
        "units": 192,
        "activation": "tanh",
        "dropout": 0.039491639917873245,
        "learning_rate": 0.0052706109968918904,
        "l2": 1.7367797880327143e-06,
        "batch_size": 128,
        "epochs": 55
      }
    },
    {
      "n_features": 47,
      "mse": 0.0016545560615359941,
      "kept_cols": [
        "Shell",
        "Spin",
        "Parity",
        "Deform",
        "Decay_Const",
        "Z_even",
        "A_even",
        "N_even",
        "beta_deformation",
        "gamma_deformation",
        "octopole_deformation",
        "rms_radius",
        "n_rms_radius",
        "p_rms_radius",
        "n_gap_erg",
        "p_gap_erg",
        "n_chem_erg",
        "p_chem_erg",
        "Sn_compound",
        "S2n_compound",
        "Sp_compound",
        "S2p_compound",
        "Radius_compound",
        "ME_compound",
        "BEA_compound",
        "BEA_A_compound",
        "Sn_daughter",
        "S2n_daughter",
        "Sp_daughter",
        "S2p_daughter",
        "Radius_daughter",
        "ME_daughter",
        "BEA_daughter",
        "BEA_A_daughter",
        "Pairing_compound",
        "Shell_compound",
        "Spin_compound",
        "Parity_compound",
        "Deform_compound",
        "Decay_compound",
        "Pairing_daughter",
        "Shell_daughter",
        "Spin_daughter",
        "Parity_daughter",
        "Deform_daughter",
        "Decay_daughter",
        "ERG"
      ],
      "best_params": {
        "n_layers": 5,
        "units": 320,
        "activation": "gelu",
        "dropout": 0.00976744675974502,
        "learning_rate": 0.0011555582403008258,
        "l2": 3.7294238300290033e-06,
        "batch_size": 128,
        "epochs": 80
      }
    },
    {
      "n_features": 46,
      "mse": 0.0014979540082120657,
      "kept_cols": [
        "Spin",
        "Parity",
        "Deform",
        "Decay_Const",
        "Z_even",
        "A_even",
        "N_even",
        "beta_deformation",
        "gamma_deformation",
        "octopole_deformation",
        "rms_radius",
        "n_rms_radius",
        "p_rms_radius",
        "n_gap_erg",
        "p_gap_erg",
        "n_chem_erg",
        "p_chem_erg",
        "Sn_compound",
        "S2n_compound",
        "Sp_compound",
        "S2p_compound",
        "Radius_compound",
        "ME_compound",
        "BEA_compound",
        "BEA_A_compound",
        "Sn_daughter",
        "S2n_daughter",
        "Sp_daughter",
        "S2p_daughter",
        "Radius_daughter",
        "ME_daughter",
        "BEA_daughter",
        "BEA_A_daughter",
        "Pairing_compound",
        "Shell_compound",
        "Spin_compound",
        "Parity_compound",
        "Deform_compound",
        "Decay_compound",
        "Pairing_daughter",
        "Shell_daughter",
        "Spin_daughter",
        "Parity_daughter",
        "Deform_daughter",
        "Decay_daughter",
        "ERG"
      ],
      "best_params": {
        "n_layers": 5,
        "units": 320,
        "activation": "gelu",
        "dropout": 0.00976744675974502,
        "learning_rate": 0.0011555582403008258,
        "l2": 3.7294238300290033e-06,
        "batch_size": 128,
        "epochs": 80
      }
    },
    {
      "n_features": 45,
      "mse": 0.0021383048351040403,
      "kept_cols": [
        "Parity",
        "Deform",
        "Decay_Const",
        "Z_even",
        "A_even",
        "N_even",
        "beta_deformation",
        "gamma_deformation",
        "octopole_deformation",
        "rms_radius",
        "n_rms_radius",
        "p_rms_radius",
        "n_gap_erg",
        "p_gap_erg",
        "n_chem_erg",
        "p_chem_erg",
        "Sn_compound",
        "S2n_compound",
        "Sp_compound",
        "S2p_compound",
        "Radius_compound",
        "ME_compound",
        "BEA_compound",
        "BEA_A_compound",
        "Sn_daughter",
        "S2n_daughter",
        "Sp_daughter",
        "S2p_daughter",
        "Radius_daughter",
        "ME_daughter",
        "BEA_daughter",
        "BEA_A_daughter",
        "Pairing_compound",
        "Shell_compound",
        "Spin_compound",
        "Parity_compound",
        "Deform_compound",
        "Decay_compound",
        "Pairing_daughter",
        "Shell_daughter",
        "Spin_daughter",
        "Parity_daughter",
        "Deform_daughter",
        "Decay_daughter",
        "ERG"
      ],
      "best_params": {
        "n_layers": 5,
        "units": 448,
        "activation": "gelu",
        "dropout": 0.05278104910405723,
        "learning_rate": 0.00025619373428277043,
        "l2": 2.184944337319879e-05,
        "batch_size": 128,
        "epochs": 70
      }
    },
    {
      "n_features": 44,
      "mse": 0.00186143670033611,
      "kept_cols": [
        "Deform",
        "Decay_Const",
        "Z_even",
        "A_even",
        "N_even",
        "beta_deformation",
        "gamma_deformation",
        "octopole_deformation",
        "rms_radius",
        "n_rms_radius",
        "p_rms_radius",
        "n_gap_erg",
        "p_gap_erg",
        "n_chem_erg",
        "p_chem_erg",
        "Sn_compound",
        "S2n_compound",
        "Sp_compound",
        "S2p_compound",
        "Radius_compound",
        "ME_compound",
        "BEA_compound",
        "BEA_A_compound",
        "Sn_daughter",
        "S2n_daughter",
        "Sp_daughter",
        "S2p_daughter",
        "Radius_daughter",
        "ME_daughter",
        "BEA_daughter",
        "BEA_A_daughter",
        "Pairing_compound",
        "Shell_compound",
        "Spin_compound",
        "Parity_compound",
        "Deform_compound",
        "Decay_compound",
        "Pairing_daughter",
        "Shell_daughter",
        "Spin_daughter",
        "Parity_daughter",
        "Deform_daughter",
        "Decay_daughter",
        "ERG"
      ],
      "best_params": {
        "n_layers": 4,
        "units": 352,
        "activation": "gelu",
        "dropout": 0.03704426835504643,
        "learning_rate": 0.0002518646580454121,
        "l2": 4.313939218081334e-06,
        "batch_size": 32,
        "epochs": 65
      }
    },
    {
      "n_features": 43,
      "mse": 0.0017393236287186523,
      "kept_cols": [
        "Decay_Const",
        "Z_even",
        "A_even",
        "N_even",
        "beta_deformation",
        "gamma_deformation",
        "octopole_deformation",
        "rms_radius",
        "n_rms_radius",
        "p_rms_radius",
        "n_gap_erg",
        "p_gap_erg",
        "n_chem_erg",
        "p_chem_erg",
        "Sn_compound",
        "S2n_compound",
        "Sp_compound",
        "S2p_compound",
        "Radius_compound",
        "ME_compound",
        "BEA_compound",
        "BEA_A_compound",
        "Sn_daughter",
        "S2n_daughter",
        "Sp_daughter",
        "S2p_daughter",
        "Radius_daughter",
        "ME_daughter",
        "BEA_daughter",
        "BEA_A_daughter",
        "Pairing_compound",
        "Shell_compound",
        "Spin_compound",
        "Parity_compound",
        "Deform_compound",
        "Decay_compound",
        "Pairing_daughter",
        "Shell_daughter",
        "Spin_daughter",
        "Parity_daughter",
        "Deform_daughter",
        "Decay_daughter",
        "ERG"
      ],
      "best_params": {
        "n_layers": 5,
        "units": 352,
        "activation": "gelu",
        "dropout": 0.05279914615221076,
        "learning_rate": 0.0011137061683932196,
        "l2": 5.6465572065754634e-06,
        "batch_size": 128,
        "epochs": 55
      }
    },
    {
      "n_features": 42,
      "mse": 0.0026023842917119646,
      "kept_cols": [
        "Z_even",
        "A_even",
        "N_even",
        "beta_deformation",
        "gamma_deformation",
        "octopole_deformation",
        "rms_radius",
        "n_rms_radius",
        "p_rms_radius",
        "n_gap_erg",
        "p_gap_erg",
        "n_chem_erg",
        "p_chem_erg",
        "Sn_compound",
        "S2n_compound",
        "Sp_compound",
        "S2p_compound",
        "Radius_compound",
        "ME_compound",
        "BEA_compound",
        "BEA_A_compound",
        "Sn_daughter",
        "S2n_daughter",
        "Sp_daughter",
        "S2p_daughter",
        "Radius_daughter",
        "ME_daughter",
        "BEA_daughter",
        "BEA_A_daughter",
        "Pairing_compound",
        "Shell_compound",
        "Spin_compound",
        "Parity_compound",
        "Deform_compound",
        "Decay_compound",
        "Pairing_daughter",
        "Shell_daughter",
        "Spin_daughter",
        "Parity_daughter",
        "Deform_daughter",
        "Decay_daughter",
        "ERG"
      ],
      "best_params": {
        "n_layers": 5,
        "units": 448,
        "activation": "gelu",
        "dropout": 0.05278104910405723,
        "learning_rate": 0.00025619373428277043,
        "l2": 2.184944337319879e-05,
        "batch_size": 128,
        "epochs": 70
      }
    },
    {
      "n_features": 41,
      "mse": 0.0014572809352923822,
      "kept_cols": [
        "A_even",
        "N_even",
        "beta_deformation",
        "gamma_deformation",
        "octopole_deformation",
        "rms_radius",
        "n_rms_radius",
        "p_rms_radius",
        "n_gap_erg",
        "p_gap_erg",
        "n_chem_erg",
        "p_chem_erg",
        "Sn_compound",
        "S2n_compound",
        "Sp_compound",
        "S2p_compound",
        "Radius_compound",
        "ME_compound",
        "BEA_compound",
        "BEA_A_compound",
        "Sn_daughter",
        "S2n_daughter",
        "Sp_daughter",
        "S2p_daughter",
        "Radius_daughter",
        "ME_daughter",
        "BEA_daughter",
        "BEA_A_daughter",
        "Pairing_compound",
        "Shell_compound",
        "Spin_compound",
        "Parity_compound",
        "Deform_compound",
        "Decay_compound",
        "Pairing_daughter",
        "Shell_daughter",
        "Spin_daughter",
        "Parity_daughter",
        "Deform_daughter",
        "Decay_daughter",
        "ERG"
      ],
      "best_params": {
        "n_layers": 5,
        "units": 320,
        "activation": "gelu",
        "dropout": 0.00047666596481940604,
        "learning_rate": 0.0010686921238977892,
        "l2": 3.514844177686805e-06,
        "batch_size": 128,
        "epochs": 80
      }
    },
    {
      "n_features": 40,
      "mse": 0.001432063834392823,
      "kept_cols": [
        "N_even",
        "beta_deformation",
        "gamma_deformation",
        "octopole_deformation",
        "rms_radius",
        "n_rms_radius",
        "p_rms_radius",
        "n_gap_erg",
        "p_gap_erg",
        "n_chem_erg",
        "p_chem_erg",
        "Sn_compound",
        "S2n_compound",
        "Sp_compound",
        "S2p_compound",
        "Radius_compound",
        "ME_compound",
        "BEA_compound",
        "BEA_A_compound",
        "Sn_daughter",
        "S2n_daughter",
        "Sp_daughter",
        "S2p_daughter",
        "Radius_daughter",
        "ME_daughter",
        "BEA_daughter",
        "BEA_A_daughter",
        "Pairing_compound",
        "Shell_compound",
        "Spin_compound",
        "Parity_compound",
        "Deform_compound",
        "Decay_compound",
        "Pairing_daughter",
        "Shell_daughter",
        "Spin_daughter",
        "Parity_daughter",
        "Deform_daughter",
        "Decay_daughter",
        "ERG"
      ],
      "best_params": {
        "n_layers": 2,
        "units": 512,
        "activation": "relu",
        "dropout": 0.00047666596481940604,
        "learning_rate": 0.0010119210915929754,
        "l2": 1.2518481398047404e-06,
        "batch_size": 128,
        "epochs": 80
      }
    },
    {
      "n_features": 39,
      "mse": 0.0026277395396148186,
      "kept_cols": [
        "beta_deformation",
        "gamma_deformation",
        "octopole_deformation",
        "rms_radius",
        "n_rms_radius",
        "p_rms_radius",
        "n_gap_erg",
        "p_gap_erg",
        "n_chem_erg",
        "p_chem_erg",
        "Sn_compound",
        "S2n_compound",
        "Sp_compound",
        "S2p_compound",
        "Radius_compound",
        "ME_compound",
        "BEA_compound",
        "BEA_A_compound",
        "Sn_daughter",
        "S2n_daughter",
        "Sp_daughter",
        "S2p_daughter",
        "Radius_daughter",
        "ME_daughter",
        "BEA_daughter",
        "BEA_A_daughter",
        "Pairing_compound",
        "Shell_compound",
        "Spin_compound",
        "Parity_compound",
        "Deform_compound",
        "Decay_compound",
        "Pairing_daughter",
        "Shell_daughter",
        "Spin_daughter",
        "Parity_daughter",
        "Deform_daughter",
        "Decay_daughter",
        "ERG"
      ],
      "best_params": {
        "n_layers": 5,
        "units": 512,
        "activation": "gelu",
        "dropout": 0.000785752415233168,
        "learning_rate": 0.0002540746658406748,
        "l2": 3.2147269890740212e-06,
        "batch_size": 64,
        "epochs": 80
      }
    },
    {
      "n_features": 38,
      "mse": 0.005870721167537981,
      "kept_cols": [
        "gamma_deformation",
        "octopole_deformation",
        "rms_radius",
        "n_rms_radius",
        "p_rms_radius",
        "n_gap_erg",
        "p_gap_erg",
        "n_chem_erg",
        "p_chem_erg",
        "Sn_compound",
        "S2n_compound",
        "Sp_compound",
        "S2p_compound",
        "Radius_compound",
        "ME_compound",
        "BEA_compound",
        "BEA_A_compound",
        "Sn_daughter",
        "S2n_daughter",
        "Sp_daughter",
        "S2p_daughter",
        "Radius_daughter",
        "ME_daughter",
        "BEA_daughter",
        "BEA_A_daughter",
        "Pairing_compound",
        "Shell_compound",
        "Spin_compound",
        "Parity_compound",
        "Deform_compound",
        "Decay_compound",
        "Pairing_daughter",
        "Shell_daughter",
        "Spin_daughter",
        "Parity_daughter",
        "Deform_daughter",
        "Decay_daughter",
        "ERG"
      ],
      "best_params": {
        "n_layers": 5,
        "units": 512,
        "activation": "tanh",
        "dropout": 0.011013428987734122,
        "learning_rate": 0.002594434474013014,
        "l2": 1.3015593885191654e-06,
        "batch_size": 128,
        "epochs": 60
      }
    },
    {
      "n_features": 37,
      "mse": 0.0037767126749842436,
      "kept_cols": [
        "octopole_deformation",
        "rms_radius",
        "n_rms_radius",
        "p_rms_radius",
        "n_gap_erg",
        "p_gap_erg",
        "n_chem_erg",
        "p_chem_erg",
        "Sn_compound",
        "S2n_compound",
        "Sp_compound",
        "S2p_compound",
        "Radius_compound",
        "ME_compound",
        "BEA_compound",
        "BEA_A_compound",
        "Sn_daughter",
        "S2n_daughter",
        "Sp_daughter",
        "S2p_daughter",
        "Radius_daughter",
        "ME_daughter",
        "BEA_daughter",
        "BEA_A_daughter",
        "Pairing_compound",
        "Shell_compound",
        "Spin_compound",
        "Parity_compound",
        "Deform_compound",
        "Decay_compound",
        "Pairing_daughter",
        "Shell_daughter",
        "Spin_daughter",
        "Parity_daughter",
        "Deform_daughter",
        "Decay_daughter",
        "ERG"
      ],
      "best_params": {
        "n_layers": 2,
        "units": 512,
        "activation": "tanh",
        "dropout": 0.0007986980171656895,
        "learning_rate": 0.008337741746405797,
        "l2": 1.108203475923979e-06,
        "batch_size": 128,
        "epochs": 55
      }
    },
    {
      "n_features": 36,
      "mse": 0.0031930377864754036,
      "kept_cols": [
        "rms_radius",
        "n_rms_radius",
        "p_rms_radius",
        "n_gap_erg",
        "p_gap_erg",
        "n_chem_erg",
        "p_chem_erg",
        "Sn_compound",
        "S2n_compound",
        "Sp_compound",
        "S2p_compound",
        "Radius_compound",
        "ME_compound",
        "BEA_compound",
        "BEA_A_compound",
        "Sn_daughter",
        "S2n_daughter",
        "Sp_daughter",
        "S2p_daughter",
        "Radius_daughter",
        "ME_daughter",
        "BEA_daughter",
        "BEA_A_daughter",
        "Pairing_compound",
        "Shell_compound",
        "Spin_compound",
        "Parity_compound",
        "Deform_compound",
        "Decay_compound",
        "Pairing_daughter",
        "Shell_daughter",
        "Spin_daughter",
        "Parity_daughter",
        "Deform_daughter",
        "Decay_daughter",
        "ERG"
      ],
      "best_params": {
        "n_layers": 3,
        "units": 192,
        "activation": "tanh",
        "dropout": 0.039491639917873245,
        "learning_rate": 0.0052706109968918904,
        "l2": 1.7367797880327143e-06,
        "batch_size": 128,
        "epochs": 55
      }
    },
    {
      "n_features": 35,
      "mse": 0.0012615730643872416,
      "kept_cols": [
        "n_rms_radius",
        "p_rms_radius",
        "n_gap_erg",
        "p_gap_erg",
        "n_chem_erg",
        "p_chem_erg",
        "Sn_compound",
        "S2n_compound",
        "Sp_compound",
        "S2p_compound",
        "Radius_compound",
        "ME_compound",
        "BEA_compound",
        "BEA_A_compound",
        "Sn_daughter",
        "S2n_daughter",
        "Sp_daughter",
        "S2p_daughter",
        "Radius_daughter",
        "ME_daughter",
        "BEA_daughter",
        "BEA_A_daughter",
        "Pairing_compound",
        "Shell_compound",
        "Spin_compound",
        "Parity_compound",
        "Deform_compound",
        "Decay_compound",
        "Pairing_daughter",
        "Shell_daughter",
        "Spin_daughter",
        "Parity_daughter",
        "Deform_daughter",
        "Decay_daughter",
        "ERG"
      ],
      "best_params": {
        "n_layers": 5,
        "units": 320,
        "activation": "gelu",
        "dropout": 0.00047666596481940604,
        "learning_rate": 0.0010686921238977892,
        "l2": 3.514844177686805e-06,
        "batch_size": 128,
        "epochs": 80
      }
    },
    {
      "n_features": 34,
      "mse": 0.004749833500146539,
      "kept_cols": [
        "p_rms_radius",
        "n_gap_erg",
        "p_gap_erg",
        "n_chem_erg",
        "p_chem_erg",
        "Sn_compound",
        "S2n_compound",
        "Sp_compound",
        "S2p_compound",
        "Radius_compound",
        "ME_compound",
        "BEA_compound",
        "BEA_A_compound",
        "Sn_daughter",
        "S2n_daughter",
        "Sp_daughter",
        "S2p_daughter",
        "Radius_daughter",
        "ME_daughter",
        "BEA_daughter",
        "BEA_A_daughter",
        "Pairing_compound",
        "Shell_compound",
        "Spin_compound",
        "Parity_compound",
        "Deform_compound",
        "Decay_compound",
        "Pairing_daughter",
        "Shell_daughter",
        "Spin_daughter",
        "Parity_daughter",
        "Deform_daughter",
        "Decay_daughter",
        "ERG"
      ],
      "best_params": {
        "n_layers": 5,
        "units": 128,
        "activation": "tanh",
        "dropout": 0.05123506351293358,
        "learning_rate": 0.004823540482971017,
        "l2": 2.9029964925184083e-06,
        "batch_size": 128,
        "epochs": 65
      }
    },
    {
      "n_features": 33,
      "mse": 0.004128671253761576,
      "kept_cols": [
        "n_gap_erg",
        "p_gap_erg",
        "n_chem_erg",
        "p_chem_erg",
        "Sn_compound",
        "S2n_compound",
        "Sp_compound",
        "S2p_compound",
        "Radius_compound",
        "ME_compound",
        "BEA_compound",
        "BEA_A_compound",
        "Sn_daughter",
        "S2n_daughter",
        "Sp_daughter",
        "S2p_daughter",
        "Radius_daughter",
        "ME_daughter",
        "BEA_daughter",
        "BEA_A_daughter",
        "Pairing_compound",
        "Shell_compound",
        "Spin_compound",
        "Parity_compound",
        "Deform_compound",
        "Decay_compound",
        "Pairing_daughter",
        "Shell_daughter",
        "Spin_daughter",
        "Parity_daughter",
        "Deform_daughter",
        "Decay_daughter",
        "ERG"
      ],
      "best_params": {
        "n_layers": 5,
        "units": 512,
        "activation": "tanh",
        "dropout": 0.011013428987734122,
        "learning_rate": 0.002594434474013014,
        "l2": 1.3015593885191654e-06,
        "batch_size": 128,
        "epochs": 60
      }
    },
    {
      "n_features": 32,
      "mse": 0.005789191964177228,
      "kept_cols": [
        "p_gap_erg",
        "n_chem_erg",
        "p_chem_erg",
        "Sn_compound",
        "S2n_compound",
        "Sp_compound",
        "S2p_compound",
        "Radius_compound",
        "ME_compound",
        "BEA_compound",
        "BEA_A_compound",
        "Sn_daughter",
        "S2n_daughter",
        "Sp_daughter",
        "S2p_daughter",
        "Radius_daughter",
        "ME_daughter",
        "BEA_daughter",
        "BEA_A_daughter",
        "Pairing_compound",
        "Shell_compound",
        "Spin_compound",
        "Parity_compound",
        "Deform_compound",
        "Decay_compound",
        "Pairing_daughter",
        "Shell_daughter",
        "Spin_daughter",
        "Parity_daughter",
        "Deform_daughter",
        "Decay_daughter",
        "ERG"
      ],
      "best_params": {
        "n_layers": 5,
        "units": 512,
        "activation": "tanh",
        "dropout": 0.011013428987734122,
        "learning_rate": 0.002594434474013014,
        "l2": 1.3015593885191654e-06,
        "batch_size": 128,
        "epochs": 60
      }
    },
    {
      "n_features": 31,
      "mse": 0.002967193534772642,
      "kept_cols": [
        "n_chem_erg",
        "p_chem_erg",
        "Sn_compound",
        "S2n_compound",
        "Sp_compound",
        "S2p_compound",
        "Radius_compound",
        "ME_compound",
        "BEA_compound",
        "BEA_A_compound",
        "Sn_daughter",
        "S2n_daughter",
        "Sp_daughter",
        "S2p_daughter",
        "Radius_daughter",
        "ME_daughter",
        "BEA_daughter",
        "BEA_A_daughter",
        "Pairing_compound",
        "Shell_compound",
        "Spin_compound",
        "Parity_compound",
        "Deform_compound",
        "Decay_compound",
        "Pairing_daughter",
        "Shell_daughter",
        "Spin_daughter",
        "Parity_daughter",
        "Deform_daughter",
        "Decay_daughter",
        "ERG"
      ],
      "best_params": {
        "n_layers": 5,
        "units": 512,
        "activation": "tanh",
        "dropout": 0.011013428987734122,
        "learning_rate": 0.002594434474013014,
        "l2": 1.3015593885191654e-06,
        "batch_size": 128,
        "epochs": 60
      }
    },
    {
      "n_features": 30,
      "mse": 0.005684125793112125,
      "kept_cols": [
        "p_chem_erg",
        "Sn_compound",
        "S2n_compound",
        "Sp_compound",
        "S2p_compound",
        "Radius_compound",
        "ME_compound",
        "BEA_compound",
        "BEA_A_compound",
        "Sn_daughter",
        "S2n_daughter",
        "Sp_daughter",
        "S2p_daughter",
        "Radius_daughter",
        "ME_daughter",
        "BEA_daughter",
        "BEA_A_daughter",
        "Pairing_compound",
        "Shell_compound",
        "Spin_compound",
        "Parity_compound",
        "Deform_compound",
        "Decay_compound",
        "Pairing_daughter",
        "Shell_daughter",
        "Spin_daughter",
        "Parity_daughter",
        "Deform_daughter",
        "Decay_daughter",
        "ERG"
      ],
      "best_params": {
        "n_layers": 3,
        "units": 192,
        "activation": "tanh",
        "dropout": 0.03971599212574649,
        "learning_rate": 0.003851781094130037,
        "l2": 1.0115393313631402e-06,
        "batch_size": 128,
        "epochs": 45
      }
    },
    {
      "n_features": 29,
      "mse": 0.004146837394161762,
      "kept_cols": [
        "Sn_compound",
        "S2n_compound",
        "Sp_compound",
        "S2p_compound",
        "Radius_compound",
        "ME_compound",
        "BEA_compound",
        "BEA_A_compound",
        "Sn_daughter",
        "S2n_daughter",
        "Sp_daughter",
        "S2p_daughter",
        "Radius_daughter",
        "ME_daughter",
        "BEA_daughter",
        "BEA_A_daughter",
        "Pairing_compound",
        "Shell_compound",
        "Spin_compound",
        "Parity_compound",
        "Deform_compound",
        "Decay_compound",
        "Pairing_daughter",
        "Shell_daughter",
        "Spin_daughter",
        "Parity_daughter",
        "Deform_daughter",
        "Decay_daughter",
        "ERG"
      ],
      "best_params": {
        "n_layers": 3,
        "units": 192,
        "activation": "tanh",
        "dropout": 0.039491639917873245,
        "learning_rate": 0.0052706109968918904,
        "l2": 1.7367797880327143e-06,
        "batch_size": 128,
        "epochs": 55
      }
    },
    {
      "n_features": 28,
      "mse": 0.004362545781719182,
      "kept_cols": [
        "S2n_compound",
        "Sp_compound",
        "S2p_compound",
        "Radius_compound",
        "ME_compound",
        "BEA_compound",
        "BEA_A_compound",
        "Sn_daughter",
        "S2n_daughter",
        "Sp_daughter",
        "S2p_daughter",
        "Radius_daughter",
        "ME_daughter",
        "BEA_daughter",
        "BEA_A_daughter",
        "Pairing_compound",
        "Shell_compound",
        "Spin_compound",
        "Parity_compound",
        "Deform_compound",
        "Decay_compound",
        "Pairing_daughter",
        "Shell_daughter",
        "Spin_daughter",
        "Parity_daughter",
        "Deform_daughter",
        "Decay_daughter",
        "ERG"
      ],
      "best_params": {
        "n_layers": 5,
        "units": 512,
        "activation": "tanh",
        "dropout": 0.011013428987734122,
        "learning_rate": 0.002594434474013014,
        "l2": 1.3015593885191654e-06,
        "batch_size": 128,
        "epochs": 60
      }
    },
    {
      "n_features": 27,
      "mse": 0.006001844298209167,
      "kept_cols": [
        "Sp_compound",
        "S2p_compound",
        "Radius_compound",
        "ME_compound",
        "BEA_compound",
        "BEA_A_compound",
        "Sn_daughter",
        "S2n_daughter",
        "Sp_daughter",
        "S2p_daughter",
        "Radius_daughter",
        "ME_daughter",
        "BEA_daughter",
        "BEA_A_daughter",
        "Pairing_compound",
        "Shell_compound",
        "Spin_compound",
        "Parity_compound",
        "Deform_compound",
        "Decay_compound",
        "Pairing_daughter",
        "Shell_daughter",
        "Spin_daughter",
        "Parity_daughter",
        "Deform_daughter",
        "Decay_daughter",
        "ERG"
      ],
      "best_params": {
        "n_layers": 2,
        "units": 512,
        "activation": "tanh",
        "dropout": 0.0007986980171656895,
        "learning_rate": 0.008337741746405797,
        "l2": 1.108203475923979e-06,
        "batch_size": 128,
        "epochs": 55
      }
    },
    {
      "n_features": 26,
      "mse": 0.006838608062984625,
      "kept_cols": [
        "S2p_compound",
        "Radius_compound",
        "ME_compound",
        "BEA_compound",
        "BEA_A_compound",
        "Sn_daughter",
        "S2n_daughter",
        "Sp_daughter",
        "S2p_daughter",
        "Radius_daughter",
        "ME_daughter",
        "BEA_daughter",
        "BEA_A_daughter",
        "Pairing_compound",
        "Shell_compound",
        "Spin_compound",
        "Parity_compound",
        "Deform_compound",
        "Decay_compound",
        "Pairing_daughter",
        "Shell_daughter",
        "Spin_daughter",
        "Parity_daughter",
        "Deform_daughter",
        "Decay_daughter",
        "ERG"
      ],
      "best_params": {
        "n_layers": 2,
        "units": 512,
        "activation": "tanh",
        "dropout": 0.0007986980171656895,
        "learning_rate": 0.008337741746405797,
        "l2": 1.108203475923979e-06,
        "batch_size": 128,
        "epochs": 55
      }
    },
    {
      "n_features": 25,
      "mse": 0.004972520105034302,
      "kept_cols": [
        "Radius_compound",
        "ME_compound",
        "BEA_compound",
        "BEA_A_compound",
        "Sn_daughter",
        "S2n_daughter",
        "Sp_daughter",
        "S2p_daughter",
        "Radius_daughter",
        "ME_daughter",
        "BEA_daughter",
        "BEA_A_daughter",
        "Pairing_compound",
        "Shell_compound",
        "Spin_compound",
        "Parity_compound",
        "Deform_compound",
        "Decay_compound",
        "Pairing_daughter",
        "Shell_daughter",
        "Spin_daughter",
        "Parity_daughter",
        "Deform_daughter",
        "Decay_daughter",
        "ERG"
      ],
      "best_params": {
        "n_layers": 2,
        "units": 320,
        "activation": "tanh",
        "dropout": 0.017488464755191193,
        "learning_rate": 0.0023300697828363237,
        "l2": 1.2803354977693962e-06,
        "batch_size": 64,
        "epochs": 50
      }
    },
    {
      "n_features": 24,
      "mse": 0.005025272002669015,
      "kept_cols": [
        "ME_compound",
        "BEA_compound",
        "BEA_A_compound",
        "Sn_daughter",
        "S2n_daughter",
        "Sp_daughter",
        "S2p_daughter",
        "Radius_daughter",
        "ME_daughter",
        "BEA_daughter",
        "BEA_A_daughter",
        "Pairing_compound",
        "Shell_compound",
        "Spin_compound",
        "Parity_compound",
        "Deform_compound",
        "Decay_compound",
        "Pairing_daughter",
        "Shell_daughter",
        "Spin_daughter",
        "Parity_daughter",
        "Deform_daughter",
        "Decay_daughter",
        "ERG"
      ],
      "best_params": {
        "n_layers": 2,
        "units": 320,
        "activation": "tanh",
        "dropout": 0.017488464755191193,
        "learning_rate": 0.0023300697828363237,
        "l2": 1.2803354977693962e-06,
        "batch_size": 64,
        "epochs": 50
      }
    },
    {
      "n_features": 23,
      "mse": 0.006021800130721517,
      "kept_cols": [
        "BEA_compound",
        "BEA_A_compound",
        "Sn_daughter",
        "S2n_daughter",
        "Sp_daughter",
        "S2p_daughter",
        "Radius_daughter",
        "ME_daughter",
        "BEA_daughter",
        "BEA_A_daughter",
        "Pairing_compound",
        "Shell_compound",
        "Spin_compound",
        "Parity_compound",
        "Deform_compound",
        "Decay_compound",
        "Pairing_daughter",
        "Shell_daughter",
        "Spin_daughter",
        "Parity_daughter",
        "Deform_daughter",
        "Decay_daughter",
        "ERG"
      ],
      "best_params": {
        "n_layers": 2,
        "units": 480,
        "activation": "tanh",
        "dropout": 0.00047666596481940604,
        "learning_rate": 0.0026683349136973613,
        "l2": 2.1197726609204795e-06,
        "batch_size": 64,
        "epochs": 45
      }
    },
    {
      "n_features": 22,
      "mse": 0.004939969730364523,
      "kept_cols": [
        "BEA_A_compound",
        "Sn_daughter",
        "S2n_daughter",
        "Sp_daughter",
        "S2p_daughter",
        "Radius_daughter",
        "ME_daughter",
        "BEA_daughter",
        "BEA_A_daughter",
        "Pairing_compound",
        "Shell_compound",
        "Spin_compound",
        "Parity_compound",
        "Deform_compound",
        "Decay_compound",
        "Pairing_daughter",
        "Shell_daughter",
        "Spin_daughter",
        "Parity_daughter",
        "Deform_daughter",
        "Decay_daughter",
        "ERG"
      ],
      "best_params": {
        "n_layers": 3,
        "units": 192,
        "activation": "tanh",
        "dropout": 0.039491639917873245,
        "learning_rate": 0.0052706109968918904,
        "l2": 1.7367797880327143e-06,
        "batch_size": 128,
        "epochs": 55
      }
    },
    {
      "n_features": 21,
      "mse": 0.006627942815881522,
      "kept_cols": [
        "Sn_daughter",
        "S2n_daughter",
        "Sp_daughter",
        "S2p_daughter",
        "Radius_daughter",
        "ME_daughter",
        "BEA_daughter",
        "BEA_A_daughter",
        "Pairing_compound",
        "Shell_compound",
        "Spin_compound",
        "Parity_compound",
        "Deform_compound",
        "Decay_compound",
        "Pairing_daughter",
        "Shell_daughter",
        "Spin_daughter",
        "Parity_daughter",
        "Deform_daughter",
        "Decay_daughter",
        "ERG"
      ],
      "best_params": {
        "n_layers": 2,
        "units": 512,
        "activation": "tanh",
        "dropout": 0.0031779937156506816,
        "learning_rate": 0.002426900457042423,
        "l2": 1.1165643999918724e-06,
        "batch_size": 64,
        "epochs": 55
      }
    },
    {
      "n_features": 20,
      "mse": 0.002736403355497362,
      "kept_cols": [
        "S2n_daughter",
        "Sp_daughter",
        "S2p_daughter",
        "Radius_daughter",
        "ME_daughter",
        "BEA_daughter",
        "BEA_A_daughter",
        "Pairing_compound",
        "Shell_compound",
        "Spin_compound",
        "Parity_compound",
        "Deform_compound",
        "Decay_compound",
        "Pairing_daughter",
        "Shell_daughter",
        "Spin_daughter",
        "Parity_daughter",
        "Deform_daughter",
        "Decay_daughter",
        "ERG"
      ],
      "best_params": {
        "n_layers": 5,
        "units": 320,
        "activation": "gelu",
        "dropout": 0.028088018451715973,
        "learning_rate": 0.0011073424192215488,
        "l2": 2.1077557299790657e-06,
        "batch_size": 64,
        "epochs": 75
      }
    },
    {
      "n_features": 19,
      "mse": 0.005840909585689407,
      "kept_cols": [
        "Sp_daughter",
        "S2p_daughter",
        "Radius_daughter",
        "ME_daughter",
        "BEA_daughter",
        "BEA_A_daughter",
        "Pairing_compound",
        "Shell_compound",
        "Spin_compound",
        "Parity_compound",
        "Deform_compound",
        "Decay_compound",
        "Pairing_daughter",
        "Shell_daughter",
        "Spin_daughter",
        "Parity_daughter",
        "Deform_daughter",
        "Decay_daughter",
        "ERG"
      ],
      "best_params": {
        "n_layers": 3,
        "units": 192,
        "activation": "tanh",
        "dropout": 0.039491639917873245,
        "learning_rate": 0.0052706109968918904,
        "l2": 1.7367797880327143e-06,
        "batch_size": 128,
        "epochs": 55
      }
    },
    {
      "n_features": 18,
      "mse": 0.004673531511401137,
      "kept_cols": [
        "S2p_daughter",
        "Radius_daughter",
        "ME_daughter",
        "BEA_daughter",
        "BEA_A_daughter",
        "Pairing_compound",
        "Shell_compound",
        "Spin_compound",
        "Parity_compound",
        "Deform_compound",
        "Decay_compound",
        "Pairing_daughter",
        "Shell_daughter",
        "Spin_daughter",
        "Parity_daughter",
        "Deform_daughter",
        "Decay_daughter",
        "ERG"
      ],
      "best_params": {
        "n_layers": 3,
        "units": 192,
        "activation": "tanh",
        "dropout": 0.039491639917873245,
        "learning_rate": 0.0052706109968918904,
        "l2": 1.7367797880327143e-06,
        "batch_size": 128,
        "epochs": 55
      }
    },
    {
      "n_features": 17,
      "mse": 0.008136448896414284,
      "kept_cols": [
        "Radius_daughter",
        "ME_daughter",
        "BEA_daughter",
        "BEA_A_daughter",
        "Pairing_compound",
        "Shell_compound",
        "Spin_compound",
        "Parity_compound",
        "Deform_compound",
        "Decay_compound",
        "Pairing_daughter",
        "Shell_daughter",
        "Spin_daughter",
        "Parity_daughter",
        "Deform_daughter",
        "Decay_daughter",
        "ERG"
      ],
      "best_params": {
        "n_layers": 2,
        "units": 512,
        "activation": "gelu",
        "dropout": 0.13325432268079945,
        "learning_rate": 0.0011226485344434068,
        "l2": 3.430019774608206e-06,
        "batch_size": 64,
        "epochs": 80
      }
    },
    {
      "n_features": 16,
      "mse": 0.006672137813765658,
      "kept_cols": [
        "ME_daughter",
        "BEA_daughter",
        "BEA_A_daughter",
        "Pairing_compound",
        "Shell_compound",
        "Spin_compound",
        "Parity_compound",
        "Deform_compound",
        "Decay_compound",
        "Pairing_daughter",
        "Shell_daughter",
        "Spin_daughter",
        "Parity_daughter",
        "Deform_daughter",
        "Decay_daughter",
        "ERG"
      ],
      "best_params": {
        "n_layers": 3,
        "units": 192,
        "activation": "tanh",
        "dropout": 0.039491639917873245,
        "learning_rate": 0.0052706109968918904,
        "l2": 1.7367797880327143e-06,
        "batch_size": 128,
        "epochs": 55
      }
    },
    {
      "n_features": 15,
      "mse": 0.005426356709467839,
      "kept_cols": [
        "BEA_daughter",
        "BEA_A_daughter",
        "Pairing_compound",
        "Shell_compound",
        "Spin_compound",
        "Parity_compound",
        "Deform_compound",
        "Decay_compound",
        "Pairing_daughter",
        "Shell_daughter",
        "Spin_daughter",
        "Parity_daughter",
        "Deform_daughter",
        "Decay_daughter",
        "ERG"
      ],
      "best_params": {
        "n_layers": 2,
        "units": 352,
        "activation": "relu",
        "dropout": 0.13316101937246877,
        "learning_rate": 0.0024172340153683324,
        "l2": 1.2593979765032333e-06,
        "batch_size": 64,
        "epochs": 45
      }
    },
    {
      "n_features": 14,
      "mse": 0.006666787126252324,
      "kept_cols": [
        "BEA_A_daughter",
        "Pairing_compound",
        "Shell_compound",
        "Spin_compound",
        "Parity_compound",
        "Deform_compound",
        "Decay_compound",
        "Pairing_daughter",
        "Shell_daughter",
        "Spin_daughter",
        "Parity_daughter",
        "Deform_daughter",
        "Decay_daughter",
        "ERG"
      ],
      "best_params": {
        "n_layers": 3,
        "units": 192,
        "activation": "tanh",
        "dropout": 0.039491639917873245,
        "learning_rate": 0.0052706109968918904,
        "l2": 1.7367797880327143e-06,
        "batch_size": 128,
        "epochs": 55
      }
    },
    {
      "n_features": 13,
      "mse": 0.006121629102877753,
      "kept_cols": [
        "Pairing_compound",
        "Shell_compound",
        "Spin_compound",
        "Parity_compound",
        "Deform_compound",
        "Decay_compound",
        "Pairing_daughter",
        "Shell_daughter",
        "Spin_daughter",
        "Parity_daughter",
        "Deform_daughter",
        "Decay_daughter",
        "ERG"
      ],
      "best_params": {
        "n_layers": 3,
        "units": 192,
        "activation": "tanh",
        "dropout": 0.039491639917873245,
        "learning_rate": 0.0052706109968918904,
        "l2": 1.7367797880327143e-06,
        "batch_size": 128,
        "epochs": 55
      }
    },
    {
      "n_features": 12,
      "mse": 0.006273056350057751,
      "kept_cols": [
        "Shell_compound",
        "Spin_compound",
        "Parity_compound",
        "Deform_compound",
        "Decay_compound",
        "Pairing_daughter",
        "Shell_daughter",
        "Spin_daughter",
        "Parity_daughter",
        "Deform_daughter",
        "Decay_daughter",
        "ERG"
      ],
      "best_params": {
        "n_layers": 3,
        "units": 192,
        "activation": "tanh",
        "dropout": 0.039491639917873245,
        "learning_rate": 0.0052706109968918904,
        "l2": 1.7367797880327143e-06,
        "batch_size": 128,
        "epochs": 55
      }
    },
    {
      "n_features": 11,
      "mse": 0.008479119469276472,
      "kept_cols": [
        "Spin_compound",
        "Parity_compound",
        "Deform_compound",
        "Decay_compound",
        "Pairing_daughter",
        "Shell_daughter",
        "Spin_daughter",
        "Parity_daughter",
        "Deform_daughter",
        "Decay_daughter",
        "ERG"
      ],
      "best_params": {
        "n_layers": 2,
        "units": 480,
        "activation": "tanh",
        "dropout": 0.00047666596481940604,
        "learning_rate": 0.0010398389222455958,
        "l2": 2.430688444837875e-06,
        "batch_size": 64,
        "epochs": 45
      }
    },
    {
      "n_features": 10,
      "mse": 0.008221413458052086,
      "kept_cols": [
        "Parity_compound",
        "Deform_compound",
        "Decay_compound",
        "Pairing_daughter",
        "Shell_daughter",
        "Spin_daughter",
        "Parity_daughter",
        "Deform_daughter",
        "Decay_daughter",
        "ERG"
      ],
      "best_params": {
        "n_layers": 3,
        "units": 192,
        "activation": "tanh",
        "dropout": 0.039491639917873245,
        "learning_rate": 0.0052706109968918904,
        "l2": 1.7367797880327143e-06,
        "batch_size": 128,
        "epochs": 55
      }
    },
    {
      "n_features": 9,
      "mse": 0.00727185555175267,
      "kept_cols": [
        "Deform_compound",
        "Decay_compound",
        "Pairing_daughter",
        "Shell_daughter",
        "Spin_daughter",
        "Parity_daughter",
        "Deform_daughter",
        "Decay_daughter",
        "ERG"
      ],
      "best_params": {
        "n_layers": 3,
        "units": 192,
        "activation": "tanh",
        "dropout": 0.039491639917873245,
        "learning_rate": 0.0052706109968918904,
        "l2": 1.7367797880327143e-06,
        "batch_size": 128,
        "epochs": 55
      }
    },
    {
      "n_features": 8,
      "mse": 0.005397833363179689,
      "kept_cols": [
        "Decay_compound",
        "Pairing_daughter",
        "Shell_daughter",
        "Spin_daughter",
        "Parity_daughter",
        "Deform_daughter",
        "Decay_daughter",
        "ERG"
      ],
      "best_params": {
        "n_layers": 4,
        "units": 64,
        "activation": "gelu",
        "dropout": 0.005288754127789279,
        "learning_rate": 0.0037922747156188294,
        "l2": 9.603803111314535e-06,
        "batch_size": 128,
        "epochs": 80
      }
    },
    {
      "n_features": 7,
      "mse": 0.004767706885222269,
      "kept_cols": [
        "Pairing_daughter",
        "Shell_daughter",
        "Spin_daughter",
        "Parity_daughter",
        "Deform_daughter",
        "Decay_daughter",
        "ERG"
      ],
      "best_params": {
        "n_layers": 4,
        "units": 64,
        "activation": "gelu",
        "dropout": 0.005288754127789279,
        "learning_rate": 0.0037922747156188294,
        "l2": 9.603803111314535e-06,
        "batch_size": 128,
        "epochs": 80
      }
    },
    {
      "n_features": 6,
      "mse": 0.012213536075248336,
      "kept_cols": [
        "Shell_daughter",
        "Spin_daughter",
        "Parity_daughter",
        "Deform_daughter",
        "Decay_daughter",
        "ERG"
      ],
      "best_params": {
        "n_layers": 3,
        "units": 192,
        "activation": "tanh",
        "dropout": 0.039491639917873245,
        "learning_rate": 0.0052706109968918904,
        "l2": 1.7367797880327143e-06,
        "batch_size": 128,
        "epochs": 55
      }
    },
    {
      "n_features": 5,
      "mse": 0.03738053027943281,
      "kept_cols": [
        "Spin_daughter",
        "Parity_daughter",
        "Deform_daughter",
        "Decay_daughter",
        "ERG"
      ],
      "best_params": {
        "n_layers": 4,
        "units": 64,
        "activation": "gelu",
        "dropout": 0.005288754127789279,
        "learning_rate": 0.0037922747156188294,
        "l2": 9.603803111314535e-06,
        "batch_size": 128,
        "epochs": 80
      }
    },
    {
      "n_features": 4,
      "mse": 0.09133945717492385,
      "kept_cols": [
        "Parity_daughter",
        "Deform_daughter",
        "Decay_daughter",
        "ERG"
      ],
      "best_params": {
        "n_layers": 2,
        "units": 320,
        "activation": "relu",
        "dropout": 0.011337370942963429,
        "learning_rate": 0.002594434474013014,
        "l2": 1.0313672547683233e-06,
        "batch_size": 64,
        "epochs": 50
      }
    }
  ],
  "total": 60
}