{
  "cols": [
    "BEA",
    "n_rms_radius",
    "BEA_A_daughter"
  ],
  "best_mse": 0.0009566851023917794,
  "best_features": [
    "Z",
    "A",
    "N",
    "ME",
    "BEA",
    "BEA_A",
    "AM",
    "Sn",
    "S2n",
    "Sp",
    "S2p",
    "Radius",
    "Pairing",
    "Deform",
    "Decay_Const",
    "Z_even",
    "N_even",
    "octopole_deformation",
    "rms_radius",
    "n_rms_radius",
    "p_rms_radius",
    "n_gap_erg",
    "p_gap_erg",
    "n_chem_erg",
    "p_chem_erg",
    "Sn_compound",
    "Sp_compound",
    "S2p_compound",
    "Radius_compound",
    "ME_compound",
    "BEA_compound",
    "BEA_A_compound",
    "Sn_daughter",
    "S2n_daughter",
    "Sp_daughter",
    "S2p_daughter",
    "Radius_daughter",
    "ME_daughter",
    "BEA_daughter",
    "BEA_A_daughter",
    "Pairing_compound",
    "Shell_compound",
    "Spin_compound",
    "Deform_compound",
    "Shell_daughter",
    "Spin_daughter",
    "Deform_daughter",
    "ERG"
  ],
  "history": [
    {
      "n_features": 60,
      "mse": 0.0021599393177791784,
      "kept_cols": [
        "Z",
        "A",
        "N",
        "ME",
        "BEA",
        "BEA_A",
        "AM",
        "Sn",
        "S2n",
        "Sp",
        "S2p",
        "Radius",
        "Pairing",
        "Shell",
        "Spin",
        "Parity",
        "Deform",
        "Decay_Const",
        "Z_even",
        "A_even",
        "N_even",
        "beta_deformation",
        "gamma_deformation",
        "octopole_deformation",
        "rms_radius",
        "n_rms_radius",
        "p_rms_radius",
        "n_gap_erg",
        "p_gap_erg",
        "n_chem_erg",
        "p_chem_erg",
        "Sn_compound",
        "S2n_compound",
        "Sp_compound",
        "S2p_compound",
        "Radius_compound",
        "ME_compound",
        "BEA_compound",
        "BEA_A_compound",
        "Sn_daughter",
        "S2n_daughter",
        "Sp_daughter",
        "S2p_daughter",
        "Radius_daughter",
        "ME_daughter",
        "BEA_daughter",
        "BEA_A_daughter",
        "Pairing_compound",
        "Shell_compound",
        "Spin_compound",
        "Parity_compound",
        "Deform_compound",
        "Decay_compound",
        "Pairing_daughter",
        "Shell_daughter",
        "Spin_daughter",
        "Parity_daughter",
        "Deform_daughter",
        "Decay_daughter",
        "ERG"
      ],
      "best_params": {
        "n_layers": 5,
        "units": 448,
        "activation": "gelu",
        "dropout": 0.05278104910405723,
        "learning_rate": 0.00025619373428277043,
        "l2": 2.184944337319879e-05,
        "batch_size": 128,
        "epochs": 70
      }
    },
    {
      "n_features": 59,
      "mse": 0.002793376533041822,
      "kept_cols": [
        "Z",
        "A",
        "N",
        "ME",
        "BEA",
        "BEA_A",
        "AM",
        "Sn",
        "S2n",
        "Sp",
        "S2p",
        "Radius",
        "Pairing",
        "Shell",
        "Spin",
        "Deform",
        "Decay_Const",
        "Z_even",
        "A_even",
        "N_even",
        "beta_deformation",
        "gamma_deformation",
        "octopole_deformation",
        "rms_radius",
        "n_rms_radius",
        "p_rms_radius",
        "n_gap_erg",
        "p_gap_erg",
        "n_chem_erg",
        "p_chem_erg",
        "Sn_compound",
        "S2n_compound",
        "Sp_compound",
        "S2p_compound",
        "Radius_compound",
        "ME_compound",
        "BEA_compound",
        "BEA_A_compound",
        "Sn_daughter",
        "S2n_daughter",
        "Sp_daughter",
        "S2p_daughter",
        "Radius_daughter",
        "ME_daughter",
        "BEA_daughter",
        "BEA_A_daughter",
        "Pairing_compound",
        "Shell_compound",
        "Spin_compound",
        "Parity_compound",
        "Deform_compound",
        "Decay_compound",
        "Pairing_daughter",
        "Shell_daughter",
        "Spin_daughter",
        "Parity_daughter",
        "Deform_daughter",
        "Decay_daughter",
        "ERG"
      ],
      "best_params": {
        "n_layers": 5,
        "units": 512,
        "activation": "gelu",
        "dropout": 0.000785752415233168,
        "learning_rate": 0.0024273388315991153,
        "l2": 2.931094680926891e-06,
        "batch_size": 128,
        "epochs": 65
      }
    },
    {
      "n_features": 58,
      "mse": 0.00292614417476269,
      "kept_cols": [
        "Z",
        "A",
        "N",
        "ME",
        "BEA",
        "BEA_A",
        "AM",
        "Sn",
        "S2n",
        "Sp",
        "S2p",
        "Radius",
        "Pairing",
        "Shell",
        "Spin",
        "Deform",
        "Decay_Const",
        "Z_even",
        "A_even",
        "N_even",
        "beta_deformation",
        "gamma_deformation",
        "octopole_deformation",
        "rms_radius",
        "n_rms_radius",
        "p_rms_radius",
        "n_gap_erg",
        "p_gap_erg",
        "n_chem_erg",
        "p_chem_erg",
        "Sn_compound",
        "S2n_compound",
        "Sp_compound",
        "S2p_compound",
        "Radius_compound",
        "ME_compound",
        "BEA_compound",
        "BEA_A_compound",
        "Sn_daughter",
        "S2n_daughter",
        "Sp_daughter",
        "S2p_daughter",
        "Radius_daughter",
        "ME_daughter",
        "BEA_daughter",
        "BEA_A_daughter",
        "Pairing_compound",
        "Shell_compound",
        "Spin_compound",
        "Deform_compound",
        "Decay_compound",
        "Pairing_daughter",
        "Shell_daughter",
        "Spin_daughter",
        "Parity_daughter",
        "Deform_daughter",
        "Decay_daughter",
        "ERG"
      ],
      "best_params": {
        "n_layers": 3,
        "units": 192,
        "activation": "tanh",
        "dropout": 0.039491639917873245,
        "learning_rate": 0.0052706109968918904,
        "l2": 1.7367797880327143e-06,
        "batch_size": 128,
        "epochs": 55
      }
    },
    {
      "n_features": 57,
      "mse": 0.0017561942504088362,
      "kept_cols": [
        "Z",
        "A",
        "N",
        "ME",
        "BEA",
        "BEA_A",
        "AM",
        "Sn",
        "S2n",
        "Sp",
        "S2p",
        "Radius",
        "Pairing",
        "Shell",
        "Spin",
        "Deform",
        "Decay_Const",
        "Z_even",
        "N_even",
        "beta_deformation",
        "gamma_deformation",
        "octopole_deformation",
        "rms_radius",
        "n_rms_radius",
        "p_rms_radius",
        "n_gap_erg",
        "p_gap_erg",
        "n_chem_erg",
        "p_chem_erg",
        "Sn_compound",
        "S2n_compound",
        "Sp_compound",
        "S2p_compound",
        "Radius_compound",
        "ME_compound",
        "BEA_compound",
        "BEA_A_compound",
        "Sn_daughter",
        "S2n_daughter",
        "Sp_daughter",
        "S2p_daughter",
        "Radius_daughter",
        "ME_daughter",
        "BEA_daughter",
        "BEA_A_daughter",
        "Pairing_compound",
        "Shell_compound",
        "Spin_compound",
        "Deform_compound",
        "Decay_compound",
        "Pairing_daughter",
        "Shell_daughter",
        "Spin_daughter",
        "Parity_daughter",
        "Deform_daughter",
        "Decay_daughter",
        "ERG"
      ],
      "best_params": {
        "n_layers": 2,
        "units": 512,
        "activation": "relu",
        "dropout": 0.000785752415233168,
        "learning_rate": 0.0002590454760789225,
        "l2": 1.2429138836476834e-06,
        "batch_size": 128,
        "epochs": 80
      }
    },
    {
      "n_features": 56,
      "mse": 0.0015854551648963925,
      "kept_cols": [
        "Z",
        "A",
        "N",
        "ME",
        "BEA",
        "BEA_A",
        "AM",
        "Sn",
        "S2n",
        "Sp",
        "S2p",
        "Radius",
        "Pairing",
        "Shell",
        "Spin",
        "Deform",
        "Decay_Const",
        "Z_even",
        "N_even",
        "gamma_deformation",
        "octopole_deformation",
        "rms_radius",
        "n_rms_radius",
        "p_rms_radius",
        "n_gap_erg",
        "p_gap_erg",
        "n_chem_erg",
        "p_chem_erg",
        "Sn_compound",
        "S2n_compound",
        "Sp_compound",
        "S2p_compound",
        "Radius_compound",
        "ME_compound",
        "BEA_compound",
        "BEA_A_compound",
        "Sn_daughter",
        "S2n_daughter",
        "Sp_daughter",
        "S2p_daughter",
        "Radius_daughter",
        "ME_daughter",
        "BEA_daughter",
        "BEA_A_daughter",
        "Pairing_compound",
        "Shell_compound",
        "Spin_compound",
        "Deform_compound",
        "Decay_compound",
        "Pairing_daughter",
        "Shell_daughter",
        "Spin_daughter",
        "Parity_daughter",
        "Deform_daughter",
        "Decay_daughter",
        "ERG"
      ],
      "best_params": {
        "n_layers": 5,
        "units": 320,
        "activation": "gelu",
        "dropout": 0.00047666596481940604,
        "learning_rate": 0.0010686921238977892,
        "l2": 3.514844177686805e-06,
        "batch_size": 128,
        "epochs": 80
      }
    },
    {
      "n_features": 55,
      "mse": 0.0028489204011794968,
      "kept_cols": [
        "Z",
        "A",
        "N",
        "ME",
        "BEA",
        "BEA_A",
        "AM",
        "Sn",
        "S2n",
        "Sp",
        "S2p",
        "Radius",
        "Pairing",
        "Shell",
        "Spin",
        "Deform",
        "Decay_Const",
        "Z_even",
        "N_even",
        "gamma_deformation",
        "octopole_deformation",
        "rms_radius",
        "n_rms_radius",
        "p_rms_radius",
        "n_gap_erg",
        "p_gap_erg",
        "n_chem_erg",
        "p_chem_erg",
        "Sn_compound",
        "S2n_compound",
        "Sp_compound",
        "S2p_compound",
        "Radius_compound",
        "ME_compound",
        "BEA_compound",
        "BEA_A_compound",
        "Sn_daughter",
        "S2n_daughter",
        "Sp_daughter",
        "S2p_daughter",
        "Radius_daughter",
        "ME_daughter",
        "BEA_daughter",
        "BEA_A_daughter",
        "Pairing_compound",
        "Shell_compound",
        "Spin_compound",
        "Deform_compound",
        "Decay_compound",
        "Pairing_daughter",
        "Shell_daughter",
        "Spin_daughter",
        "Deform_daughter",
        "Decay_daughter",
        "ERG"
      ],
      "best_params": {
        "n_layers": 3,
        "units": 192,
        "activation": "tanh",
        "dropout": 0.039491639917873245,
        "learning_rate": 0.0052706109968918904,
        "l2": 1.7367797880327143e-06,
        "batch_size": 128,
        "epochs": 55
      }
    },
    {
      "n_features": 54,
      "mse": 0.0014046375867379144,
      "kept_cols": [
        "Z",
        "A",
        "N",
        "ME",
        "BEA",
        "BEA_A",
        "AM",
        "Sn",
        "S2n",
        "Sp",
        "S2p",
        "Radius",
        "Pairing",
        "Shell",
        "Spin",
        "Deform",
        "Decay_Const",
        "Z_even",
        "N_even",
        "octopole_deformation",
        "rms_radius",
        "n_rms_radius",
        "p_rms_radius",
        "n_gap_erg",
        "p_gap_erg",
        "n_chem_erg",
        "p_chem_erg",
        "Sn_compound",
        "S2n_compound",
        "Sp_compound",
        "S2p_compound",
        "Radius_compound",
        "ME_compound",
        "BEA_compound",
        "BEA_A_compound",
        "Sn_daughter",
        "S2n_daughter",
        "Sp_daughter",
        "S2p_daughter",
        "Radius_daughter",
        "ME_daughter",
        "BEA_daughter",
        "BEA_A_daughter",
        "Pairing_compound",
        "Shell_compound",
        "Spin_compound",
        "Deform_compound",
        "Decay_compound",
        "Pairing_daughter",
        "Shell_daughter",
        "Spin_daughter",
        "Deform_daughter",
        "Decay_daughter",
        "ERG"
      ],
      "best_params": {
        "n_layers": 5,
        "units": 320,
        "activation": "gelu",
        "dropout": 0.00047666596481940604,
        "learning_rate": 0.0010686921238977892,
        "l2": 3.514844177686805e-06,
        "batch_size": 128,
        "epochs": 80
      }
    },
    {
      "n_features": 53,
      "mse": 0.002432792014220176,
      "kept_cols": [
        "Z",
        "A",
        "N",
        "ME",
        "BEA",
        "BEA_A",
        "AM",
        "Sn",
        "S2n",
        "Sp",
        "S2p",
        "Radius",
        "Pairing",
        "Shell",
        "Spin",
        "Deform",
        "Decay_Const",
        "Z_even",
        "N_even",
        "octopole_deformation",
        "rms_radius",
        "n_rms_radius",
        "p_rms_radius",
        "n_gap_erg",
        "p_gap_erg",
        "n_chem_erg",
        "p_chem_erg",
        "Sn_compound",
        "S2n_compound",
        "Sp_compound",
        "S2p_compound",
        "Radius_compound",
        "ME_compound",
        "BEA_compound",
        "BEA_A_compound",
        "Sn_daughter",
        "S2n_daughter",
        "Sp_daughter",
        "S2p_daughter",
        "Radius_daughter",
        "ME_daughter",
        "BEA_daughter",
        "BEA_A_daughter",
        "Pairing_compound",
        "Shell_compound",
        "Spin_compound",
        "Deform_compound",
        "Decay_compound",
        "Pairing_daughter",
        "Shell_daughter",
        "Spin_daughter",
        "Deform_daughter",
        "ERG"
      ],
      "best_params": {
        "n_layers": 5,
        "units": 448,
        "activation": "gelu",
        "dropout": 0.05278104910405723,
        "learning_rate": 0.00025619373428277043,
        "l2": 2.184944337319879e-05,
        "batch_size": 128,
        "epochs": 70
      }
    },
    {
      "n_features": 52,
      "mse": 0.001632532879821397,
      "kept_cols": [
        "Z",
        "A",
        "N",
        "ME",
        "BEA",
        "BEA_A",
        "AM",
        "Sn",
        "S2n",
        "Sp",
        "S2p",
        "Radius",
        "Pairing",
        "Shell",
        "Spin",
        "Deform",
        "Decay_Const",
        "Z_even",
        "N_even",
        "octopole_deformation",
        "rms_radius",
        "n_rms_radius",
        "p_rms_radius",
        "n_gap_erg",
        "p_gap_erg",
        "n_chem_erg",
        "p_chem_erg",
        "Sn_compound",
        "S2n_compound",
        "Sp_compound",
        "S2p_compound",
        "Radius_compound",
        "ME_compound",
        "BEA_compound",
        "BEA_A_compound",
        "Sn_daughter",
        "S2n_daughter",
        "Sp_daughter",
        "S2p_daughter",
        "Radius_daughter",
        "ME_daughter",
        "BEA_daughter",
        "BEA_A_daughter",
        "Pairing_compound",
        "Shell_compound",
        "Spin_compound",
        "Deform_compound",
        "Pairing_daughter",
        "Shell_daughter",
        "Spin_daughter",
        "Deform_daughter",
        "ERG"
      ],
      "best_params": {
        "n_layers": 4,
        "units": 352,
        "activation": "gelu",
        "dropout": 0.03704426835504643,
        "learning_rate": 0.0002518646580454121,
        "l2": 4.313939218081334e-06,
        "batch_size": 32,
        "epochs": 65
      }
    },
    {
      "n_features": 51,
      "mse": 0.0022492346100219805,
      "kept_cols": [
        "Z",
        "A",
        "N",
        "ME",
        "BEA",
        "BEA_A",
        "AM",
        "Sn",
        "S2n",
        "Sp",
        "S2p",
        "Radius",
        "Pairing",
        "Shell",
        "Deform",
        "Decay_Const",
        "Z_even",
        "N_even",
        "octopole_deformation",
        "rms_radius",
        "n_rms_radius",
        "p_rms_radius",
        "n_gap_erg",
        "p_gap_erg",
        "n_chem_erg",
        "p_chem_erg",
        "Sn_compound",
        "S2n_compound",
        "Sp_compound",
        "S2p_compound",
        "Radius_compound",
        "ME_compound",
        "BEA_compound",
        "BEA_A_compound",
        "Sn_daughter",
        "S2n_daughter",
        "Sp_daughter",
        "S2p_daughter",
        "Radius_daughter",
        "ME_daughter",
        "BEA_daughter",
        "BEA_A_daughter",
        "Pairing_compound",
        "Shell_compound",
        "Spin_compound",
        "Deform_compound",
        "Pairing_daughter",
        "Shell_daughter",
        "Spin_daughter",
        "Deform_daughter",
        "ERG"
      ],
      "best_params": {
        "n_layers": 5,
        "units": 448,
        "activation": "gelu",
        "dropout": 0.05278104910405723,
        "learning_rate": 0.00025619373428277043,
        "l2": 2.184944337319879e-05,
        "batch_size": 128,
        "epochs": 70
      }
    },
    {
      "n_features": 50,
      "mse": 0.0018476395874488505,
      "kept_cols": [
        "Z",
        "A",
        "N",
        "ME",
        "BEA",
        "BEA_A",
        "AM",
        "Sn",
        "S2n",
        "Sp",
        "S2p",
        "Radius",
        "Pairing",
        "Deform",
        "Decay_Const",
        "Z_even",
        "N_even",
        "octopole_deformation",
        "rms_radius",
        "n_rms_radius",
        "p_rms_radius",
        "n_gap_erg",
        "p_gap_erg",
        "n_chem_erg",
        "p_chem_erg",
        "Sn_compound",
        "S2n_compound",
        "Sp_compound",
        "S2p_compound",
        "Radius_compound",
        "ME_compound",
        "BEA_compound",
        "BEA_A_compound",
        "Sn_daughter",
        "S2n_daughter",
        "Sp_daughter",
        "S2p_daughter",
        "Radius_daughter",
        "ME_daughter",
        "BEA_daughter",
        "BEA_A_daughter",
        "Pairing_compound",
        "Shell_compound",
        "Spin_compound",
        "Deform_compound",
        "Pairing_daughter",
        "Shell_daughter",
        "Spin_daughter",
        "Deform_daughter",
        "ERG"
      ],
      "best_params": {
        "n_layers": 5,
        "units": 512,
        "activation": "gelu",
        "dropout": 0.12852481009683603,
        "learning_rate": 0.0010893266593099363,
        "l2": 2.170591058794056e-06,
        "batch_size": 128,
        "epochs": 80
      }
    },
    {
      "n_features": 49,
      "mse": 0.001317560671041503,
      "kept_cols": [
        "Z",
        "A",
        "N",
        "ME",
        "BEA",
        "BEA_A",
        "AM",
        "Sn",
        "S2n",
        "Sp",
        "S2p",
        "Radius",
        "Pairing",
        "Deform",
        "Decay_Const",
        "Z_even",
        "N_even",
        "octopole_deformation",
        "rms_radius",
        "n_rms_radius",
        "p_rms_radius",
        "n_gap_erg",
        "p_gap_erg",
        "n_chem_erg",
        "p_chem_erg",
        "Sn_compound",
        "S2n_compound",
        "Sp_compound",
        "S2p_compound",
        "Radius_compound",
        "ME_compound",
        "BEA_compound",
        "BEA_A_compound",
        "Sn_daughter",
        "S2n_daughter",
        "Sp_daughter",
        "S2p_daughter",
        "Radius_daughter",
        "ME_daughter",
        "BEA_daughter",
        "BEA_A_daughter",
        "Pairing_compound",
        "Shell_compound",
        "Spin_compound",
        "Deform_compound",
        "Shell_daughter",
        "Spin_daughter",
        "Deform_daughter",
        "ERG"
      ],
      "best_params": {
        "n_layers": 5,
        "units": 480,
        "activation": "gelu",
        "dropout": 1.92101571018493e-05,
        "learning_rate": 0.001065422058354153,
        "l2": 1.117824065734813e-06,
        "batch_size": 128,
        "epochs": 60
      }
    },
    {
      "n_features": 48,
      "mse": 0.0009566851023917794,
      "kept_cols": [
        "Z",
        "A",
        "N",
        "ME",
        "BEA",
        "BEA_A",
        "AM",
        "Sn",
        "S2n",
        "Sp",
        "S2p",
        "Radius",
        "Pairing",
        "Deform",
        "Decay_Const",
        "Z_even",
        "N_even",
        "octopole_deformation",
        "rms_radius",
        "n_rms_radius",
        "p_rms_radius",
        "n_gap_erg",
        "p_gap_erg",
        "n_chem_erg",
        "p_chem_erg",
        "Sn_compound",
        "Sp_compound",
        "S2p_compound",
        "Radius_compound",
        "ME_compound",
        "BEA_compound",
        "BEA_A_compound",
        "Sn_daughter",
        "S2n_daughter",
        "Sp_daughter",
        "S2p_daughter",
        "Radius_daughter",
        "ME_daughter",
        "BEA_daughter",
        "BEA_A_daughter",
        "Pairing_compound",
        "Shell_compound",
        "Spin_compound",
        "Deform_compound",
        "Shell_daughter",
        "Spin_daughter",
        "Deform_daughter",
        "ERG"
      ],
      "best_params": {
        "n_layers": 5,
        "units": 320,
        "activation": "gelu",
        "dropout": 0.00047666596481940604,
        "learning_rate": 0.0010686921238977892,
        "l2": 3.514844177686805e-06,
        "batch_size": 128,
        "epochs": 80
      }
    },
    {
      "n_features": 47,
      "mse": 0.0021264728731990013,
      "kept_cols": [
        "Z",
        "A",
        "N",
        "ME",
        "BEA",
        "BEA_A",
        "AM",
        "Sn",
        "S2n",
        "Sp",
        "S2p",
        "Radius",
        "Pairing",
        "Deform",
        "Decay_Const",
        "Z_even",
        "N_even",
        "octopole_deformation",
        "rms_radius",
        "n_rms_radius",
        "p_rms_radius",
        "n_gap_erg",
        "p_gap_erg",
        "n_chem_erg",
        "p_chem_erg",
        "Sn_compound",
        "Sp_compound",
        "S2p_compound",
        "Radius_compound",
        "ME_compound",
        "BEA_compound",
        "BEA_A_compound",
        "Sn_daughter",
        "Sp_daughter",
        "S2p_daughter",
        "Radius_daughter",
        "ME_daughter",
        "BEA_daughter",
        "BEA_A_daughter",
        "Pairing_compound",
        "Shell_compound",
        "Spin_compound",
        "Deform_compound",
        "Shell_daughter",
        "Spin_daughter",
        "Deform_daughter",
        "ERG"
      ],
      "best_params": {
        "n_layers": 5,
        "units": 320,
        "activation": "gelu",
        "dropout": 0.00047666596481940604,
        "learning_rate": 0.0010686921238977892,
        "l2": 3.514844177686805e-06,
        "batch_size": 128,
        "epochs": 80
      }
    },
    {
      "n_features": 46,
      "mse": 0.0010053897647102634,
      "kept_cols": [
        "Z",
        "A",
        "N",
        "ME",
        "BEA",
        "BEA_A",
        "AM",
        "Sn",
        "S2n",
        "Sp",
        "S2p",
        "Radius",
        "Pairing",
        "Deform",
        "Decay_Const",
        "Z_even",
        "N_even",
        "octopole_deformation",
        "rms_radius",
        "n_rms_radius",
        "p_rms_radius",
        "n_gap_erg",
        "p_gap_erg",
        "n_chem_erg",
        "p_chem_erg",
        "Sn_compound",
        "Sp_compound",
        "S2p_compound",
        "Radius_compound",
        "ME_compound",
        "BEA_compound",
        "BEA_A_compound",
        "Sn_daughter",
        "Sp_daughter",
        "S2p_daughter",
        "Radius_daughter",
        "ME_daughter",
        "BEA_daughter",
        "BEA_A_daughter",
        "Shell_compound",
        "Spin_compound",
        "Deform_compound",
        "Shell_daughter",
        "Spin_daughter",
        "Deform_daughter",
        "ERG"
      ],
      "best_params": {
        "n_layers": 5,
        "units": 320,
        "activation": "gelu",
        "dropout": 0.00047666596481940604,
        "learning_rate": 0.0010686921238977892,
        "l2": 3.514844177686805e-06,
        "batch_size": 128,
        "epochs": 80
      }
    },
    {
      "n_features": 45,
      "mse": 0.0011235895631480715,
      "kept_cols": [
        "Z",
        "A",
        "N",
        "ME",
        "BEA",
        "BEA_A",
        "AM",
        "Sn",
        "S2n",
        "Sp",
        "S2p",
        "Radius",
        "Pairing",
        "Deform",
        "Decay_Const",
        "Z_even",
        "N_even",
        "octopole_deformation",
        "rms_radius",
        "n_rms_radius",
        "p_rms_radius",
        "n_gap_erg",
        "p_gap_erg",
        "n_chem_erg",
        "p_chem_erg",
        "Sn_compound",
        "Sp_compound",
        "S2p_compound",
        "Radius_compound",
        "ME_compound",
        "BEA_compound",
        "BEA_A_compound",
        "Sn_daughter",
        "Sp_daughter",
        "S2p_daughter",
        "Radius_daughter",
        "ME_daughter",
        "BEA_daughter",
        "BEA_A_daughter",
        "Shell_compound",
        "Spin_compound",
        "Deform_compound",
        "Spin_daughter",
        "Deform_daughter",
        "ERG"
      ],
      "best_params": {
        "n_layers": 5,
        "units": 512,
        "activation": "gelu",
        "dropout": 0.000785752415233168,
        "learning_rate": 0.0024273388315991153,
        "l2": 2.931094680926891e-06,
        "batch_size": 128,
        "epochs": 65
      }
    },
    {
      "n_features": 44,
      "mse": 0.0034898688208091244,
      "kept_cols": [
        "Z",
        "A",
        "N",
        "ME",
        "BEA",
        "BEA_A",
        "AM",
        "Sn",
        "S2n",
        "Sp",
        "S2p",
        "Radius",
        "Pairing",
        "Deform",
        "Decay_Const",
        "Z_even",
        "N_even",
        "octopole_deformation",
        "rms_radius",
        "n_rms_radius",
        "p_rms_radius",
        "n_gap_erg",
        "p_gap_erg",
        "n_chem_erg",
        "p_chem_erg",
        "Sn_compound",
        "Sp_compound",
        "S2p_compound",
        "Radius_compound",
        "ME_compound",
        "BEA_compound",
        "BEA_A_compound",
        "Sn_daughter",
        "Sp_daughter",
        "S2p_daughter",
        "Radius_daughter",
        "ME_daughter",
        "BEA_daughter",
        "BEA_A_daughter",
        "Shell_compound",
        "Spin_compound",
        "Deform_compound",
        "Deform_daughter",
        "ERG"
      ],
      "best_params": {
        "n_layers": 2,
        "units": 512,
        "activation": "gelu",
        "dropout": 0.1336649621310288,
        "learning_rate": 0.009459793482683483,
        "l2": 1.7270624544253436e-06,
        "batch_size": 128,
        "epochs": 55
      }
    },
    {
      "n_features": 43,
      "mse": 0.0018955967471667875,
      "kept_cols": [
        "Z",
        "A",
        "N",
        "ME",
        "BEA",
        "BEA_A",
        "AM",
        "Sn",
        "S2n",
        "Sp",
        "S2p",
        "Radius",
        "Pairing",
        "Deform",
        "Decay_Const",
        "N_even",
        "octopole_deformation",
        "rms_radius",
        "n_rms_radius",
        "p_rms_radius",
        "n_gap_erg",
        "p_gap_erg",
        "n_chem_erg",
        "p_chem_erg",
        "Sn_compound",
        "Sp_compound",
        "S2p_compound",
        "Radius_compound",
        "ME_compound",
        "BEA_compound",
        "BEA_A_compound",
        "Sn_daughter",
        "Sp_daughter",
        "S2p_daughter",
        "Radius_daughter",
        "ME_daughter",
        "BEA_daughter",
        "BEA_A_daughter",
        "Shell_compound",
        "Spin_compound",
        "Deform_compound",
        "Deform_daughter",
        "ERG"
      ],
      "best_params": {
        "n_layers": 2,
        "units": 512,
        "activation": "tanh",
        "dropout": 0.0007986980171656895,
        "learning_rate": 0.008337741746405797,
        "l2": 1.108203475923979e-06,
        "batch_size": 128,
        "epochs": 55
      }
    },
    {
      "n_features": 42,
      "mse": 0.0010798844357334557,
      "kept_cols": [
        "Z",
        "A",
        "N",
        "ME",
        "BEA",
        "BEA_A",
        "AM",
        "Sn",
        "S2n",
        "Sp",
        "S2p",
        "Radius",
        "Pairing",
        "Deform",
        "Decay_Const",
        "N_even",
        "octopole_deformation",
        "rms_radius",
        "n_rms_radius",
        "p_rms_radius",
        "n_gap_erg",
        "p_gap_erg",
        "n_chem_erg",
        "p_chem_erg",
        "Sn_compound",
        "Sp_compound",
        "S2p_compound",
        "Radius_compound",
        "ME_compound",
        "BEA_compound",
        "BEA_A_compound",
        "Sn_daughter",
        "Sp_daughter",
        "Radius_daughter",
        "ME_daughter",
        "BEA_daughter",
        "BEA_A_daughter",
        "Shell_compound",
        "Spin_compound",
        "Deform_compound",
        "Deform_daughter",
        "ERG"
      ],
      "best_params": {
        "n_layers": 5,
        "units": 320,
        "activation": "gelu",
        "dropout": 0.00047666596481940604,
        "learning_rate": 0.0010686921238977892,
        "l2": 3.514844177686805e-06,
        "batch_size": 128,
        "epochs": 80
      }
    },
    {
      "n_features": 41,
      "mse": 0.0010130043975440641,
      "kept_cols": [
        "Z",
        "A",
        "N",
        "ME",
        "BEA",
        "BEA_A",
        "AM",
        "Sn",
        "S2n",
        "Sp",
        "S2p",
        "Radius",
        "Deform",
        "Decay_Const",
        "N_even",
        "octopole_deformation",
        "rms_radius",
        "n_rms_radius",
        "p_rms_radius",
        "n_gap_erg",
        "p_gap_erg",
        "n_chem_erg",
        "p_chem_erg",
        "Sn_compound",
        "Sp_compound",
        "S2p_compound",
        "Radius_compound",
        "ME_compound",
        "BEA_compound",
        "BEA_A_compound",
        "Sn_daughter",
        "Sp_daughter",
        "Radius_daughter",
        "ME_daughter",
        "BEA_daughter",
        "BEA_A_daughter",
        "Shell_compound",
        "Spin_compound",
        "Deform_compound",
        "Deform_daughter",
        "ERG"
      ],
      "best_params": {
        "n_layers": 5,
        "units": 320,
        "activation": "gelu",
        "dropout": 0.00047666596481940604,
        "learning_rate": 0.0010686921238977892,
        "l2": 3.514844177686805e-06,
        "batch_size": 128,
        "epochs": 80
      }
    },
    {
      "n_features": 40,
      "mse": 0.002903194497132097,
      "kept_cols": [
        "Z",
        "A",
        "N",
        "ME",
        "BEA",
        "BEA_A",
        "AM",
        "Sn",
        "S2n",
        "Sp",
        "S2p",
        "Radius",
        "Deform",
        "Decay_Const",
        "N_even",
        "octopole_deformation",
        "rms_radius",
        "n_rms_radius",
        "p_rms_radius",
        "p_gap_erg",
        "n_chem_erg",
        "p_chem_erg",
        "Sn_compound",
        "Sp_compound",
        "S2p_compound",
        "Radius_compound",
        "ME_compound",
        "BEA_compound",
        "BEA_A_compound",
        "Sn_daughter",
        "Sp_daughter",
        "Radius_daughter",
        "ME_daughter",
        "BEA_daughter",
        "BEA_A_daughter",
        "Shell_compound",
        "Spin_compound",
        "Deform_compound",
        "Deform_daughter",
        "ERG"
      ],
      "best_params": {
        "n_layers": 5,
        "units": 512,
        "activation": "gelu",
        "dropout": 0.000785752415233168,
        "learning_rate": 0.0024273388315991153,
        "l2": 2.931094680926891e-06,
        "batch_size": 128,
        "epochs": 65
      }
    },
    {
      "n_features": 39,
      "mse": 0.0032293320593730127,
      "kept_cols": [
        "Z",
        "A",
        "N",
        "ME",
        "BEA",
        "BEA_A",
        "AM",
        "Sn",
        "S2n",
        "Sp",
        "S2p",
        "Radius",
        "Deform",
        "Decay_Const",
        "N_even",
        "octopole_deformation",
        "rms_radius",
        "n_rms_radius",
        "p_rms_radius",
        "p_gap_erg",
        "n_chem_erg",
        "p_chem_erg",
        "Sp_compound",
        "S2p_compound",
        "Radius_compound",
        "ME_compound",
        "BEA_compound",
        "BEA_A_compound",
        "Sn_daughter",
        "Sp_daughter",
        "Radius_daughter",
        "ME_daughter",
        "BEA_daughter",
        "BEA_A_daughter",
        "Shell_compound",
        "Spin_compound",
        "Deform_compound",
        "Deform_daughter",
        "ERG"
      ],
      "best_params": {
        "n_layers": 5,
        "units": 352,
        "activation": "gelu",
        "dropout": 0.05279914615221076,
        "learning_rate": 0.0011137061683932196,
        "l2": 5.6465572065754634e-06,
        "batch_size": 128,
        "epochs": 55
      }
    },
    {
      "n_features": 38,
      "mse": 0.002909083109737906,
      "kept_cols": [
        "Z",
        "A",
        "N",
        "ME",
        "BEA",
        "BEA_A",
        "AM",
        "Sn",
        "S2n",
        "Sp",
        "S2p",
        "Radius",
        "Decay_Const",
        "N_even",
        "octopole_deformation",
        "rms_radius",
        "n_rms_radius",
        "p_rms_radius",
        "p_gap_erg",
        "n_chem_erg",
        "p_chem_erg",
        "Sp_compound",
        "S2p_compound",
        "Radius_compound",
        "ME_compound",
        "BEA_compound",
        "BEA_A_compound",
        "Sn_daughter",
        "Sp_daughter",
        "Radius_daughter",
        "ME_daughter",
        "BEA_daughter",
        "BEA_A_daughter",
        "Shell_compound",
        "Spin_compound",
        "Deform_compound",
        "Deform_daughter",
        "ERG"
      ],
      "best_params": {
        "n_layers": 2,
        "units": 352,
        "activation": "gelu",
        "dropout": 0.028522479135032933,
        "learning_rate": 0.0025044505410649572,
        "l2": 7.734540007311456e-06,
        "batch_size": 32,
        "epochs": 60
      }
    },
    {
      "n_features": 37,
      "mse": 0.0017323622527906854,
      "kept_cols": [
        "Z",
        "A",
        "N",
        "ME",
        "BEA",
        "BEA_A",
        "AM",
        "Sn",
        "S2n",
        "Sp",
        "S2p",
        "Radius",
        "Decay_Const",
        "N_even",
        "octopole_deformation",
        "rms_radius",
        "n_rms_radius",
        "p_rms_radius",
        "n_chem_erg",
        "p_chem_erg",
        "Sp_compound",
        "S2p_compound",
        "Radius_compound",
        "ME_compound",
        "BEA_compound",
        "BEA_A_compound",
        "Sn_daughter",
        "Sp_daughter",
        "Radius_daughter",
        "ME_daughter",
        "BEA_daughter",
        "BEA_A_daughter",
        "Shell_compound",
        "Spin_compound",
        "Deform_compound",
        "Deform_daughter",
        "ERG"
      ],
      "best_params": {
        "n_layers": 5,
        "units": 512,
        "activation": "gelu",
        "dropout": 0.000785752415233168,
        "learning_rate": 0.0024273388315991153,
        "l2": 2.931094680926891e-06,
        "batch_size": 128,
        "epochs": 65
      }
    },
    {
      "n_features": 36,
      "mse": 0.002909380798484522,
      "kept_cols": [
        "Z",
        "A",
        "N",
        "ME",
        "BEA",
        "BEA_A",
        "AM",
        "Sn",
        "S2n",
        "Sp",
        "S2p",
        "Radius",
        "Decay_Const",
        "N_even",
        "octopole_deformation",
        "rms_radius",
        "n_rms_radius",
        "p_rms_radius",
        "n_chem_erg",
        "p_chem_erg",
        "Sp_compound",
        "S2p_compound",
        "Radius_compound",
        "ME_compound",
        "BEA_compound",
        "BEA_A_compound",
        "Sn_daughter",
        "Sp_daughter",
        "Radius_daughter",
        "ME_daughter",
        "BEA_daughter",
        "BEA_A_daughter",
        "Spin_compound",
        "Deform_compound",
        "Deform_daughter",
        "ERG"
      ],
      "best_params": {
        "n_layers": 2,
        "units": 512,
        "activation": "relu",
        "dropout": 0.003687384160674709,
        "learning_rate": 0.00294896480583817,
        "l2": 0.00015378040360173857,
        "batch_size": 128,
        "epochs": 80
      }
    },
    {
      "n_features": 35,
      "mse": 0.0014162223170919115,
      "kept_cols": [
        "Z",
        "A",
        "N",
        "ME",
        "BEA",
        "BEA_A",
        "AM",
        "Sn",
        "S2n",
        "Sp",
        "S2p",
        "Radius",
        "Decay_Const",
        "N_even",
        "octopole_deformation",
        "rms_radius",
        "n_rms_radius",
        "p_rms_radius",
        "n_chem_erg",
        "p_chem_erg",
        "Sp_compound",
        "Radius_compound",
        "ME_compound",
        "BEA_compound",
        "BEA_A_compound",
        "Sn_daughter",
        "Sp_daughter",
        "Radius_daughter",
        "ME_daughter",
        "BEA_daughter",
        "BEA_A_daughter",
        "Spin_compound",
        "Deform_compound",
        "Deform_daughter",
        "ERG"
      ],
      "best_params": {
        "n_layers": 5,
        "units": 480,
        "activation": "gelu",
        "dropout": 1.92101571018493e-05,
        "learning_rate": 0.001065422058354153,
        "l2": 1.117824065734813e-06,
        "batch_size": 128,
        "epochs": 60
      }
    },
    {
      "n_features": 34,
      "mse": 0.0018946568726450085,
      "kept_cols": [
        "Z",
        "A",
        "N",
        "ME",
        "BEA",
        "BEA_A",
        "AM",
        "Sn",
        "S2n",
        "Sp",
        "S2p",
        "Radius",
        "Decay_Const",
        "N_even",
        "octopole_deformation",
        "rms_radius",
        "n_rms_radius",
        "p_rms_radius",
        "n_chem_erg",
        "p_chem_erg",
        "Sp_compound",
        "ME_compound",
        "BEA_compound",
        "BEA_A_compound",
        "Sn_daughter",
        "Sp_daughter",
        "Radius_daughter",
        "ME_daughter",
        "BEA_daughter",
        "BEA_A_daughter",
        "Spin_compound",
        "Deform_compound",
        "Deform_daughter",
        "ERG"
      ],
      "best_params": {
        "n_layers": 5,
        "units": 480,
        "activation": "gelu",
        "dropout": 1.92101571018493e-05,
        "learning_rate": 0.001065422058354153,
        "l2": 1.117824065734813e-06,
        "batch_size": 128,
        "epochs": 60
      }
    },
    {
      "n_features": 33,
      "mse": 0.0015375505682114444,
      "kept_cols": [
        "Z",
        "A",
        "N",
        "ME",
        "BEA",
        "BEA_A",
        "AM",
        "Sn",
        "S2n",
        "Sp",
        "S2p",
        "Radius",
        "N_even",
        "octopole_deformation",
        "rms_radius",
        "n_rms_radius",
        "p_rms_radius",
        "n_chem_erg",
        "p_chem_erg",
        "Sp_compound",
        "ME_compound",
        "BEA_compound",
        "BEA_A_compound",
        "Sn_daughter",
        "Sp_daughter",
        "Radius_daughter",
        "ME_daughter",
        "BEA_daughter",
        "BEA_A_daughter",
        "Spin_compound",
        "Deform_compound",
        "Deform_daughter",
        "ERG"
      ],
      "best_params": {
        "n_layers": 5,
        "units": 480,
        "activation": "gelu",
        "dropout": 0.012033723098502258,
        "learning_rate": 0.0005786416819367108,
        "l2": 2.856105433735056e-06,
        "batch_size": 128,
        "epochs": 75
      }
    },
    {
      "n_features": 32,
      "mse": 0.0016120817573343463,
      "kept_cols": [
        "Z",
        "A",
        "N",
        "ME",
        "BEA",
        "BEA_A",
        "AM",
        "Sn",
        "S2n",
        "Sp",
        "S2p",
        "Radius",
        "N_even",
        "octopole_deformation",
        "rms_radius",
        "n_rms_radius",
        "p_rms_radius",
        "n_chem_erg",
        "p_chem_erg",
        "Sp_compound",
        "ME_compound",
        "BEA_compound",
        "BEA_A_compound",
        "Sn_daughter",
        "Sp_daughter",
        "Radius_daughter",
        "BEA_daughter",
        "BEA_A_daughter",
        "Spin_compound",
        "Deform_compound",
        "Deform_daughter",
        "ERG"
      ],
      "best_params": {
        "n_layers": 2,
        "units": 320,
        "activation": "tanh",
        "dropout": 0.00047666596481940604,
        "learning_rate": 0.009167202280080042,
        "l2": 2.1038996326748344e-06,
        "batch_size": 128,
        "epochs": 45
      }
    },
    {
      "n_features": 31,
      "mse": 0.001541847160898752,
      "kept_cols": [
        "Z",
        "A",
        "N",
        "ME",
        "BEA",
        "BEA_A",
        "AM",
        "Sn",
        "S2n",
        "Sp",
        "S2p",
        "Radius",
        "N_even",
        "octopole_deformation",
        "rms_radius",
        "n_rms_radius",
        "p_rms_radius",
        "n_chem_erg",
        "p_chem_erg",
        "ME_compound",
        "BEA_compound",
        "BEA_A_compound",
        "Sn_daughter",
        "Sp_daughter",
        "Radius_daughter",
        "BEA_daughter",
        "BEA_A_daughter",
        "Spin_compound",
        "Deform_compound",
        "Deform_daughter",
        "ERG"
      ],
      "best_params": {
        "n_layers": 5,
        "units": 512,
        "activation": "gelu",
        "dropout": 0.000785752415233168,
        "learning_rate": 0.0024273388315991153,
        "l2": 2.931094680926891e-06,
        "batch_size": 128,
        "epochs": 65
      }
    },
    {
      "n_features": 30,
      "mse": 0.0010777063526870498,
      "kept_cols": [
        "Z",
        "A",
        "N",
        "ME",
        "BEA",
        "BEA_A",
        "AM",
        "Sn",
        "S2n",
        "Sp",
        "S2p",
        "Radius",
        "N_even",
        "octopole_deformation",
        "rms_radius",
        "n_rms_radius",
        "p_rms_radius",
        "n_chem_erg",
        "p_chem_erg",
        "ME_compound",
        "BEA_A_compound",
        "Sn_daughter",
        "Sp_daughter",
        "Radius_daughter",
        "BEA_daughter",
        "BEA_A_daughter",
        "Spin_compound",
        "Deform_compound",
        "Deform_daughter",
        "ERG"
      ],
      "best_params": {
        "n_layers": 5,
        "units": 320,
        "activation": "gelu",
        "dropout": 0.00047666596481940604,
        "learning_rate": 0.0010686921238977892,
        "l2": 3.514844177686805e-06,
        "batch_size": 128,
        "epochs": 80
      }
    },
    {
      "n_features": 29,
      "mse": 0.001415829357104742,
      "kept_cols": [
        "Z",
        "A",
        "N",
        "ME",
        "BEA",
        "BEA_A",
        "AM",
        "Sn",
        "S2n",
        "Sp",
        "S2p",
        "Radius",
        "N_even",
        "octopole_deformation",
        "rms_radius",
        "n_rms_radius",
        "p_rms_radius",
        "n_chem_erg",
        "p_chem_erg",
        "ME_compound",
        "BEA_A_compound",
        "Sn_daughter",
        "Radius_daughter",
        "BEA_daughter",
        "BEA_A_daughter",
        "Spin_compound",
        "Deform_compound",
        "Deform_daughter",
        "ERG"
      ],
      "best_params": {
        "n_layers": 5,
        "units": 320,
        "activation": "gelu",
        "dropout": 0.00047666596481940604,
        "learning_rate": 0.0010686921238977892,
        "l2": 3.514844177686805e-06,
        "batch_size": 128,
        "epochs": 80
      }
    },
    {
      "n_features": 28,
      "mse": 0.002413391741776798,
      "kept_cols": [
        "Z",
        "A",
        "N",
        "ME",
        "BEA",
        "BEA_A",
        "AM",
        "Sn",
        "S2n",
        "Sp",
        "S2p",
        "Radius",
        "octopole_deformation",
        "rms_radius",
        "n_rms_radius",
        "p_rms_radius",
        "n_chem_erg",
        "p_chem_erg",
        "ME_compound",
        "BEA_A_compound",
        "Sn_daughter",
        "Radius_daughter",
        "BEA_daughter",
        "BEA_A_daughter",
        "Spin_compound",
        "Deform_compound",
        "Deform_daughter",
        "ERG"
      ],
      "best_params": {
        "n_layers": 4,
        "units": 480,
        "activation": "gelu",
        "dropout": 0.09270854807108195,
        "learning_rate": 0.00042072530234464,
        "l2": 2.7447653106267693e-06,
        "batch_size": 32,
        "epochs": 60
      }
    },
    {
      "n_features": 27,
      "mse": 0.001249641355963576,
      "kept_cols": [
        "Z",
        "A",
        "N",
        "ME",
        "BEA",
        "BEA_A",
        "AM",
        "Sn",
        "S2n",
        "Sp",
        "S2p",
        "Radius",
        "octopole_deformation",
        "rms_radius",
        "n_rms_radius",
        "p_rms_radius",
        "n_chem_erg",
        "ME_compound",
        "BEA_A_compound",
        "Sn_daughter",
        "Radius_daughter",
        "BEA_daughter",
        "BEA_A_daughter",
        "Spin_compound",
        "Deform_compound",
        "Deform_daughter",
        "ERG"
      ],
      "best_params": {
        "n_layers": 5,
        "units": 480,
        "activation": "gelu",
        "dropout": 1.92101571018493e-05,
        "learning_rate": 0.001065422058354153,
        "l2": 1.117824065734813e-06,
        "batch_size": 128,
        "epochs": 60
      }
    },
    {
      "n_features": 26,
      "mse": 0.001740033125280997,
      "kept_cols": [
        "Z",
        "A",
        "ME",
        "BEA",
        "BEA_A",
        "AM",
        "Sn",
        "S2n",
        "Sp",
        "S2p",
        "Radius",
        "octopole_deformation",
        "rms_radius",
        "n_rms_radius",
        "p_rms_radius",
        "n_chem_erg",
        "ME_compound",
        "BEA_A_compound",
        "Sn_daughter",
        "Radius_daughter",
        "BEA_daughter",
        "BEA_A_daughter",
        "Spin_compound",
        "Deform_compound",
        "Deform_daughter",
        "ERG"
      ],
      "best_params": {
        "n_layers": 5,
        "units": 512,
        "activation": "gelu",
        "dropout": 0.000785752415233168,
        "learning_rate": 0.0024273388315991153,
        "l2": 2.931094680926891e-06,
        "batch_size": 128,
        "epochs": 65
      }
    },
    {
      "n_features": 25,
      "mse": 0.0031751887625705395,
      "kept_cols": [
        "A",
        "ME",
        "BEA",
        "BEA_A",
        "AM",
        "Sn",
        "S2n",
        "Sp",
        "S2p",
        "Radius",
        "octopole_deformation",
        "rms_radius",
        "n_rms_radius",
        "p_rms_radius",
        "n_chem_erg",
        "ME_compound",
        "BEA_A_compound",
        "Sn_daughter",
        "Radius_daughter",
        "BEA_daughter",
        "BEA_A_daughter",
        "Spin_compound",
        "Deform_compound",
        "Deform_daughter",
        "ERG"
      ],
      "best_params": {
        "n_layers": 5,
        "units": 320,
        "activation": "relu",
        "dropout": 0.024987220400515903,
        "learning_rate": 0.0005621329588637145,
        "l2": 0.00027716637162687713,
        "batch_size": 64,
        "epochs": 45
      }
    },
    {
      "n_features": 24,
      "mse": 0.0014823483464916493,
      "kept_cols": [
        "A",
        "ME",
        "BEA",
        "BEA_A",
        "AM",
        "Sn",
        "S2n",
        "Sp",
        "S2p",
        "Radius",
        "octopole_deformation",
        "rms_radius",
        "n_rms_radius",
        "p_rms_radius",
        "n_chem_erg",
        "ME_compound",
        "BEA_A_compound",
        "Sn_daughter",
        "Radius_daughter",
        "BEA_daughter",
        "BEA_A_daughter",
        "Deform_compound",
        "Deform_daughter",
        "ERG"
      ],
      "best_params": {
        "n_layers": 5,
        "units": 320,
        "activation": "gelu",
        "dropout": 0.00047666596481940604,
        "learning_rate": 0.0010686921238977892,
        "l2": 3.514844177686805e-06,
        "batch_size": 128,
        "epochs": 80
      }
    },
    {
      "n_features": 23,
      "mse": 0.0033743782488061314,
      "kept_cols": [
        "A",
        "ME",
        "BEA",
        "BEA_A",
        "AM",
        "Sn",
        "S2n",
        "Sp",
        "S2p",
        "Radius",
        "octopole_deformation",
        "rms_radius",
        "n_rms_radius",
        "p_rms_radius",
        "n_chem_erg",
        "ME_compound",
        "BEA_A_compound",
        "Radius_daughter",
        "BEA_daughter",
        "BEA_A_daughter",
        "Deform_compound",
        "Deform_daughter",
        "ERG"
      ],
      "best_params": {
        "n_layers": 5,
        "units": 512,
        "activation": "tanh",
        "dropout": 0.011013428987734122,
        "learning_rate": 0.002594434474013014,
        "l2": 1.3015593885191654e-06,
        "batch_size": 128,
        "epochs": 60
      }
    },
    {
      "n_features": 22,
      "mse": 0.003740477121241572,
      "kept_cols": [
        "A",
        "ME",
        "BEA",
        "BEA_A",
        "AM",
        "Sn",
        "S2n",
        "Sp",
        "Radius",
        "octopole_deformation",
        "rms_radius",
        "n_rms_radius",
        "p_rms_radius",
        "n_chem_erg",
        "ME_compound",
        "BEA_A_compound",
        "Radius_daughter",
        "BEA_daughter",
        "BEA_A_daughter",
        "Deform_compound",
        "Deform_daughter",
        "ERG"
      ],
      "best_params": {
        "n_layers": 5,
        "units": 512,
        "activation": "gelu",
        "dropout": 0.000785752415233168,
        "learning_rate": 0.0024273388315991153,
        "l2": 2.931094680926891e-06,
        "batch_size": 128,
        "epochs": 65
      }
    },
    {
      "n_features": 21,
      "mse": 0.00353873745104834,
      "kept_cols": [
        "A",
        "ME",
        "BEA",
        "BEA_A",
        "AM",
        "Sn",
        "S2n",
        "Sp",
        "Radius",
        "octopole_deformation",
        "rms_radius",
        "n_rms_radius",
        "n_chem_erg",
        "ME_compound",
        "BEA_A_compound",
        "Radius_daughter",
        "BEA_daughter",
        "BEA_A_daughter",
        "Deform_compound",
        "Deform_daughter",
        "ERG"
      ],
      "best_params": {
        "n_layers": 2,
        "units": 512,
        "activation": "tanh",
        "dropout": 0.0007986980171656895,
        "learning_rate": 0.008337741746405797,
        "l2": 1.108203475923979e-06,
        "batch_size": 128,
        "epochs": 55
      }
    },
    {
      "n_features": 20,
      "mse": 0.004303550253887986,
      "kept_cols": [
        "A",
        "ME",
        "BEA",
        "BEA_A",
        "AM",
        "Sn",
        "S2n",
        "Radius",
        "octopole_deformation",
        "rms_radius",
        "n_rms_radius",
        "n_chem_erg",
        "ME_compound",
        "BEA_A_compound",
        "Radius_daughter",
        "BEA_daughter",
        "BEA_A_daughter",
        "Deform_compound",
        "Deform_daughter",
        "ERG"
      ],
      "best_params": {
        "n_layers": 2,
        "units": 512,
        "activation": "relu",
        "dropout": 0.003687384160674709,
        "learning_rate": 0.00294896480583817,
        "l2": 0.00015378040360173857,
        "batch_size": 128,
        "epochs": 80
      }
    },
    {
      "n_features": 19,
      "mse": 0.006132466171662106,
      "kept_cols": [
        "A",
        "ME",
        "BEA",
        "BEA_A",
        "AM",
        "Sn",
        "S2n",
        "octopole_deformation",
        "rms_radius",
        "n_rms_radius",
        "n_chem_erg",
        "ME_compound",
        "BEA_A_compound",
        "Radius_daughter",
        "BEA_daughter",
        "BEA_A_daughter",
        "Deform_compound",
        "Deform_daughter",
        "ERG"
      ],
      "best_params": {
        "n_layers": 3,
        "units": 352,
        "activation": "tanh",
        "dropout": 0.005371309836332938,
        "learning_rate": 0.0026107084167446984,
        "l2": 9.579151206354279e-06,
        "batch_size": 32,
        "epochs": 65
      }
    },
    {
      "n_features": 18,
      "mse": 0.0028977070209569833,
      "kept_cols": [
        "A",
        "ME",
        "BEA",
        "BEA_A",
        "AM",
        "Sn",
        "S2n",
        "octopole_deformation",
        "rms_radius",
        "n_rms_radius",
        "ME_compound",
        "BEA_A_compound",
        "Radius_daughter",
        "BEA_daughter",
        "BEA_A_daughter",
        "Deform_compound",
        "Deform_daughter",
        "ERG"
      ],
      "best_params": {
        "n_layers": 2,
        "units": 512,
        "activation": "relu",
        "dropout": 0.003687384160674709,
        "learning_rate": 0.00022490723422527364,
        "l2": 0.0001484157769063279,
        "batch_size": 64,
        "epochs": 80
      }
    },
    {
      "n_features": 17,
      "mse": 0.002101739716914188,
      "kept_cols": [
        "A",
        "ME",
        "BEA",
        "BEA_A",
        "AM",
        "Sn",
        "octopole_deformation",
        "rms_radius",
        "n_rms_radius",
        "ME_compound",
        "BEA_A_compound",
        "Radius_daughter",
        "BEA_daughter",
        "BEA_A_daughter",
        "Deform_compound",
        "Deform_daughter",
        "ERG"
      ],
      "best_params": {
        "n_layers": 2,
        "units": 512,
        "activation": "relu",
        "dropout": 0.0013199391286784629,
        "learning_rate": 0.001015828005342928,
        "l2": 3.854265115445847e-06,
        "batch_size": 64,
        "epochs": 60
      }
    },
    {
      "n_features": 16,
      "mse": 0.00344625605812263,
      "kept_cols": [
        "A",
        "ME",
        "BEA",
        "BEA_A",
        "AM",
        "Sn",
        "octopole_deformation",
        "rms_radius",
        "n_rms_radius",
        "BEA_A_compound",
        "Radius_daughter",
        "BEA_daughter",
        "BEA_A_daughter",
        "Deform_compound",
        "Deform_daughter",
        "ERG"
      ],
      "best_params": {
        "n_layers": 2,
        "units": 352,
        "activation": "relu",
        "dropout": 0.009477205144976998,
        "learning_rate": 0.002756593181822316,
        "l2": 1.5580903011985829e-06,
        "batch_size": 64,
        "epochs": 65
      }
    },
    {
      "n_features": 15,
      "mse": 0.007166945712463636,
      "kept_cols": [
        "A",
        "ME",
        "BEA",
        "BEA_A",
        "AM",
        "Sn",
        "octopole_deformation",
        "rms_radius",
        "n_rms_radius",
        "BEA_A_compound",
        "Radius_daughter",
        "BEA_daughter",
        "BEA_A_daughter",
        "Deform_compound",
        "ERG"
      ],
      "best_params": {
        "n_layers": 3,
        "units": 512,
        "activation": "relu",
        "dropout": 0.4497050363565032,
        "learning_rate": 0.0002611118495804004,
        "l2": 0.00023120783725238126,
        "batch_size": 64,
        "epochs": 75
      }
    },
    {
      "n_features": 14,
      "mse": 0.009783893522979297,
      "kept_cols": [
        "A",
        "ME",
        "BEA",
        "BEA_A",
        "AM",
        "Sn",
        "octopole_deformation",
        "rms_radius",
        "n_rms_radius",
        "BEA_A_compound",
        "Radius_daughter",
        "BEA_A_daughter",
        "Deform_compound",
        "ERG"
      ],
      "best_params": {
        "n_layers": 2,
        "units": 512,
        "activation": "tanh",
        "dropout": 0.0031779937156506816,
        "learning_rate": 0.002426900457042423,
        "l2": 1.1165643999918724e-06,
        "batch_size": 64,
        "epochs": 55
      }
    },
    {
      "n_features": 13,
      "mse": 0.004969107801596638,
      "kept_cols": [
        "ME",
        "BEA",
        "BEA_A",
        "AM",
        "Sn",
        "octopole_deformation",
        "rms_radius",
        "n_rms_radius",
        "BEA_A_compound",
        "Radius_daughter",
        "BEA_A_daughter",
        "Deform_compound",
        "ERG"
      ],
      "best_params": {
        "n_layers": 2,
        "units": 320,
        "activation": "relu",
        "dropout": 0.011337370942963429,
        "learning_rate": 0.002594434474013014,
        "l2": 1.0313672547683233e-06,
        "batch_size": 64,
        "epochs": 50
      }
    },
    {
      "n_features": 12,
      "mse": 0.005748951173680792,
      "kept_cols": [
        "ME",
        "BEA",
        "BEA_A",
        "AM",
        "Sn",
        "octopole_deformation",
        "rms_radius",
        "n_rms_radius",
        "BEA_A_compound",
        "Radius_daughter",
        "BEA_A_daughter",
        "ERG"
      ],
      "best_params": {
        "n_layers": 2,
        "units": 512,
        "activation": "relu",
        "dropout": 0.0003580545762191002,
        "learning_rate": 0.002509389815535344,
        "l2": 1.1092302345972748e-06,
        "batch_size": 64,
        "epochs": 45
      }
    },
    {
      "n_features": 11,
      "mse": 0.0065380711577897295,
      "kept_cols": [
        "ME",
        "BEA",
        "BEA_A",
        "AM",
        "Sn",
        "octopole_deformation",
        "n_rms_radius",
        "BEA_A_compound",
        "Radius_daughter",
        "BEA_A_daughter",
        "ERG"
      ],
      "best_params": {
        "n_layers": 5,
        "units": 320,
        "activation": "tanh",
        "dropout": 0.00047666596481940604,
        "learning_rate": 0.0026778835196457755,
        "l2": 2.1077557299790657e-06,
        "batch_size": 128,
        "epochs": 60
      }
    },
    {
      "n_features": 10,
      "mse": 0.012879956261322106,
      "kept_cols": [
        "ME",
        "BEA",
        "AM",
        "Sn",
        "octopole_deformation",
        "n_rms_radius",
        "BEA_A_compound",
        "Radius_daughter",
        "BEA_A_daughter",
        "ERG"
      ],
      "best_params": {
        "n_layers": 2,
        "units": 512,
        "activation": "tanh",
        "dropout": 0.0031779937156506816,
        "learning_rate": 0.002426900457042423,
        "l2": 1.1165643999918724e-06,
        "batch_size": 64,
        "epochs": 55
      }
    },
    {
      "n_features": 9,
      "mse": 0.009805227457909092,
      "kept_cols": [
        "BEA",
        "AM",
        "Sn",
        "octopole_deformation",
        "n_rms_radius",
        "BEA_A_compound",
        "Radius_daughter",
        "BEA_A_daughter",
        "ERG"
      ],
      "best_params": {
        "n_layers": 5,
        "units": 352,
        "activation": "tanh",
        "dropout": 1.92101571018493e-05,
        "learning_rate": 0.002528639464830752,
        "l2": 2.24124734576049e-06,
        "batch_size": 128,
        "epochs": 65
      }
    },
    {
      "n_features": 8,
      "mse": 0.009621007791784453,
      "kept_cols": [
        "BEA",
        "AM",
        "Sn",
        "n_rms_radius",
        "BEA_A_compound",
        "Radius_daughter",
        "BEA_A_daughter",
        "ERG"
      ],
      "best_params": {
        "n_layers": 5,
        "units": 320,
        "activation": "tanh",
        "dropout": 0.00047666596481940604,
        "learning_rate": 0.0026778835196457755,
        "l2": 2.1077557299790657e-06,
        "batch_size": 128,
        "epochs": 60
      }
    },
    {
      "n_features": 7,
      "mse": 0.006063060829994178,
      "kept_cols": [
        "BEA",
        "AM",
        "Sn",
        "n_rms_radius",
        "BEA_A_compound",
        "BEA_A_daughter",
        "ERG"
      ],
      "best_params": {
        "n_layers": 4,
        "units": 64,
        "activation": "gelu",
        "dropout": 0.005288754127789279,
        "learning_rate": 0.0037922747156188294,
        "l2": 9.603803111314535e-06,
        "batch_size": 128,
        "epochs": 80
      }
    },
    {
      "n_features": 6,
      "mse": 0.005531725894669166,
      "kept_cols": [
        "BEA",
        "Sn",
        "n_rms_radius",
        "BEA_A_compound",
        "BEA_A_daughter",
        "ERG"
      ],
      "best_params": {
        "n_layers": 2,
        "units": 320,
        "activation": "relu",
        "dropout": 0.00047666596481940604,
        "learning_rate": 0.0028121699773941884,
        "l2": 1.962980527856316e-06,
        "batch_size": 32,
        "epochs": 50
      }
    },
    {
      "n_features": 5,
      "mse": 0.0337720742485785,
      "kept_cols": [
        "BEA",
        "n_rms_radius",
        "BEA_A_compound",
        "BEA_A_daughter",
        "ERG"
      ],
      "best_params": {
        "n_layers": 5,
        "units": 512,
        "activation": "gelu",
        "dropout": 0.12852481009683603,
        "learning_rate": 0.0010893266593099363,
        "l2": 2.170591058794056e-06,
        "batch_size": 128,
        "epochs": 80
      }
    },
    {
      "n_features": 4,
      "mse": 0.45399050281928066,
      "kept_cols": [
        "BEA",
        "n_rms_radius",
        "BEA_A_compound",
        "BEA_A_daughter"
      ],
      "best_params": {
        "n_layers": 1,
        "units": 224,
        "activation": "relu",
        "dropout": 0.07655897335952311,
        "learning_rate": 0.0005027667942630639,
        "l2": 0.008055661645300714,
        "batch_size": 256,
        "epochs": 30
      }
    }
  ],
  "total": 60
}