{
  "cols": [
    "A",
    "S2n",
    "ERG"
  ],
  "best_mse": 0.00034113678898868495,
  "best_features": [
    "Z",
    "A",
    "N",
    "ME",
    "BEA",
    "Sn",
    "S2n",
    "Sp",
    "S2p",
    "Shell",
    "p_gap_erg",
    "n_chem_erg",
    "ERG"
  ],
  "history": [
    {
      "n_features": 60,
      "mse": 0.00039847241783926804,
      "kept_cols": [
        "Z",
        "A",
        "N",
        "ME",
        "BEA",
        "BEA_A",
        "AM",
        "Sn",
        "S2n",
        "Sp",
        "S2p",
        "Radius",
        "Pairing",
        "Shell",
        "Spin",
        "Parity",
        "Deform",
        "Decay_Const",
        "Z_even",
        "A_even",
        "N_even",
        "beta_deformation",
        "gamma_deformation",
        "octopole_deformation",
        "rms_radius",
        "n_rms_radius",
        "p_rms_radius",
        "n_gap_erg",
        "p_gap_erg",
        "n_chem_erg",
        "p_chem_erg",
        "Sn_compound",
        "S2n_compound",
        "Sp_compound",
        "S2p_compound",
        "Radius_compound",
        "ME_compound",
        "BEA_compound",
        "BEA_A_compound",
        "Sn_daughter",
        "S2n_daughter",
        "Sp_daughter",
        "S2p_daughter",
        "Radius_daughter",
        "ME_daughter",
        "BEA_daughter",
        "BEA_A_daughter",
        "Pairing_compound",
        "Shell_compound",
        "Spin_compound",
        "Parity_compound",
        "Deform_compound",
        "Decay_compound",
        "Pairing_daughter",
        "Shell_daughter",
        "Spin_daughter",
        "Parity_daughter",
        "Deform_daughter",
        "Decay_daughter",
        "ERG"
      ],
      "best_params": {
        "n_estimators": 950,
        "max_depth": 12,
        "learning_rate": 0.023387395380801576,
        "subsample": 0.51735171792841,
        "colsample_bytree": 0.9288234523314991,
        "reg_lambda": 0.0014623166653720773,
        "reg_alpha": 0.011838563687274007
      }
    },
    {
      "n_features": 59,
      "mse": 0.0004125103600586103,
      "kept_cols": [
        "Z",
        "A",
        "N",
        "ME",
        "BEA",
        "BEA_A",
        "AM",
        "Sn",
        "S2n",
        "Sp",
        "S2p",
        "Radius",
        "Pairing",
        "Shell",
        "Spin",
        "Parity",
        "Deform",
        "Decay_Const",
        "Z_even",
        "A_even",
        "N_even",
        "beta_deformation",
        "gamma_deformation",
        "octopole_deformation",
        "rms_radius",
        "n_rms_radius",
        "p_rms_radius",
        "n_gap_erg",
        "p_gap_erg",
        "n_chem_erg",
        "p_chem_erg",
        "Sn_compound",
        "S2n_compound",
        "Sp_compound",
        "S2p_compound",
        "Radius_compound",
        "ME_compound",
        "BEA_compound",
        "BEA_A_compound",
        "Sn_daughter",
        "S2n_daughter",
        "Sp_daughter",
        "S2p_daughter",
        "Radius_daughter",
        "ME_daughter",
        "BEA_daughter",
        "Pairing_compound",
        "Shell_compound",
        "Spin_compound",
        "Parity_compound",
        "Deform_compound",
        "Decay_compound",
        "Pairing_daughter",
        "Shell_daughter",
        "Spin_daughter",
        "Parity_daughter",
        "Deform_daughter",
        "Decay_daughter",
        "ERG"
      ],
      "best_params": {
        "n_estimators": 950,
        "max_depth": 12,
        "learning_rate": 0.023387395380801576,
        "subsample": 0.51735171792841,
        "colsample_bytree": 0.9288234523314991,
        "reg_lambda": 0.0014623166653720773,
        "reg_alpha": 0.011838563687274007
      }
    },
    {
      "n_features": 58,
      "mse": 0.0003964545677811149,
      "kept_cols": [
        "Z",
        "A",
        "N",
        "ME",
        "BEA",
        "BEA_A",
        "AM",
        "Sn",
        "S2n",
        "Sp",
        "S2p",
        "Radius",
        "Pairing",
        "Shell",
        "Spin",
        "Parity",
        "Deform",
        "Decay_Const",
        "Z_even",
        "A_even",
        "N_even",
        "beta_deformation",
        "gamma_deformation",
        "octopole_deformation",
        "rms_radius",
        "n_rms_radius",
        "p_rms_radius",
        "n_gap_erg",
        "p_gap_erg",
        "n_chem_erg",
        "p_chem_erg",
        "Sn_compound",
        "S2n_compound",
        "Sp_compound",
        "S2p_compound",
        "Radius_compound",
        "ME_compound",
        "BEA_compound",
        "BEA_A_compound",
        "Sn_daughter",
        "S2n_daughter",
        "Sp_daughter",
        "Radius_daughter",
        "ME_daughter",
        "BEA_daughter",
        "Pairing_compound",
        "Shell_compound",
        "Spin_compound",
        "Parity_compound",
        "Deform_compound",
        "Decay_compound",
        "Pairing_daughter",
        "Shell_daughter",
        "Spin_daughter",
        "Parity_daughter",
        "Deform_daughter",
        "Decay_daughter",
        "ERG"
      ],
      "best_params": {
        "n_estimators": 950,
        "max_depth": 12,
        "learning_rate": 0.023387395380801576,
        "subsample": 0.51735171792841,
        "colsample_bytree": 0.9288234523314991,
        "reg_lambda": 0.0014623166653720773,
        "reg_alpha": 0.011838563687274007
      }
    },
    {
      "n_features": 57,
      "mse": 0.0003862631275840695,
      "kept_cols": [
        "Z",
        "A",
        "N",
        "ME",
        "BEA",
        "BEA_A",
        "AM",
        "Sn",
        "S2n",
        "Sp",
        "S2p",
        "Radius",
        "Pairing",
        "Shell",
        "Spin",
        "Parity",
        "Deform",
        "Decay_Const",
        "Z_even",
        "N_even",
        "beta_deformation",
        "gamma_deformation",
        "octopole_deformation",
        "rms_radius",
        "n_rms_radius",
        "p_rms_radius",
        "n_gap_erg",
        "p_gap_erg",
        "n_chem_erg",
        "p_chem_erg",
        "Sn_compound",
        "S2n_compound",
        "Sp_compound",
        "S2p_compound",
        "Radius_compound",
        "ME_compound",
        "BEA_compound",
        "BEA_A_compound",
        "Sn_daughter",
        "S2n_daughter",
        "Sp_daughter",
        "Radius_daughter",
        "ME_daughter",
        "BEA_daughter",
        "Pairing_compound",
        "Shell_compound",
        "Spin_compound",
        "Parity_compound",
        "Deform_compound",
        "Decay_compound",
        "Pairing_daughter",
        "Shell_daughter",
        "Spin_daughter",
        "Parity_daughter",
        "Deform_daughter",
        "Decay_daughter",
        "ERG"
      ],
      "best_params": {
        "n_estimators": 950,
        "max_depth": 12,
        "learning_rate": 0.023387395380801576,
        "subsample": 0.51735171792841,
        "colsample_bytree": 0.9288234523314991,
        "reg_lambda": 0.0014623166653720773,
        "reg_alpha": 0.011838563687274007
      }
    },
    {
      "n_features": 56,
      "mse": 0.0003969325182891786,
      "kept_cols": [
        "Z",
        "A",
        "N",
        "ME",
        "BEA",
        "BEA_A",
        "AM",
        "Sn",
        "S2n",
        "Sp",
        "S2p",
        "Radius",
        "Pairing",
        "Shell",
        "Spin",
        "Parity",
        "Deform",
        "Decay_Const",
        "Z_even",
        "N_even",
        "beta_deformation",
        "gamma_deformation",
        "octopole_deformation",
        "rms_radius",
        "n_rms_radius",
        "p_rms_radius",
        "n_gap_erg",
        "p_gap_erg",
        "n_chem_erg",
        "p_chem_erg",
        "Sn_compound",
        "S2n_compound",
        "Sp_compound",
        "S2p_compound",
        "Radius_compound",
        "ME_compound",
        "BEA_compound",
        "BEA_A_compound",
        "Sn_daughter",
        "S2n_daughter",
        "Sp_daughter",
        "Radius_daughter",
        "ME_daughter",
        "BEA_daughter",
        "Pairing_compound",
        "Shell_compound",
        "Spin_compound",
        "Parity_compound",
        "Deform_compound",
        "Decay_compound",
        "Pairing_daughter",
        "Shell_daughter",
        "Spin_daughter",
        "Deform_daughter",
        "Decay_daughter",
        "ERG"
      ],
      "best_params": {
        "n_estimators": 950,
        "max_depth": 12,
        "learning_rate": 0.023387395380801576,
        "subsample": 0.51735171792841,
        "colsample_bytree": 0.9288234523314991,
        "reg_lambda": 0.0014623166653720773,
        "reg_alpha": 0.011838563687274007
      }
    },
    {
      "n_features": 55,
      "mse": 0.0003893632050297127,
      "kept_cols": [
        "Z",
        "A",
        "N",
        "ME",
        "BEA",
        "BEA_A",
        "AM",
        "Sn",
        "S2n",
        "Sp",
        "S2p",
        "Radius",
        "Pairing",
        "Shell",
        "Spin",
        "Parity",
        "Deform",
        "Decay_Const",
        "Z_even",
        "N_even",
        "beta_deformation",
        "gamma_deformation",
        "octopole_deformation",
        "rms_radius",
        "n_rms_radius",
        "p_rms_radius",
        "n_gap_erg",
        "p_gap_erg",
        "n_chem_erg",
        "p_chem_erg",
        "Sn_compound",
        "S2n_compound",
        "Sp_compound",
        "S2p_compound",
        "Radius_compound",
        "ME_compound",
        "BEA_compound",
        "BEA_A_compound",
        "Sn_daughter",
        "S2n_daughter",
        "Sp_daughter",
        "Radius_daughter",
        "ME_daughter",
        "BEA_daughter",
        "Pairing_compound",
        "Shell_compound",
        "Spin_compound",
        "Deform_compound",
        "Decay_compound",
        "Pairing_daughter",
        "Shell_daughter",
        "Spin_daughter",
        "Deform_daughter",
        "Decay_daughter",
        "ERG"
      ],
      "best_params": {
        "n_estimators": 950,
        "max_depth": 12,
        "learning_rate": 0.023387395380801576,
        "subsample": 0.51735171792841,
        "colsample_bytree": 0.9288234523314991,
        "reg_lambda": 0.0014623166653720773,
        "reg_alpha": 0.011838563687274007
      }
    },
    {
      "n_features": 54,
      "mse": 0.0003982731126377143,
      "kept_cols": [
        "Z",
        "A",
        "N",
        "ME",
        "BEA",
        "BEA_A",
        "Sn",
        "S2n",
        "Sp",
        "S2p",
        "Radius",
        "Pairing",
        "Shell",
        "Spin",
        "Parity",
        "Deform",
        "Decay_Const",
        "Z_even",
        "N_even",
        "beta_deformation",
        "gamma_deformation",
        "octopole_deformation",
        "rms_radius",
        "n_rms_radius",
        "p_rms_radius",
        "n_gap_erg",
        "p_gap_erg",
        "n_chem_erg",
        "p_chem_erg",
        "Sn_compound",
        "S2n_compound",
        "Sp_compound",
        "S2p_compound",
        "Radius_compound",
        "ME_compound",
        "BEA_compound",
        "BEA_A_compound",
        "Sn_daughter",
        "S2n_daughter",
        "Sp_daughter",
        "Radius_daughter",
        "ME_daughter",
        "BEA_daughter",
        "Pairing_compound",
        "Shell_compound",
        "Spin_compound",
        "Deform_compound",
        "Decay_compound",
        "Pairing_daughter",
        "Shell_daughter",
        "Spin_daughter",
        "Deform_daughter",
        "Decay_daughter",
        "ERG"
      ],
      "best_params": {
        "n_estimators": 950,
        "max_depth": 12,
        "learning_rate": 0.023387395380801576,
        "subsample": 0.51735171792841,
        "colsample_bytree": 0.9288234523314991,
        "reg_lambda": 0.0014623166653720773,
        "reg_alpha": 0.011838563687274007
      }
    },
    {
      "n_features": 53,
      "mse": 0.0003866129229187717,
      "kept_cols": [
        "Z",
        "A",
        "N",
        "ME",
        "BEA",
        "BEA_A",
        "Sn",
        "S2n",
        "Sp",
        "S2p",
        "Radius",
        "Pairing",
        "Shell",
        "Spin",
        "Parity",
        "Deform",
        "Decay_Const",
        "Z_even",
        "N_even",
        "beta_deformation",
        "gamma_deformation",
        "octopole_deformation",
        "rms_radius",
        "n_rms_radius",
        "n_gap_erg",
        "p_gap_erg",
        "n_chem_erg",
        "p_chem_erg",
        "Sn_compound",
        "S2n_compound",
        "Sp_compound",
        "S2p_compound",
        "Radius_compound",
        "ME_compound",
        "BEA_compound",
        "BEA_A_compound",
        "Sn_daughter",
        "S2n_daughter",
        "Sp_daughter",
        "Radius_daughter",
        "ME_daughter",
        "BEA_daughter",
        "Pairing_compound",
        "Shell_compound",
        "Spin_compound",
        "Deform_compound",
        "Decay_compound",
        "Pairing_daughter",
        "Shell_daughter",
        "Spin_daughter",
        "Deform_daughter",
        "Decay_daughter",
        "ERG"
      ],
      "best_params": {
        "n_estimators": 950,
        "max_depth": 12,
        "learning_rate": 0.023387395380801576,
        "subsample": 0.51735171792841,
        "colsample_bytree": 0.9288234523314991,
        "reg_lambda": 0.0014623166653720773,
        "reg_alpha": 0.011838563687274007
      }
    },
    {
      "n_features": 52,
      "mse": 0.0003888082266829718,
      "kept_cols": [
        "Z",
        "A",
        "N",
        "ME",
        "BEA",
        "BEA_A",
        "Sn",
        "S2n",
        "Sp",
        "S2p",
        "Radius",
        "Pairing",
        "Shell",
        "Spin",
        "Parity",
        "Deform",
        "Decay_Const",
        "Z_even",
        "N_even",
        "beta_deformation",
        "gamma_deformation",
        "octopole_deformation",
        "rms_radius",
        "n_rms_radius",
        "n_gap_erg",
        "p_gap_erg",
        "n_chem_erg",
        "p_chem_erg",
        "Sn_compound",
        "S2n_compound",
        "Sp_compound",
        "S2p_compound",
        "Radius_compound",
        "ME_compound",
        "BEA_compound",
        "BEA_A_compound",
        "Sn_daughter",
        "S2n_daughter",
        "Sp_daughter",
        "Radius_daughter",
        "ME_daughter",
        "BEA_daughter",
        "Pairing_compound",
        "Shell_compound",
        "Spin_compound",
        "Deform_compound",
        "Decay_compound",
        "Shell_daughter",
        "Spin_daughter",
        "Deform_daughter",
        "Decay_daughter",
        "ERG"
      ],
      "best_params": {
        "n_estimators": 950,
        "max_depth": 7,
        "learning_rate": 0.15225654389482135,
        "subsample": 0.8141476914816346,
        "colsample_bytree": 0.7053679771138108,
        "reg_lambda": 9.189007524126804,
        "reg_alpha": 0.006025415786548301
      }
    },
    {
      "n_features": 51,
      "mse": 0.0003817705237479133,
      "kept_cols": [
        "Z",
        "A",
        "N",
        "ME",
        "BEA",
        "BEA_A",
        "Sn",
        "S2n",
        "Sp",
        "S2p",
        "Radius",
        "Pairing",
        "Shell",
        "Spin",
        "Deform",
        "Decay_Const",
        "Z_even",
        "N_even",
        "beta_deformation",
        "gamma_deformation",
        "octopole_deformation",
        "rms_radius",
        "n_rms_radius",
        "n_gap_erg",
        "p_gap_erg",
        "n_chem_erg",
        "p_chem_erg",
        "Sn_compound",
        "S2n_compound",
        "Sp_compound",
        "S2p_compound",
        "Radius_compound",
        "ME_compound",
        "BEA_compound",
        "BEA_A_compound",
        "Sn_daughter",
        "S2n_daughter",
        "Sp_daughter",
        "Radius_daughter",
        "ME_daughter",
        "BEA_daughter",
        "Pairing_compound",
        "Shell_compound",
        "Spin_compound",
        "Deform_compound",
        "Decay_compound",
        "Shell_daughter",
        "Spin_daughter",
        "Deform_daughter",
        "Decay_daughter",
        "ERG"
      ],
      "best_params": {
        "n_estimators": 950,
        "max_depth": 12,
        "learning_rate": 0.023387395380801576,
        "subsample": 0.51735171792841,
        "colsample_bytree": 0.9288234523314991,
        "reg_lambda": 0.0014623166653720773,
        "reg_alpha": 0.011838563687274007
      }
    },
    {
      "n_features": 50,
      "mse": 0.0003892492419740434,
      "kept_cols": [
        "Z",
        "A",
        "N",
        "ME",
        "BEA",
        "BEA_A",
        "Sn",
        "S2n",
        "Sp",
        "S2p",
        "Radius",
        "Pairing",
        "Shell",
        "Spin",
        "Deform",
        "Decay_Const",
        "Z_even",
        "N_even",
        "beta_deformation",
        "gamma_deformation",
        "octopole_deformation",
        "n_rms_radius",
        "n_gap_erg",
        "p_gap_erg",
        "n_chem_erg",
        "p_chem_erg",
        "Sn_compound",
        "S2n_compound",
        "Sp_compound",
        "S2p_compound",
        "Radius_compound",
        "ME_compound",
        "BEA_compound",
        "BEA_A_compound",
        "Sn_daughter",
        "S2n_daughter",
        "Sp_daughter",
        "Radius_daughter",
        "ME_daughter",
        "BEA_daughter",
        "Pairing_compound",
        "Shell_compound",
        "Spin_compound",
        "Deform_compound",
        "Decay_compound",
        "Shell_daughter",
        "Spin_daughter",
        "Deform_daughter",
        "Decay_daughter",
        "ERG"
      ],
      "best_params": {
        "n_estimators": 950,
        "max_depth": 12,
        "learning_rate": 0.023387395380801576,
        "subsample": 0.51735171792841,
        "colsample_bytree": 0.9288234523314991,
        "reg_lambda": 0.0014623166653720773,
        "reg_alpha": 0.011838563687274007
      }
    },
    {
      "n_features": 49,
      "mse": 0.0004043826179892139,
      "kept_cols": [
        "Z",
        "A",
        "N",
        "ME",
        "BEA",
        "BEA_A",
        "Sn",
        "S2n",
        "Sp",
        "S2p",
        "Radius",
        "Pairing",
        "Shell",
        "Spin",
        "Deform",
        "Decay_Const",
        "Z_even",
        "N_even",
        "beta_deformation",
        "gamma_deformation",
        "octopole_deformation",
        "n_rms_radius",
        "n_gap_erg",
        "p_gap_erg",
        "n_chem_erg",
        "p_chem_erg",
        "Sn_compound",
        "S2n_compound",
        "Sp_compound",
        "S2p_compound",
        "Radius_compound",
        "ME_compound",
        "BEA_compound",
        "BEA_A_compound",
        "Sn_daughter",
        "Sp_daughter",
        "Radius_daughter",
        "ME_daughter",
        "BEA_daughter",
        "Pairing_compound",
        "Shell_compound",
        "Spin_compound",
        "Deform_compound",
        "Decay_compound",
        "Shell_daughter",
        "Spin_daughter",
        "Deform_daughter",
        "Decay_daughter",
        "ERG"
      ],
      "best_params": {
        "n_estimators": 950,
        "max_depth": 12,
        "learning_rate": 0.023387395380801576,
        "subsample": 0.51735171792841,
        "colsample_bytree": 0.9288234523314991,
        "reg_lambda": 0.0014623166653720773,
        "reg_alpha": 0.011838563687274007
      }
    },
    {
      "n_features": 48,
      "mse": 0.00040011729283444275,
      "kept_cols": [
        "Z",
        "A",
        "N",
        "ME",
        "BEA",
        "BEA_A",
        "Sn",
        "S2n",
        "Sp",
        "S2p",
        "Radius",
        "Pairing",
        "Shell",
        "Spin",
        "Deform",
        "Decay_Const",
        "Z_even",
        "N_even",
        "beta_deformation",
        "gamma_deformation",
        "octopole_deformation",
        "n_rms_radius",
        "n_gap_erg",
        "p_gap_erg",
        "n_chem_erg",
        "p_chem_erg",
        "Sn_compound",
        "S2n_compound",
        "Sp_compound",
        "S2p_compound",
        "Radius_compound",
        "ME_compound",
        "BEA_compound",
        "BEA_A_compound",
        "Sn_daughter",
        "Sp_daughter",
        "Radius_daughter",
        "ME_daughter",
        "BEA_daughter",
        "Shell_compound",
        "Spin_compound",
        "Deform_compound",
        "Decay_compound",
        "Shell_daughter",
        "Spin_daughter",
        "Deform_daughter",
        "Decay_daughter",
        "ERG"
      ],
      "best_params": {
        "n_estimators": 950,
        "max_depth": 12,
        "learning_rate": 0.023387395380801576,
        "subsample": 0.51735171792841,
        "colsample_bytree": 0.9288234523314991,
        "reg_lambda": 0.0014623166653720773,
        "reg_alpha": 0.011838563687274007
      }
    },
    {
      "n_features": 47,
      "mse": 0.0003809926851238425,
      "kept_cols": [
        "Z",
        "A",
        "N",
        "ME",
        "BEA",
        "BEA_A",
        "Sn",
        "S2n",
        "Sp",
        "S2p",
        "Radius",
        "Pairing",
        "Shell",
        "Spin",
        "Deform",
        "Decay_Const",
        "Z_even",
        "N_even",
        "beta_deformation",
        "gamma_deformation",
        "octopole_deformation",
        "n_rms_radius",
        "n_gap_erg",
        "p_gap_erg",
        "n_chem_erg",
        "p_chem_erg",
        "Sn_compound",
        "S2n_compound",
        "Sp_compound",
        "Radius_compound",
        "ME_compound",
        "BEA_compound",
        "BEA_A_compound",
        "Sn_daughter",
        "Sp_daughter",
        "Radius_daughter",
        "ME_daughter",
        "BEA_daughter",
        "Shell_compound",
        "Spin_compound",
        "Deform_compound",
        "Decay_compound",
        "Shell_daughter",
        "Spin_daughter",
        "Deform_daughter",
        "Decay_daughter",
        "ERG"
      ],
      "best_params": {
        "n_estimators": 950,
        "max_depth": 7,
        "learning_rate": 0.15225654389482135,
        "subsample": 0.8141476914816346,
        "colsample_bytree": 0.7053679771138108,
        "reg_lambda": 9.189007524126804,
        "reg_alpha": 0.006025415786548301
      }
    },
    {
      "n_features": 46,
      "mse": 0.0004142932407825803,
      "kept_cols": [
        "Z",
        "A",
        "N",
        "ME",
        "BEA",
        "BEA_A",
        "Sn",
        "S2n",
        "Sp",
        "S2p",
        "Radius",
        "Pairing",
        "Shell",
        "Spin",
        "Deform",
        "Decay_Const",
        "Z_even",
        "N_even",
        "beta_deformation",
        "gamma_deformation",
        "octopole_deformation",
        "n_rms_radius",
        "n_gap_erg",
        "p_gap_erg",
        "n_chem_erg",
        "p_chem_erg",
        "Sn_compound",
        "S2n_compound",
        "Sp_compound",
        "Radius_compound",
        "ME_compound",
        "BEA_compound",
        "Sn_daughter",
        "Sp_daughter",
        "Radius_daughter",
        "ME_daughter",
        "BEA_daughter",
        "Shell_compound",
        "Spin_compound",
        "Deform_compound",
        "Decay_compound",
        "Shell_daughter",
        "Spin_daughter",
        "Deform_daughter",
        "Decay_daughter",
        "ERG"
      ],
      "best_params": {
        "n_estimators": 950,
        "max_depth": 12,
        "learning_rate": 0.023387395380801576,
        "subsample": 0.51735171792841,
        "colsample_bytree": 0.9288234523314991,
        "reg_lambda": 0.0014623166653720773,
        "reg_alpha": 0.011838563687274007
      }
    },
    {
      "n_features": 45,
      "mse": 0.00039861682936705243,
      "kept_cols": [
        "Z",
        "A",
        "N",
        "ME",
        "BEA",
        "BEA_A",
        "Sn",
        "S2n",
        "Sp",
        "S2p",
        "Radius",
        "Pairing",
        "Shell",
        "Spin",
        "Deform",
        "Decay_Const",
        "Z_even",
        "N_even",
        "beta_deformation",
        "gamma_deformation",
        "n_rms_radius",
        "n_gap_erg",
        "p_gap_erg",
        "n_chem_erg",
        "p_chem_erg",
        "Sn_compound",
        "S2n_compound",
        "Sp_compound",
        "Radius_compound",
        "ME_compound",
        "BEA_compound",
        "Sn_daughter",
        "Sp_daughter",
        "Radius_daughter",
        "ME_daughter",
        "BEA_daughter",
        "Shell_compound",
        "Spin_compound",
        "Deform_compound",
        "Decay_compound",
        "Shell_daughter",
        "Spin_daughter",
        "Deform_daughter",
        "Decay_daughter",
        "ERG"
      ],
      "best_params": {
        "n_estimators": 950,
        "max_depth": 12,
        "learning_rate": 0.023387395380801576,
        "subsample": 0.51735171792841,
        "colsample_bytree": 0.9288234523314991,
        "reg_lambda": 0.0014623166653720773,
        "reg_alpha": 0.011838563687274007
      }
    },
    {
      "n_features": 44,
      "mse": 0.00040731512526825714,
      "kept_cols": [
        "Z",
        "A",
        "N",
        "ME",
        "BEA",
        "BEA_A",
        "Sn",
        "S2n",
        "Sp",
        "S2p",
        "Radius",
        "Pairing",
        "Shell",
        "Spin",
        "Deform",
        "Decay_Const",
        "Z_even",
        "N_even",
        "beta_deformation",
        "gamma_deformation",
        "n_rms_radius",
        "n_gap_erg",
        "p_gap_erg",
        "n_chem_erg",
        "p_chem_erg",
        "Sn_compound",
        "S2n_compound",
        "Sp_compound",
        "Radius_compound",
        "ME_compound",
        "BEA_compound",
        "Sn_daughter",
        "Sp_daughter",
        "Radius_daughter",
        "ME_daughter",
        "BEA_daughter",
        "Shell_compound",
        "Spin_compound",
        "Deform_compound",
        "Decay_compound",
        "Spin_daughter",
        "Deform_daughter",
        "Decay_daughter",
        "ERG"
      ],
      "best_params": {
        "n_estimators": 950,
        "max_depth": 12,
        "learning_rate": 0.023387395380801576,
        "subsample": 0.51735171792841,
        "colsample_bytree": 0.9288234523314991,
        "reg_lambda": 0.0014623166653720773,
        "reg_alpha": 0.011838563687274007
      }
    },
    {
      "n_features": 43,
      "mse": 0.00039733163748635354,
      "kept_cols": [
        "Z",
        "A",
        "N",
        "ME",
        "BEA",
        "BEA_A",
        "Sn",
        "S2n",
        "Sp",
        "S2p",
        "Radius",
        "Pairing",
        "Shell",
        "Spin",
        "Deform",
        "Decay_Const",
        "Z_even",
        "N_even",
        "beta_deformation",
        "gamma_deformation",
        "n_rms_radius",
        "n_gap_erg",
        "p_gap_erg",
        "n_chem_erg",
        "p_chem_erg",
        "Sn_compound",
        "S2n_compound",
        "Sp_compound",
        "Radius_compound",
        "ME_compound",
        "Sn_daughter",
        "Sp_daughter",
        "Radius_daughter",
        "ME_daughter",
        "BEA_daughter",
        "Shell_compound",
        "Spin_compound",
        "Deform_compound",
        "Decay_compound",
        "Spin_daughter",
        "Deform_daughter",
        "Decay_daughter",
        "ERG"
      ],
      "best_params": {
        "n_estimators": 950,
        "max_depth": 12,
        "learning_rate": 0.023387395380801576,
        "subsample": 0.51735171792841,
        "colsample_bytree": 0.9288234523314991,
        "reg_lambda": 0.0014623166653720773,
        "reg_alpha": 0.011838563687274007
      }
    },
    {
      "n_features": 42,
      "mse": 0.00040122369725788525,
      "kept_cols": [
        "Z",
        "A",
        "N",
        "ME",
        "BEA",
        "BEA_A",
        "Sn",
        "S2n",
        "Sp",
        "S2p",
        "Pairing",
        "Shell",
        "Spin",
        "Deform",
        "Decay_Const",
        "Z_even",
        "N_even",
        "beta_deformation",
        "gamma_deformation",
        "n_rms_radius",
        "n_gap_erg",
        "p_gap_erg",
        "n_chem_erg",
        "p_chem_erg",
        "Sn_compound",
        "S2n_compound",
        "Sp_compound",
        "Radius_compound",
        "ME_compound",
        "Sn_daughter",
        "Sp_daughter",
        "Radius_daughter",
        "ME_daughter",
        "BEA_daughter",
        "Shell_compound",
        "Spin_compound",
        "Deform_compound",
        "Decay_compound",
        "Spin_daughter",
        "Deform_daughter",
        "Decay_daughter",
        "ERG"
      ],
      "best_params": {
        "n_estimators": 950,
        "max_depth": 12,
        "learning_rate": 0.023387395380801576,
        "subsample": 0.51735171792841,
        "colsample_bytree": 0.9288234523314991,
        "reg_lambda": 0.0014623166653720773,
        "reg_alpha": 0.011838563687274007
      }
    },
    {
      "n_features": 41,
      "mse": 0.0003979664401161685,
      "kept_cols": [
        "Z",
        "A",
        "N",
        "ME",
        "BEA",
        "BEA_A",
        "Sn",
        "S2n",
        "Sp",
        "S2p",
        "Pairing",
        "Shell",
        "Spin",
        "Deform",
        "Decay_Const",
        "Z_even",
        "beta_deformation",
        "gamma_deformation",
        "n_rms_radius",
        "n_gap_erg",
        "p_gap_erg",
        "n_chem_erg",
        "p_chem_erg",
        "Sn_compound",
        "S2n_compound",
        "Sp_compound",
        "Radius_compound",
        "ME_compound",
        "Sn_daughter",
        "Sp_daughter",
        "Radius_daughter",
        "ME_daughter",
        "BEA_daughter",
        "Shell_compound",
        "Spin_compound",
        "Deform_compound",
        "Decay_compound",
        "Spin_daughter",
        "Deform_daughter",
        "Decay_daughter",
        "ERG"
      ],
      "best_params": {
        "n_estimators": 950,
        "max_depth": 7,
        "learning_rate": 0.15225654389482135,
        "subsample": 0.8141476914816346,
        "colsample_bytree": 0.7053679771138108,
        "reg_lambda": 9.189007524126804,
        "reg_alpha": 0.006025415786548301
      }
    },
    {
      "n_features": 40,
      "mse": 0.00038171062151261313,
      "kept_cols": [
        "Z",
        "A",
        "N",
        "ME",
        "BEA",
        "BEA_A",
        "Sn",
        "S2n",
        "Sp",
        "S2p",
        "Pairing",
        "Shell",
        "Spin",
        "Deform",
        "Decay_Const",
        "beta_deformation",
        "gamma_deformation",
        "n_rms_radius",
        "n_gap_erg",
        "p_gap_erg",
        "n_chem_erg",
        "p_chem_erg",
        "Sn_compound",
        "S2n_compound",
        "Sp_compound",
        "Radius_compound",
        "ME_compound",
        "Sn_daughter",
        "Sp_daughter",
        "Radius_daughter",
        "ME_daughter",
        "BEA_daughter",
        "Shell_compound",
        "Spin_compound",
        "Deform_compound",
        "Decay_compound",
        "Spin_daughter",
        "Deform_daughter",
        "Decay_daughter",
        "ERG"
      ],
      "best_params": {
        "n_estimators": 950,
        "max_depth": 12,
        "learning_rate": 0.023387395380801576,
        "subsample": 0.51735171792841,
        "colsample_bytree": 0.9288234523314991,
        "reg_lambda": 0.0014623166653720773,
        "reg_alpha": 0.011838563687274007
      }
    },
    {
      "n_features": 39,
      "mse": 0.0003840911965681445,
      "kept_cols": [
        "Z",
        "A",
        "N",
        "ME",
        "BEA",
        "BEA_A",
        "Sn",
        "S2n",
        "Sp",
        "S2p",
        "Shell",
        "Spin",
        "Deform",
        "Decay_Const",
        "beta_deformation",
        "gamma_deformation",
        "n_rms_radius",
        "n_gap_erg",
        "p_gap_erg",
        "n_chem_erg",
        "p_chem_erg",
        "Sn_compound",
        "S2n_compound",
        "Sp_compound",
        "Radius_compound",
        "ME_compound",
        "Sn_daughter",
        "Sp_daughter",
        "Radius_daughter",
        "ME_daughter",
        "BEA_daughter",
        "Shell_compound",
        "Spin_compound",
        "Deform_compound",
        "Decay_compound",
        "Spin_daughter",
        "Deform_daughter",
        "Decay_daughter",
        "ERG"
      ],
      "best_params": {
        "n_estimators": 950,
        "max_depth": 12,
        "learning_rate": 0.023387395380801576,
        "subsample": 0.51735171792841,
        "colsample_bytree": 0.9288234523314991,
        "reg_lambda": 0.0014623166653720773,
        "reg_alpha": 0.011838563687274007
      }
    },
    {
      "n_features": 38,
      "mse": 0.0003764613084814413,
      "kept_cols": [
        "Z",
        "A",
        "N",
        "ME",
        "BEA",
        "BEA_A",
        "Sn",
        "S2n",
        "Sp",
        "S2p",
        "Shell",
        "Spin",
        "Deform",
        "Decay_Const",
        "beta_deformation",
        "gamma_deformation",
        "n_rms_radius",
        "n_gap_erg",
        "p_gap_erg",
        "n_chem_erg",
        "p_chem_erg",
        "Sn_compound",
        "S2n_compound",
        "Sp_compound",
        "Radius_compound",
        "ME_compound",
        "Sn_daughter",
        "Sp_daughter",
        "Radius_daughter",
        "ME_daughter",
        "Shell_compound",
        "Spin_compound",
        "Deform_compound",
        "Decay_compound",
        "Spin_daughter",
        "Deform_daughter",
        "Decay_daughter",
        "ERG"
      ],
      "best_params": {
        "n_estimators": 950,
        "max_depth": 12,
        "learning_rate": 0.023387395380801576,
        "subsample": 0.51735171792841,
        "colsample_bytree": 0.9288234523314991,
        "reg_lambda": 0.0014623166653720773,
        "reg_alpha": 0.011838563687274007
      }
    },
    {
      "n_features": 37,
      "mse": 0.00039851101840518877,
      "kept_cols": [
        "Z",
        "A",
        "N",
        "ME",
        "BEA",
        "Sn",
        "S2n",
        "Sp",
        "S2p",
        "Shell",
        "Spin",
        "Deform",
        "Decay_Const",
        "beta_deformation",
        "gamma_deformation",
        "n_rms_radius",
        "n_gap_erg",
        "p_gap_erg",
        "n_chem_erg",
        "p_chem_erg",
        "Sn_compound",
        "S2n_compound",
        "Sp_compound",
        "Radius_compound",
        "ME_compound",
        "Sn_daughter",
        "Sp_daughter",
        "Radius_daughter",
        "ME_daughter",
        "Shell_compound",
        "Spin_compound",
        "Deform_compound",
        "Decay_compound",
        "Spin_daughter",
        "Deform_daughter",
        "Decay_daughter",
        "ERG"
      ],
      "best_params": {
        "n_estimators": 950,
        "max_depth": 12,
        "learning_rate": 0.023387395380801576,
        "subsample": 0.51735171792841,
        "colsample_bytree": 0.9288234523314991,
        "reg_lambda": 0.0014623166653720773,
        "reg_alpha": 0.011838563687274007
      }
    },
    {
      "n_features": 36,
      "mse": 0.00040877624463611184,
      "kept_cols": [
        "Z",
        "A",
        "N",
        "ME",
        "BEA",
        "Sn",
        "S2n",
        "Sp",
        "S2p",
        "Shell",
        "Spin",
        "Deform",
        "Decay_Const",
        "beta_deformation",
        "gamma_deformation",
        "n_rms_radius",
        "n_gap_erg",
        "p_gap_erg",
        "n_chem_erg",
        "p_chem_erg",
        "Sn_compound",
        "S2n_compound",
        "Sp_compound",
        "Radius_compound",
        "ME_compound",
        "Sn_daughter",
        "Radius_daughter",
        "ME_daughter",
        "Shell_compound",
        "Spin_compound",
        "Deform_compound",
        "Decay_compound",
        "Spin_daughter",
        "Deform_daughter",
        "Decay_daughter",
        "ERG"
      ],
      "best_params": {
        "n_estimators": 950,
        "max_depth": 12,
        "learning_rate": 0.023387395380801576,
        "subsample": 0.51735171792841,
        "colsample_bytree": 0.9288234523314991,
        "reg_lambda": 0.0014623166653720773,
        "reg_alpha": 0.011838563687274007
      }
    },
    {
      "n_features": 35,
      "mse": 0.00040190752667174074,
      "kept_cols": [
        "Z",
        "A",
        "N",
        "ME",
        "BEA",
        "Sn",
        "S2n",
        "Sp",
        "S2p",
        "Shell",
        "Spin",
        "Decay_Const",
        "beta_deformation",
        "gamma_deformation",
        "n_rms_radius",
        "n_gap_erg",
        "p_gap_erg",
        "n_chem_erg",
        "p_chem_erg",
        "Sn_compound",
        "S2n_compound",
        "Sp_compound",
        "Radius_compound",
        "ME_compound",
        "Sn_daughter",
        "Radius_daughter",
        "ME_daughter",
        "Shell_compound",
        "Spin_compound",
        "Deform_compound",
        "Decay_compound",
        "Spin_daughter",
        "Deform_daughter",
        "Decay_daughter",
        "ERG"
      ],
      "best_params": {
        "n_estimators": 950,
        "max_depth": 12,
        "learning_rate": 0.023387395380801576,
        "subsample": 0.51735171792841,
        "colsample_bytree": 0.9288234523314991,
        "reg_lambda": 0.0014623166653720773,
        "reg_alpha": 0.011838563687274007
      }
    },
    {
      "n_features": 34,
      "mse": 0.00041729509204107564,
      "kept_cols": [
        "Z",
        "A",
        "N",
        "ME",
        "BEA",
        "Sn",
        "S2n",
        "Sp",
        "S2p",
        "Shell",
        "Spin",
        "Decay_Const",
        "beta_deformation",
        "gamma_deformation",
        "n_rms_radius",
        "n_gap_erg",
        "p_gap_erg",
        "n_chem_erg",
        "p_chem_erg",
        "Sn_compound",
        "Sp_compound",
        "Radius_compound",
        "ME_compound",
        "Sn_daughter",
        "Radius_daughter",
        "ME_daughter",
        "Shell_compound",
        "Spin_compound",
        "Deform_compound",
        "Decay_compound",
        "Spin_daughter",
        "Deform_daughter",
        "Decay_daughter",
        "ERG"
      ],
      "best_params": {
        "n_estimators": 950,
        "max_depth": 12,
        "learning_rate": 0.023387395380801576,
        "subsample": 0.51735171792841,
        "colsample_bytree": 0.9288234523314991,
        "reg_lambda": 0.0014623166653720773,
        "reg_alpha": 0.011838563687274007
      }
    },
    {
      "n_features": 33,
      "mse": 0.0003879747851524039,
      "kept_cols": [
        "Z",
        "A",
        "N",
        "ME",
        "BEA",
        "Sn",
        "S2n",
        "Sp",
        "S2p",
        "Shell",
        "Spin",
        "Decay_Const",
        "beta_deformation",
        "gamma_deformation",
        "n_rms_radius",
        "n_gap_erg",
        "p_gap_erg",
        "n_chem_erg",
        "p_chem_erg",
        "Sn_compound",
        "Sp_compound",
        "Radius_compound",
        "Sn_daughter",
        "Radius_daughter",
        "ME_daughter",
        "Shell_compound",
        "Spin_compound",
        "Deform_compound",
        "Decay_compound",
        "Spin_daughter",
        "Deform_daughter",
        "Decay_daughter",
        "ERG"
      ],
      "best_params": {
        "n_estimators": 950,
        "max_depth": 7,
        "learning_rate": 0.15225654389482135,
        "subsample": 0.8141476914816346,
        "colsample_bytree": 0.7053679771138108,
        "reg_lambda": 9.189007524126804,
        "reg_alpha": 0.006025415786548301
      }
    },
    {
      "n_features": 32,
      "mse": 0.0003630387671197372,
      "kept_cols": [
        "Z",
        "A",
        "N",
        "ME",
        "BEA",
        "Sn",
        "S2n",
        "Sp",
        "S2p",
        "Shell",
        "Spin",
        "Decay_Const",
        "beta_deformation",
        "gamma_deformation",
        "n_rms_radius",
        "n_gap_erg",
        "p_gap_erg",
        "n_chem_erg",
        "p_chem_erg",
        "Sn_compound",
        "Sp_compound",
        "Radius_compound",
        "Sn_daughter",
        "ME_daughter",
        "Shell_compound",
        "Spin_compound",
        "Deform_compound",
        "Decay_compound",
        "Spin_daughter",
        "Deform_daughter",
        "Decay_daughter",
        "ERG"
      ],
      "best_params": {
        "n_estimators": 950,
        "max_depth": 7,
        "learning_rate": 0.15225654389482135,
        "subsample": 0.8141476914816346,
        "colsample_bytree": 0.7053679771138108,
        "reg_lambda": 9.189007524126804,
        "reg_alpha": 0.006025415786548301
      }
    },
    {
      "n_features": 31,
      "mse": 0.0003980057431411258,
      "kept_cols": [
        "Z",
        "A",
        "N",
        "ME",
        "BEA",
        "Sn",
        "S2n",
        "Sp",
        "S2p",
        "Shell",
        "Spin",
        "Decay_Const",
        "beta_deformation",
        "gamma_deformation",
        "n_rms_radius",
        "n_gap_erg",
        "p_gap_erg",
        "n_chem_erg",
        "p_chem_erg",
        "Sn_compound",
        "Sp_compound",
        "Radius_compound",
        "Sn_daughter",
        "ME_daughter",
        "Shell_compound",
        "Spin_compound",
        "Decay_compound",
        "Spin_daughter",
        "Deform_daughter",
        "Decay_daughter",
        "ERG"
      ],
      "best_params": {
        "n_estimators": 950,
        "max_depth": 12,
        "learning_rate": 0.023387395380801576,
        "subsample": 0.51735171792841,
        "colsample_bytree": 0.9288234523314991,
        "reg_lambda": 0.0014623166653720773,
        "reg_alpha": 0.011838563687274007
      }
    },
    {
      "n_features": 30,
      "mse": 0.00038152207235772736,
      "kept_cols": [
        "Z",
        "A",
        "N",
        "ME",
        "BEA",
        "Sn",
        "S2n",
        "Sp",
        "S2p",
        "Shell",
        "Spin",
        "Decay_Const",
        "beta_deformation",
        "gamma_deformation",
        "n_rms_radius",
        "n_gap_erg",
        "p_gap_erg",
        "n_chem_erg",
        "p_chem_erg",
        "Sn_compound",
        "Sp_compound",
        "Radius_compound",
        "Sn_daughter",
        "ME_daughter",
        "Shell_compound",
        "Spin_compound",
        "Decay_compound",
        "Spin_daughter",
        "Deform_daughter",
        "ERG"
      ],
      "best_params": {
        "n_estimators": 950,
        "max_depth": 12,
        "learning_rate": 0.023387395380801576,
        "subsample": 0.51735171792841,
        "colsample_bytree": 0.9288234523314991,
        "reg_lambda": 0.0014623166653720773,
        "reg_alpha": 0.011838563687274007
      }
    },
    {
      "n_features": 29,
      "mse": 0.0004002923248408589,
      "kept_cols": [
        "Z",
        "A",
        "N",
        "ME",
        "BEA",
        "Sn",
        "S2n",
        "Sp",
        "S2p",
        "Shell",
        "Spin",
        "Decay_Const",
        "beta_deformation",
        "gamma_deformation",
        "n_rms_radius",
        "n_gap_erg",
        "p_gap_erg",
        "n_chem_erg",
        "p_chem_erg",
        "Sn_compound",
        "Sp_compound",
        "Radius_compound",
        "Sn_daughter",
        "ME_daughter",
        "Spin_compound",
        "Decay_compound",
        "Spin_daughter",
        "Deform_daughter",
        "ERG"
      ],
      "best_params": {
        "n_estimators": 950,
        "max_depth": 12,
        "learning_rate": 0.023387395380801576,
        "subsample": 0.51735171792841,
        "colsample_bytree": 0.9288234523314991,
        "reg_lambda": 0.0014623166653720773,
        "reg_alpha": 0.011838563687274007
      }
    },
    {
      "n_features": 28,
      "mse": 0.0003908882650420214,
      "kept_cols": [
        "Z",
        "A",
        "N",
        "ME",
        "BEA",
        "Sn",
        "S2n",
        "Sp",
        "S2p",
        "Shell",
        "Decay_Const",
        "beta_deformation",
        "gamma_deformation",
        "n_rms_radius",
        "n_gap_erg",
        "p_gap_erg",
        "n_chem_erg",
        "p_chem_erg",
        "Sn_compound",
        "Sp_compound",
        "Radius_compound",
        "Sn_daughter",
        "ME_daughter",
        "Spin_compound",
        "Decay_compound",
        "Spin_daughter",
        "Deform_daughter",
        "ERG"
      ],
      "best_params": {
        "n_estimators": 950,
        "max_depth": 12,
        "learning_rate": 0.023387395380801576,
        "subsample": 0.51735171792841,
        "colsample_bytree": 0.9288234523314991,
        "reg_lambda": 0.0014623166653720773,
        "reg_alpha": 0.011838563687274007
      }
    },
    {
      "n_features": 27,
      "mse": 0.000387739040186946,
      "kept_cols": [
        "Z",
        "A",
        "N",
        "ME",
        "BEA",
        "Sn",
        "S2n",
        "Sp",
        "S2p",
        "Shell",
        "Decay_Const",
        "gamma_deformation",
        "n_rms_radius",
        "n_gap_erg",
        "p_gap_erg",
        "n_chem_erg",
        "p_chem_erg",
        "Sn_compound",
        "Sp_compound",
        "Radius_compound",
        "Sn_daughter",
        "ME_daughter",
        "Spin_compound",
        "Decay_compound",
        "Spin_daughter",
        "Deform_daughter",
        "ERG"
      ],
      "best_params": {
        "n_estimators": 950,
        "max_depth": 12,
        "learning_rate": 0.023387395380801576,
        "subsample": 0.51735171792841,
        "colsample_bytree": 0.9288234523314991,
        "reg_lambda": 0.0014623166653720773,
        "reg_alpha": 0.011838563687274007
      }
    },
    {
      "n_features": 26,
      "mse": 0.00038400151968226844,
      "kept_cols": [
        "Z",
        "A",
        "N",
        "ME",
        "BEA",
        "Sn",
        "S2n",
        "Sp",
        "S2p",
        "Shell",
        "gamma_deformation",
        "n_rms_radius",
        "n_gap_erg",
        "p_gap_erg",
        "n_chem_erg",
        "p_chem_erg",
        "Sn_compound",
        "Sp_compound",
        "Radius_compound",
        "Sn_daughter",
        "ME_daughter",
        "Spin_compound",
        "Decay_compound",
        "Spin_daughter",
        "Deform_daughter",
        "ERG"
      ],
      "best_params": {
        "n_estimators": 950,
        "max_depth": 12,
        "learning_rate": 0.023387395380801576,
        "subsample": 0.51735171792841,
        "colsample_bytree": 0.9288234523314991,
        "reg_lambda": 0.0014623166653720773,
        "reg_alpha": 0.011838563687274007
      }
    },
    {
      "n_features": 25,
      "mse": 0.000387808073793186,
      "kept_cols": [
        "Z",
        "A",
        "N",
        "ME",
        "BEA",
        "Sn",
        "S2n",
        "Sp",
        "S2p",
        "Shell",
        "gamma_deformation",
        "n_rms_radius",
        "n_gap_erg",
        "p_gap_erg",
        "n_chem_erg",
        "p_chem_erg",
        "Sn_compound",
        "Radius_compound",
        "Sn_daughter",
        "ME_daughter",
        "Spin_compound",
        "Decay_compound",
        "Spin_daughter",
        "Deform_daughter",
        "ERG"
      ],
      "best_params": {
        "n_estimators": 950,
        "max_depth": 12,
        "learning_rate": 0.023387395380801576,
        "subsample": 0.51735171792841,
        "colsample_bytree": 0.9288234523314991,
        "reg_lambda": 0.0014623166653720773,
        "reg_alpha": 0.011838563687274007
      }
    },
    {
      "n_features": 24,
      "mse": 0.000395321918311575,
      "kept_cols": [
        "Z",
        "A",
        "N",
        "ME",
        "BEA",
        "Sn",
        "S2n",
        "Sp",
        "S2p",
        "Shell",
        "gamma_deformation",
        "n_rms_radius",
        "p_gap_erg",
        "n_chem_erg",
        "p_chem_erg",
        "Sn_compound",
        "Radius_compound",
        "Sn_daughter",
        "ME_daughter",
        "Spin_compound",
        "Decay_compound",
        "Spin_daughter",
        "Deform_daughter",
        "ERG"
      ],
      "best_params": {
        "n_estimators": 950,
        "max_depth": 7,
        "learning_rate": 0.15225654389482135,
        "subsample": 0.8141476914816346,
        "colsample_bytree": 0.7053679771138108,
        "reg_lambda": 9.189007524126804,
        "reg_alpha": 0.006025415786548301
      }
    },
    {
      "n_features": 23,
      "mse": 0.0004208604368863806,
      "kept_cols": [
        "Z",
        "A",
        "N",
        "ME",
        "BEA",
        "Sn",
        "S2n",
        "Sp",
        "S2p",
        "Shell",
        "gamma_deformation",
        "n_rms_radius",
        "p_gap_erg",
        "n_chem_erg",
        "p_chem_erg",
        "Sn_compound",
        "Radius_compound",
        "Sn_daughter",
        "ME_daughter",
        "Spin_compound",
        "Spin_daughter",
        "Deform_daughter",
        "ERG"
      ],
      "best_params": {
        "n_estimators": 950,
        "max_depth": 7,
        "learning_rate": 0.15225654389482135,
        "subsample": 0.8141476914816346,
        "colsample_bytree": 0.7053679771138108,
        "reg_lambda": 9.189007524126804,
        "reg_alpha": 0.006025415786548301
      }
    },
    {
      "n_features": 22,
      "mse": 0.00038750865423601064,
      "kept_cols": [
        "Z",
        "A",
        "N",
        "ME",
        "BEA",
        "Sn",
        "S2n",
        "Sp",
        "S2p",
        "Shell",
        "gamma_deformation",
        "n_rms_radius",
        "p_gap_erg",
        "n_chem_erg",
        "p_chem_erg",
        "Sn_compound",
        "Radius_compound",
        "Sn_daughter",
        "ME_daughter",
        "Spin_compound",
        "Spin_daughter",
        "ERG"
      ],
      "best_params": {
        "n_estimators": 950,
        "max_depth": 7,
        "learning_rate": 0.15225654389482135,
        "subsample": 0.8141476914816346,
        "colsample_bytree": 0.7053679771138108,
        "reg_lambda": 9.189007524126804,
        "reg_alpha": 0.006025415786548301
      }
    },
    {
      "n_features": 21,
      "mse": 0.00036808813502195984,
      "kept_cols": [
        "Z",
        "A",
        "N",
        "ME",
        "BEA",
        "Sn",
        "S2n",
        "Sp",
        "S2p",
        "Shell",
        "n_rms_radius",
        "p_gap_erg",
        "n_chem_erg",
        "p_chem_erg",
        "Sn_compound",
        "Radius_compound",
        "Sn_daughter",
        "ME_daughter",
        "Spin_compound",
        "Spin_daughter",
        "ERG"
      ],
      "best_params": {
        "n_estimators": 950,
        "max_depth": 7,
        "learning_rate": 0.15225654389482135,
        "subsample": 0.8141476914816346,
        "colsample_bytree": 0.7053679771138108,
        "reg_lambda": 9.189007524126804,
        "reg_alpha": 0.006025415786548301
      }
    },
    {
      "n_features": 20,
      "mse": 0.0003977499618300729,
      "kept_cols": [
        "Z",
        "A",
        "N",
        "ME",
        "BEA",
        "Sn",
        "S2n",
        "Sp",
        "S2p",
        "Shell",
        "n_rms_radius",
        "p_gap_erg",
        "n_chem_erg",
        "p_chem_erg",
        "Sn_compound",
        "Sn_daughter",
        "ME_daughter",
        "Spin_compound",
        "Spin_daughter",
        "ERG"
      ],
      "best_params": {
        "n_estimators": 950,
        "max_depth": 7,
        "learning_rate": 0.15225654389482135,
        "subsample": 0.8141476914816346,
        "colsample_bytree": 0.7053679771138108,
        "reg_lambda": 9.189007524126804,
        "reg_alpha": 0.006025415786548301
      }
    },
    {
      "n_features": 19,
      "mse": 0.0003895018054433895,
      "kept_cols": [
        "Z",
        "A",
        "N",
        "ME",
        "BEA",
        "Sn",
        "S2n",
        "Sp",
        "S2p",
        "Shell",
        "n_rms_radius",
        "p_gap_erg",
        "n_chem_erg",
        "p_chem_erg",
        "Sn_compound",
        "Sn_daughter",
        "ME_daughter",
        "Spin_compound",
        "ERG"
      ],
      "best_params": {
        "n_estimators": 950,
        "max_depth": 12,
        "learning_rate": 0.023387395380801576,
        "subsample": 0.51735171792841,
        "colsample_bytree": 0.9288234523314991,
        "reg_lambda": 0.0014623166653720773,
        "reg_alpha": 0.011838563687274007
      }
    },
    {
      "n_features": 18,
      "mse": 0.0003688338664986571,
      "kept_cols": [
        "Z",
        "A",
        "N",
        "ME",
        "BEA",
        "Sn",
        "S2n",
        "Sp",
        "S2p",
        "Shell",
        "n_rms_radius",
        "p_gap_erg",
        "n_chem_erg",
        "p_chem_erg",
        "Sn_compound",
        "Sn_daughter",
        "Spin_compound",
        "ERG"
      ],
      "best_params": {
        "n_estimators": 950,
        "max_depth": 7,
        "learning_rate": 0.15225654389482135,
        "subsample": 0.8141476914816346,
        "colsample_bytree": 0.7053679771138108,
        "reg_lambda": 9.189007524126804,
        "reg_alpha": 0.006025415786548301
      }
    },
    {
      "n_features": 17,
      "mse": 0.00037887947738091723,
      "kept_cols": [
        "Z",
        "A",
        "N",
        "ME",
        "BEA",
        "Sn",
        "S2n",
        "Sp",
        "S2p",
        "Shell",
        "n_rms_radius",
        "p_gap_erg",
        "n_chem_erg",
        "p_chem_erg",
        "Sn_daughter",
        "Spin_compound",
        "ERG"
      ],
      "best_params": {
        "n_estimators": 950,
        "max_depth": 7,
        "learning_rate": 0.15225654389482135,
        "subsample": 0.8141476914816346,
        "colsample_bytree": 0.7053679771138108,
        "reg_lambda": 9.189007524126804,
        "reg_alpha": 0.006025415786548301
      }
    },
    {
      "n_features": 16,
      "mse": 0.00037774050410598926,
      "kept_cols": [
        "Z",
        "A",
        "N",
        "ME",
        "BEA",
        "Sn",
        "S2n",
        "Sp",
        "S2p",
        "Shell",
        "n_rms_radius",
        "p_gap_erg",
        "n_chem_erg",
        "Sn_daughter",
        "Spin_compound",
        "ERG"
      ],
      "best_params": {
        "n_estimators": 950,
        "max_depth": 7,
        "learning_rate": 0.15225654389482135,
        "subsample": 0.8141476914816346,
        "colsample_bytree": 0.7053679771138108,
        "reg_lambda": 9.189007524126804,
        "reg_alpha": 0.006025415786548301
      }
    },
    {
      "n_features": 15,
      "mse": 0.0004101982468956331,
      "kept_cols": [
        "Z",
        "A",
        "N",
        "ME",
        "BEA",
        "Sn",
        "S2n",
        "Sp",
        "S2p",
        "Shell",
        "n_rms_radius",
        "p_gap_erg",
        "n_chem_erg",
        "Sn_daughter",
        "ERG"
      ],
      "best_params": {
        "n_estimators": 950,
        "max_depth": 12,
        "learning_rate": 0.023387395380801576,
        "subsample": 0.51735171792841,
        "colsample_bytree": 0.9288234523314991,
        "reg_lambda": 0.0014623166653720773,
        "reg_alpha": 0.011838563687274007
      }
    },
    {
      "n_features": 14,
      "mse": 0.0003980347482726614,
      "kept_cols": [
        "Z",
        "A",
        "N",
        "ME",
        "BEA",
        "Sn",
        "S2n",
        "Sp",
        "S2p",
        "Shell",
        "p_gap_erg",
        "n_chem_erg",
        "Sn_daughter",
        "ERG"
      ],
      "best_params": {
        "n_estimators": 950,
        "max_depth": 7,
        "learning_rate": 0.15225654389482135,
        "subsample": 0.8141476914816346,
        "colsample_bytree": 0.7053679771138108,
        "reg_lambda": 9.189007524126804,
        "reg_alpha": 0.006025415786548301
      }
    },
    {
      "n_features": 13,
      "mse": 0.00034113678898868495,
      "kept_cols": [
        "Z",
        "A",
        "N",
        "ME",
        "BEA",
        "Sn",
        "S2n",
        "Sp",
        "S2p",
        "Shell",
        "p_gap_erg",
        "n_chem_erg",
        "ERG"
      ],
      "best_params": {
        "n_estimators": 950,
        "max_depth": 7,
        "learning_rate": 0.15225654389482135,
        "subsample": 0.8141476914816346,
        "colsample_bytree": 0.7053679771138108,
        "reg_lambda": 9.189007524126804,
        "reg_alpha": 0.006025415786548301
      }
    },
    {
      "n_features": 12,
      "mse": 0.0003553573603717588,
      "kept_cols": [
        "Z",
        "A",
        "N",
        "ME",
        "BEA",
        "Sn",
        "S2n",
        "Sp",
        "S2p",
        "Shell",
        "n_chem_erg",
        "ERG"
      ],
      "best_params": {
        "n_estimators": 950,
        "max_depth": 7,
        "learning_rate": 0.15225654389482135,
        "subsample": 0.8141476914816346,
        "colsample_bytree": 0.7053679771138108,
        "reg_lambda": 9.189007524126804,
        "reg_alpha": 0.006025415786548301
      }
    },
    {
      "n_features": 11,
      "mse": 0.0003663851023966513,
      "kept_cols": [
        "Z",
        "A",
        "N",
        "ME",
        "Sn",
        "S2n",
        "Sp",
        "S2p",
        "Shell",
        "n_chem_erg",
        "ERG"
      ],
      "best_params": {
        "n_estimators": 950,
        "max_depth": 7,
        "learning_rate": 0.15225654389482135,
        "subsample": 0.8141476914816346,
        "colsample_bytree": 0.7053679771138108,
        "reg_lambda": 9.189007524126804,
        "reg_alpha": 0.006025415786548301
      }
    },
    {
      "n_features": 10,
      "mse": 0.00036273936394315187,
      "kept_cols": [
        "Z",
        "A",
        "N",
        "ME",
        "Sn",
        "S2n",
        "Sp",
        "S2p",
        "n_chem_erg",
        "ERG"
      ],
      "best_params": {
        "n_estimators": 950,
        "max_depth": 7,
        "learning_rate": 0.15225654389482135,
        "subsample": 0.8141476914816346,
        "colsample_bytree": 0.7053679771138108,
        "reg_lambda": 9.189007524126804,
        "reg_alpha": 0.006025415786548301
      }
    },
    {
      "n_features": 9,
      "mse": 0.00035418662306930745,
      "kept_cols": [
        "Z",
        "A",
        "N",
        "ME",
        "Sn",
        "S2n",
        "S2p",
        "n_chem_erg",
        "ERG"
      ],
      "best_params": {
        "n_estimators": 850,
        "max_depth": 7,
        "learning_rate": 0.1664358171641522,
        "subsample": 0.821447298916576,
        "colsample_bytree": 0.6877034815121884,
        "reg_lambda": 9.828916231690933,
        "reg_alpha": 0.001068961211537492
      }
    },
    {
      "n_features": 8,
      "mse": 0.00035113524676070814,
      "kept_cols": [
        "Z",
        "A",
        "N",
        "Sn",
        "S2n",
        "S2p",
        "n_chem_erg",
        "ERG"
      ],
      "best_params": {
        "n_estimators": 950,
        "max_depth": 7,
        "learning_rate": 0.15225654389482135,
        "subsample": 0.8141476914816346,
        "colsample_bytree": 0.7053679771138108,
        "reg_lambda": 9.189007524126804,
        "reg_alpha": 0.006025415786548301
      }
    },
    {
      "n_features": 7,
      "mse": 0.00035817805317925214,
      "kept_cols": [
        "Z",
        "A",
        "N",
        "Sn",
        "S2n",
        "n_chem_erg",
        "ERG"
      ],
      "best_params": {
        "n_estimators": 800,
        "max_depth": 8,
        "learning_rate": 0.13776787423917378,
        "subsample": 0.789687116492217,
        "colsample_bytree": 0.6831433775632743,
        "reg_lambda": 8.464112710934824,
        "reg_alpha": 0.005219129014305573
      }
    },
    {
      "n_features": 6,
      "mse": 0.0003554542963937101,
      "kept_cols": [
        "Z",
        "A",
        "N",
        "Sn",
        "S2n",
        "ERG"
      ],
      "best_params": {
        "n_estimators": 800,
        "max_depth": 8,
        "learning_rate": 0.13776787423917378,
        "subsample": 0.789687116492217,
        "colsample_bytree": 0.6831433775632743,
        "reg_lambda": 8.464112710934824,
        "reg_alpha": 0.005219129014305573
      }
    },
    {
      "n_features": 5,
      "mse": 0.0005197301965895179,
      "kept_cols": [
        "A",
        "N",
        "Sn",
        "S2n",
        "ERG"
      ],
      "best_params": {
        "n_estimators": 950,
        "max_depth": 12,
        "learning_rate": 0.023387395380801576,
        "subsample": 0.51735171792841,
        "colsample_bytree": 0.9288234523314991,
        "reg_lambda": 0.0014623166653720773,
        "reg_alpha": 0.011838563687274007
      }
    },
    {
      "n_features": 4,
      "mse": 0.0009744193103181122,
      "kept_cols": [
        "A",
        "N",
        "S2n",
        "ERG"
      ],
      "best_params": {
        "n_estimators": 900,
        "max_depth": 7,
        "learning_rate": 0.22263168980708117,
        "subsample": 0.8495392973707541,
        "colsample_bytree": 0.5776778270118749,
        "reg_lambda": 9.726326397617608,
        "reg_alpha": 0.0021231846602575636
      }
    }
  ],
  "total": 60
}