{
  "cols": [
    "BEA_A",
    "AM",
    "ERG"
  ],
  "best_mse": 0.0010850476648101082,
  "best_features": [
    "Z",
    "A",
    "N",
    "ME",
    "BEA",
    "BEA_A",
    "AM",
    "Sn",
    "S2n",
    "Sp",
    "S2p",
    "Radius",
    "Decay_Const",
    "octopole_deformation",
    "rms_radius",
    "n_rms_radius",
    "p_rms_radius",
    "n_chem_erg",
    "Radius_compound",
    "BEA_A_compound",
    "Sn_daughter",
    "Radius_daughter",
    "BEA_daughter",
    "BEA_A_daughter",
    "Spin_compound",
    "Deform_compound",
    "Decay_compound",
    "Spin_daughter",
    "ERG"
  ],
  "history": [
    {
      "n_features": 60,
      "mse": 0.0011448549286750282,
      "kept_cols": [
        "Z",
        "A",
        "N",
        "ME",
        "BEA",
        "BEA_A",
        "AM",
        "Sn",
        "S2n",
        "Sp",
        "S2p",
        "Radius",
        "Pairing",
        "Shell",
        "Spin",
        "Parity",
        "Deform",
        "Decay_Const",
        "Z_even",
        "A_even",
        "N_even",
        "beta_deformation",
        "gamma_deformation",
        "octopole_deformation",
        "rms_radius",
        "n_rms_radius",
        "p_rms_radius",
        "n_gap_erg",
        "p_gap_erg",
        "n_chem_erg",
        "p_chem_erg",
        "Sn_compound",
        "S2n_compound",
        "Sp_compound",
        "S2p_compound",
        "Radius_compound",
        "ME_compound",
        "BEA_compound",
        "BEA_A_compound",
        "Sn_daughter",
        "S2n_daughter",
        "Sp_daughter",
        "S2p_daughter",
        "Radius_daughter",
        "ME_daughter",
        "BEA_daughter",
        "BEA_A_daughter",
        "Pairing_compound",
        "Shell_compound",
        "Spin_compound",
        "Parity_compound",
        "Deform_compound",
        "Decay_compound",
        "Pairing_daughter",
        "Shell_daughter",
        "Spin_daughter",
        "Parity_daughter",
        "Deform_daughter",
        "Decay_daughter",
        "ERG"
      ],
      "best_params": {
        "n_estimators": 1600,
        "max_depth": 75,
        "min_samples_leaf": 1,
        "max_features": 0.75
      }
    },
    {
      "n_features": 59,
      "mse": 0.0011391521002252097,
      "kept_cols": [
        "Z",
        "A",
        "N",
        "ME",
        "BEA",
        "BEA_A",
        "AM",
        "Sn",
        "S2n",
        "Sp",
        "S2p",
        "Radius",
        "Pairing",
        "Shell",
        "Spin",
        "Deform",
        "Decay_Const",
        "Z_even",
        "A_even",
        "N_even",
        "beta_deformation",
        "gamma_deformation",
        "octopole_deformation",
        "rms_radius",
        "n_rms_radius",
        "p_rms_radius",
        "n_gap_erg",
        "p_gap_erg",
        "n_chem_erg",
        "p_chem_erg",
        "Sn_compound",
        "S2n_compound",
        "Sp_compound",
        "S2p_compound",
        "Radius_compound",
        "ME_compound",
        "BEA_compound",
        "BEA_A_compound",
        "Sn_daughter",
        "S2n_daughter",
        "Sp_daughter",
        "S2p_daughter",
        "Radius_daughter",
        "ME_daughter",
        "BEA_daughter",
        "BEA_A_daughter",
        "Pairing_compound",
        "Shell_compound",
        "Spin_compound",
        "Parity_compound",
        "Deform_compound",
        "Decay_compound",
        "Pairing_daughter",
        "Shell_daughter",
        "Spin_daughter",
        "Parity_daughter",
        "Deform_daughter",
        "Decay_daughter",
        "ERG"
      ],
      "best_params": {
        "n_estimators": 1600,
        "max_depth": 75,
        "min_samples_leaf": 1,
        "max_features": 0.75
      }
    },
    {
      "n_features": 58,
      "mse": 0.001144362362700101,
      "kept_cols": [
        "Z",
        "A",
        "N",
        "ME",
        "BEA",
        "BEA_A",
        "AM",
        "Sn",
        "S2n",
        "Sp",
        "S2p",
        "Radius",
        "Pairing",
        "Shell",
        "Spin",
        "Deform",
        "Decay_Const",
        "Z_even",
        "N_even",
        "beta_deformation",
        "gamma_deformation",
        "octopole_deformation",
        "rms_radius",
        "n_rms_radius",
        "p_rms_radius",
        "n_gap_erg",
        "p_gap_erg",
        "n_chem_erg",
        "p_chem_erg",
        "Sn_compound",
        "S2n_compound",
        "Sp_compound",
        "S2p_compound",
        "Radius_compound",
        "ME_compound",
        "BEA_compound",
        "BEA_A_compound",
        "Sn_daughter",
        "S2n_daughter",
        "Sp_daughter",
        "S2p_daughter",
        "Radius_daughter",
        "ME_daughter",
        "BEA_daughter",
        "BEA_A_daughter",
        "Pairing_compound",
        "Shell_compound",
        "Spin_compound",
        "Parity_compound",
        "Deform_compound",
        "Decay_compound",
        "Pairing_daughter",
        "Shell_daughter",
        "Spin_daughter",
        "Parity_daughter",
        "Deform_daughter",
        "Decay_daughter",
        "ERG"
      ],
      "best_params": {
        "n_estimators": 1500,
        "max_depth": 75,
        "min_samples_leaf": 1,
        "max_features": 0.75
      }
    },
    {
      "n_features": 57,
      "mse": 0.0011437389992780714,
      "kept_cols": [
        "Z",
        "A",
        "N",
        "ME",
        "BEA",
        "BEA_A",
        "AM",
        "Sn",
        "S2n",
        "Sp",
        "S2p",
        "Radius",
        "Pairing",
        "Shell",
        "Spin",
        "Deform",
        "Decay_Const",
        "Z_even",
        "N_even",
        "beta_deformation",
        "gamma_deformation",
        "octopole_deformation",
        "rms_radius",
        "n_rms_radius",
        "p_rms_radius",
        "n_gap_erg",
        "p_gap_erg",
        "n_chem_erg",
        "p_chem_erg",
        "Sn_compound",
        "S2n_compound",
        "Sp_compound",
        "S2p_compound",
        "Radius_compound",
        "ME_compound",
        "BEA_compound",
        "BEA_A_compound",
        "Sn_daughter",
        "S2n_daughter",
        "Sp_daughter",
        "S2p_daughter",
        "Radius_daughter",
        "ME_daughter",
        "BEA_daughter",
        "BEA_A_daughter",
        "Pairing_compound",
        "Shell_compound",
        "Spin_compound",
        "Parity_compound",
        "Deform_compound",
        "Decay_compound",
        "Pairing_daughter",
        "Shell_daughter",
        "Spin_daughter",
        "Deform_daughter",
        "Decay_daughter",
        "ERG"
      ],
      "best_params": {
        "n_estimators": 1600,
        "max_depth": 75,
        "min_samples_leaf": 1,
        "max_features": 0.75
      }
    },
    {
      "n_features": 56,
      "mse": 0.001138808576717228,
      "kept_cols": [
        "Z",
        "A",
        "N",
        "ME",
        "BEA",
        "BEA_A",
        "AM",
        "Sn",
        "S2n",
        "Sp",
        "S2p",
        "Radius",
        "Pairing",
        "Shell",
        "Spin",
        "Deform",
        "Decay_Const",
        "Z_even",
        "N_even",
        "beta_deformation",
        "gamma_deformation",
        "octopole_deformation",
        "rms_radius",
        "n_rms_radius",
        "p_rms_radius",
        "n_gap_erg",
        "p_gap_erg",
        "n_chem_erg",
        "p_chem_erg",
        "Sn_compound",
        "S2n_compound",
        "Sp_compound",
        "S2p_compound",
        "Radius_compound",
        "ME_compound",
        "BEA_compound",
        "BEA_A_compound",
        "Sn_daughter",
        "S2n_daughter",
        "Sp_daughter",
        "S2p_daughter",
        "Radius_daughter",
        "ME_daughter",
        "BEA_daughter",
        "BEA_A_daughter",
        "Pairing_compound",
        "Shell_compound",
        "Spin_compound",
        "Deform_compound",
        "Decay_compound",
        "Pairing_daughter",
        "Shell_daughter",
        "Spin_daughter",
        "Deform_daughter",
        "Decay_daughter",
        "ERG"
      ],
      "best_params": {
        "n_estimators": 1600,
        "max_depth": 75,
        "min_samples_leaf": 1,
        "max_features": 0.75
      }
    },
    {
      "n_features": 55,
      "mse": 0.00113614519707105,
      "kept_cols": [
        "Z",
        "A",
        "N",
        "ME",
        "BEA",
        "BEA_A",
        "AM",
        "Sn",
        "S2n",
        "Sp",
        "S2p",
        "Radius",
        "Shell",
        "Spin",
        "Deform",
        "Decay_Const",
        "Z_even",
        "N_even",
        "beta_deformation",
        "gamma_deformation",
        "octopole_deformation",
        "rms_radius",
        "n_rms_radius",
        "p_rms_radius",
        "n_gap_erg",
        "p_gap_erg",
        "n_chem_erg",
        "p_chem_erg",
        "Sn_compound",
        "S2n_compound",
        "Sp_compound",
        "S2p_compound",
        "Radius_compound",
        "ME_compound",
        "BEA_compound",
        "BEA_A_compound",
        "Sn_daughter",
        "S2n_daughter",
        "Sp_daughter",
        "S2p_daughter",
        "Radius_daughter",
        "ME_daughter",
        "BEA_daughter",
        "BEA_A_daughter",
        "Pairing_compound",
        "Shell_compound",
        "Spin_compound",
        "Deform_compound",
        "Decay_compound",
        "Pairing_daughter",
        "Shell_daughter",
        "Spin_daughter",
        "Deform_daughter",
        "Decay_daughter",
        "ERG"
      ],
      "best_params": {
        "n_estimators": 1600,
        "max_depth": 75,
        "min_samples_leaf": 1,
        "max_features": 0.75
      }
    },
    {
      "n_features": 54,
      "mse": 0.0011267323508755214,
      "kept_cols": [
        "Z",
        "A",
        "N",
        "ME",
        "BEA",
        "BEA_A",
        "AM",
        "Sn",
        "S2n",
        "Sp",
        "S2p",
        "Radius",
        "Shell",
        "Spin",
        "Deform",
        "Decay_Const",
        "Z_even",
        "beta_deformation",
        "gamma_deformation",
        "octopole_deformation",
        "rms_radius",
        "n_rms_radius",
        "p_rms_radius",
        "n_gap_erg",
        "p_gap_erg",
        "n_chem_erg",
        "p_chem_erg",
        "Sn_compound",
        "S2n_compound",
        "Sp_compound",
        "S2p_compound",
        "Radius_compound",
        "ME_compound",
        "BEA_compound",
        "BEA_A_compound",
        "Sn_daughter",
        "S2n_daughter",
        "Sp_daughter",
        "S2p_daughter",
        "Radius_daughter",
        "ME_daughter",
        "BEA_daughter",
        "BEA_A_daughter",
        "Pairing_compound",
        "Shell_compound",
        "Spin_compound",
        "Deform_compound",
        "Decay_compound",
        "Pairing_daughter",
        "Shell_daughter",
        "Spin_daughter",
        "Deform_daughter",
        "Decay_daughter",
        "ERG"
      ],
      "best_params": {
        "n_estimators": 1500,
        "max_depth": 75,
        "min_samples_leaf": 1,
        "max_features": 0.75
      }
    },
    {
      "n_features": 53,
      "mse": 0.001129285169605011,
      "kept_cols": [
        "Z",
        "A",
        "N",
        "ME",
        "BEA",
        "BEA_A",
        "AM",
        "Sn",
        "S2n",
        "Sp",
        "S2p",
        "Radius",
        "Shell",
        "Spin",
        "Deform",
        "Decay_Const",
        "Z_even",
        "beta_deformation",
        "gamma_deformation",
        "octopole_deformation",
        "rms_radius",
        "n_rms_radius",
        "p_rms_radius",
        "n_gap_erg",
        "p_gap_erg",
        "n_chem_erg",
        "p_chem_erg",
        "Sn_compound",
        "S2n_compound",
        "Sp_compound",
        "S2p_compound",
        "Radius_compound",
        "ME_compound",
        "BEA_compound",
        "BEA_A_compound",
        "Sn_daughter",
        "S2n_daughter",
        "Sp_daughter",
        "S2p_daughter",
        "Radius_daughter",
        "ME_daughter",
        "BEA_daughter",
        "BEA_A_daughter",
        "Shell_compound",
        "Spin_compound",
        "Deform_compound",
        "Decay_compound",
        "Pairing_daughter",
        "Shell_daughter",
        "Spin_daughter",
        "Deform_daughter",
        "Decay_daughter",
        "ERG"
      ],
      "best_params": {
        "n_estimators": 1600,
        "max_depth": 75,
        "min_samples_leaf": 1,
        "max_features": 0.75
      }
    },
    {
      "n_features": 52,
      "mse": 0.001145576270814091,
      "kept_cols": [
        "Z",
        "A",
        "N",
        "ME",
        "BEA",
        "BEA_A",
        "AM",
        "Sn",
        "S2n",
        "Sp",
        "S2p",
        "Radius",
        "Shell",
        "Spin",
        "Deform",
        "Decay_Const",
        "Z_even",
        "gamma_deformation",
        "octopole_deformation",
        "rms_radius",
        "n_rms_radius",
        "p_rms_radius",
        "n_gap_erg",
        "p_gap_erg",
        "n_chem_erg",
        "p_chem_erg",
        "Sn_compound",
        "S2n_compound",
        "Sp_compound",
        "S2p_compound",
        "Radius_compound",
        "ME_compound",
        "BEA_compound",
        "BEA_A_compound",
        "Sn_daughter",
        "S2n_daughter",
        "Sp_daughter",
        "S2p_daughter",
        "Radius_daughter",
        "ME_daughter",
        "BEA_daughter",
        "BEA_A_daughter",
        "Shell_compound",
        "Spin_compound",
        "Deform_compound",
        "Decay_compound",
        "Pairing_daughter",
        "Shell_daughter",
        "Spin_daughter",
        "Deform_daughter",
        "Decay_daughter",
        "ERG"
      ],
      "best_params": {
        "n_estimators": 1600,
        "max_depth": 75,
        "min_samples_leaf": 1,
        "max_features": 0.75
      }
    },
    {
      "n_features": 51,
      "mse": 0.0011386168207548405,
      "kept_cols": [
        "Z",
        "A",
        "N",
        "ME",
        "BEA",
        "BEA_A",
        "AM",
        "Sn",
        "S2n",
        "Sp",
        "S2p",
        "Radius",
        "Shell",
        "Spin",
        "Decay_Const",
        "Z_even",
        "gamma_deformation",
        "octopole_deformation",
        "rms_radius",
        "n_rms_radius",
        "p_rms_radius",
        "n_gap_erg",
        "p_gap_erg",
        "n_chem_erg",
        "p_chem_erg",
        "Sn_compound",
        "S2n_compound",
        "Sp_compound",
        "S2p_compound",
        "Radius_compound",
        "ME_compound",
        "BEA_compound",
        "BEA_A_compound",
        "Sn_daughter",
        "S2n_daughter",
        "Sp_daughter",
        "S2p_daughter",
        "Radius_daughter",
        "ME_daughter",
        "BEA_daughter",
        "BEA_A_daughter",
        "Shell_compound",
        "Spin_compound",
        "Deform_compound",
        "Decay_compound",
        "Pairing_daughter",
        "Shell_daughter",
        "Spin_daughter",
        "Deform_daughter",
        "Decay_daughter",
        "ERG"
      ],
      "best_params": {
        "n_estimators": 1600,
        "max_depth": 75,
        "min_samples_leaf": 1,
        "max_features": 0.75
      }
    },
    {
      "n_features": 50,
      "mse": 0.0011249488861862767,
      "kept_cols": [
        "Z",
        "A",
        "N",
        "ME",
        "BEA",
        "BEA_A",
        "AM",
        "Sn",
        "S2n",
        "Sp",
        "S2p",
        "Radius",
        "Shell",
        "Spin",
        "Decay_Const",
        "Z_even",
        "gamma_deformation",
        "octopole_deformation",
        "rms_radius",
        "n_rms_radius",
        "p_rms_radius",
        "n_gap_erg",
        "p_gap_erg",
        "n_chem_erg",
        "p_chem_erg",
        "Sn_compound",
        "S2n_compound",
        "Sp_compound",
        "S2p_compound",
        "Radius_compound",
        "ME_compound",
        "BEA_compound",
        "BEA_A_compound",
        "Sn_daughter",
        "S2n_daughter",
        "S2p_daughter",
        "Radius_daughter",
        "ME_daughter",
        "BEA_daughter",
        "BEA_A_daughter",
        "Shell_compound",
        "Spin_compound",
        "Deform_compound",
        "Decay_compound",
        "Pairing_daughter",
        "Shell_daughter",
        "Spin_daughter",
        "Deform_daughter",
        "Decay_daughter",
        "ERG"
      ],
      "best_params": {
        "n_estimators": 1000,
        "max_depth": 80,
        "min_samples_leaf": 1,
        "max_features": 0.75
      }
    },
    {
      "n_features": 49,
      "mse": 0.0011308313388810306,
      "kept_cols": [
        "Z",
        "A",
        "N",
        "ME",
        "BEA",
        "BEA_A",
        "AM",
        "Sn",
        "S2n",
        "Sp",
        "S2p",
        "Radius",
        "Shell",
        "Spin",
        "Decay_Const",
        "gamma_deformation",
        "octopole_deformation",
        "rms_radius",
        "n_rms_radius",
        "p_rms_radius",
        "n_gap_erg",
        "p_gap_erg",
        "n_chem_erg",
        "p_chem_erg",
        "Sn_compound",
        "S2n_compound",
        "Sp_compound",
        "S2p_compound",
        "Radius_compound",
        "ME_compound",
        "BEA_compound",
        "BEA_A_compound",
        "Sn_daughter",
        "S2n_daughter",
        "S2p_daughter",
        "Radius_daughter",
        "ME_daughter",
        "BEA_daughter",
        "BEA_A_daughter",
        "Shell_compound",
        "Spin_compound",
        "Deform_compound",
        "Decay_compound",
        "Pairing_daughter",
        "Shell_daughter",
        "Spin_daughter",
        "Deform_daughter",
        "Decay_daughter",
        "ERG"
      ],
      "best_params": {
        "n_estimators": 1500,
        "max_depth": 75,
        "min_samples_leaf": 1,
        "max_features": 0.75
      }
    },
    {
      "n_features": 48,
      "mse": 0.0011303069209119647,
      "kept_cols": [
        "Z",
        "A",
        "N",
        "ME",
        "BEA",
        "BEA_A",
        "AM",
        "Sn",
        "S2n",
        "Sp",
        "S2p",
        "Radius",
        "Shell",
        "Spin",
        "Decay_Const",
        "gamma_deformation",
        "octopole_deformation",
        "rms_radius",
        "n_rms_radius",
        "p_rms_radius",
        "n_gap_erg",
        "p_gap_erg",
        "n_chem_erg",
        "p_chem_erg",
        "Sn_compound",
        "S2n_compound",
        "Sp_compound",
        "S2p_compound",
        "Radius_compound",
        "ME_compound",
        "BEA_compound",
        "BEA_A_compound",
        "Sn_daughter",
        "S2n_daughter",
        "S2p_daughter",
        "Radius_daughter",
        "BEA_daughter",
        "BEA_A_daughter",
        "Shell_compound",
        "Spin_compound",
        "Deform_compound",
        "Decay_compound",
        "Pairing_daughter",
        "Shell_daughter",
        "Spin_daughter",
        "Deform_daughter",
        "Decay_daughter",
        "ERG"
      ],
      "best_params": {
        "n_estimators": 1500,
        "max_depth": 75,
        "min_samples_leaf": 1,
        "max_features": 0.75
      }
    },
    {
      "n_features": 47,
      "mse": 0.0011291962463728159,
      "kept_cols": [
        "Z",
        "A",
        "N",
        "ME",
        "BEA",
        "BEA_A",
        "AM",
        "Sn",
        "S2n",
        "Sp",
        "S2p",
        "Radius",
        "Shell",
        "Spin",
        "Decay_Const",
        "gamma_deformation",
        "octopole_deformation",
        "rms_radius",
        "n_rms_radius",
        "p_rms_radius",
        "p_gap_erg",
        "n_chem_erg",
        "p_chem_erg",
        "Sn_compound",
        "S2n_compound",
        "Sp_compound",
        "S2p_compound",
        "Radius_compound",
        "ME_compound",
        "BEA_compound",
        "BEA_A_compound",
        "Sn_daughter",
        "S2n_daughter",
        "S2p_daughter",
        "Radius_daughter",
        "BEA_daughter",
        "BEA_A_daughter",
        "Shell_compound",
        "Spin_compound",
        "Deform_compound",
        "Decay_compound",
        "Pairing_daughter",
        "Shell_daughter",
        "Spin_daughter",
        "Deform_daughter",
        "Decay_daughter",
        "ERG"
      ],
      "best_params": {
        "n_estimators": 1000,
        "max_depth": 80,
        "min_samples_leaf": 1,
        "max_features": 0.75
      }
    },
    {
      "n_features": 46,
      "mse": 0.0011329814311980648,
      "kept_cols": [
        "Z",
        "A",
        "N",
        "ME",
        "BEA",
        "BEA_A",
        "AM",
        "Sn",
        "S2n",
        "Sp",
        "S2p",
        "Radius",
        "Shell",
        "Spin",
        "Decay_Const",
        "gamma_deformation",
        "octopole_deformation",
        "rms_radius",
        "n_rms_radius",
        "p_rms_radius",
        "p_gap_erg",
        "n_chem_erg",
        "p_chem_erg",
        "Sn_compound",
        "S2n_compound",
        "Sp_compound",
        "S2p_compound",
        "Radius_compound",
        "ME_compound",
        "BEA_A_compound",
        "Sn_daughter",
        "S2n_daughter",
        "S2p_daughter",
        "Radius_daughter",
        "BEA_daughter",
        "BEA_A_daughter",
        "Shell_compound",
        "Spin_compound",
        "Deform_compound",
        "Decay_compound",
        "Pairing_daughter",
        "Shell_daughter",
        "Spin_daughter",
        "Deform_daughter",
        "Decay_daughter",
        "ERG"
      ],
      "best_params": {
        "n_estimators": 1600,
        "max_depth": 75,
        "min_samples_leaf": 1,
        "max_features": 0.75
      }
    },
    {
      "n_features": 45,
      "mse": 0.0011265186605957547,
      "kept_cols": [
        "Z",
        "A",
        "N",
        "ME",
        "BEA",
        "BEA_A",
        "AM",
        "Sn",
        "S2n",
        "Sp",
        "S2p",
        "Radius",
        "Shell",
        "Spin",
        "Decay_Const",
        "gamma_deformation",
        "octopole_deformation",
        "rms_radius",
        "n_rms_radius",
        "p_rms_radius",
        "p_gap_erg",
        "n_chem_erg",
        "p_chem_erg",
        "Sn_compound",
        "Sp_compound",
        "S2p_compound",
        "Radius_compound",
        "ME_compound",
        "BEA_A_compound",
        "Sn_daughter",
        "S2n_daughter",
        "S2p_daughter",
        "Radius_daughter",
        "BEA_daughter",
        "BEA_A_daughter",
        "Shell_compound",
        "Spin_compound",
        "Deform_compound",
        "Decay_compound",
        "Pairing_daughter",
        "Shell_daughter",
        "Spin_daughter",
        "Deform_daughter",
        "Decay_daughter",
        "ERG"
      ],
      "best_params": {
        "n_estimators": 1500,
        "max_depth": 75,
        "min_samples_leaf": 1,
        "max_features": 0.75
      }
    },
    {
      "n_features": 44,
      "mse": 0.0011417701804528366,
      "kept_cols": [
        "Z",
        "A",
        "N",
        "ME",
        "BEA",
        "BEA_A",
        "AM",
        "Sn",
        "S2n",
        "Sp",
        "S2p",
        "Radius",
        "Shell",
        "Spin",
        "Decay_Const",
        "gamma_deformation",
        "octopole_deformation",
        "rms_radius",
        "n_rms_radius",
        "p_rms_radius",
        "p_gap_erg",
        "n_chem_erg",
        "p_chem_erg",
        "Sn_compound",
        "Sp_compound",
        "S2p_compound",
        "Radius_compound",
        "ME_compound",
        "BEA_A_compound",
        "Sn_daughter",
        "S2n_daughter",
        "Radius_daughter",
        "BEA_daughter",
        "BEA_A_daughter",
        "Shell_compound",
        "Spin_compound",
        "Deform_compound",
        "Decay_compound",
        "Pairing_daughter",
        "Shell_daughter",
        "Spin_daughter",
        "Deform_daughter",
        "Decay_daughter",
        "ERG"
      ],
      "best_params": {
        "n_estimators": 1600,
        "max_depth": 75,
        "min_samples_leaf": 1,
        "max_features": 0.75
      }
    },
    {
      "n_features": 43,
      "mse": 0.001141917193748458,
      "kept_cols": [
        "Z",
        "A",
        "N",
        "ME",
        "BEA",
        "BEA_A",
        "AM",
        "Sn",
        "S2n",
        "Sp",
        "S2p",
        "Radius",
        "Spin",
        "Decay_Const",
        "gamma_deformation",
        "octopole_deformation",
        "rms_radius",
        "n_rms_radius",
        "p_rms_radius",
        "p_gap_erg",
        "n_chem_erg",
        "p_chem_erg",
        "Sn_compound",
        "Sp_compound",
        "S2p_compound",
        "Radius_compound",
        "ME_compound",
        "BEA_A_compound",
        "Sn_daughter",
        "S2n_daughter",
        "Radius_daughter",
        "BEA_daughter",
        "BEA_A_daughter",
        "Shell_compound",
        "Spin_compound",
        "Deform_compound",
        "Decay_compound",
        "Pairing_daughter",
        "Shell_daughter",
        "Spin_daughter",
        "Deform_daughter",
        "Decay_daughter",
        "ERG"
      ],
      "best_params": {
        "n_estimators": 1500,
        "max_depth": 75,
        "min_samples_leaf": 1,
        "max_features": 0.75
      }
    },
    {
      "n_features": 42,
      "mse": 0.00112865840273404,
      "kept_cols": [
        "Z",
        "A",
        "N",
        "ME",
        "BEA",
        "BEA_A",
        "AM",
        "Sn",
        "S2n",
        "Sp",
        "S2p",
        "Radius",
        "Spin",
        "Decay_Const",
        "gamma_deformation",
        "octopole_deformation",
        "rms_radius",
        "n_rms_radius",
        "p_rms_radius",
        "n_chem_erg",
        "p_chem_erg",
        "Sn_compound",
        "Sp_compound",
        "S2p_compound",
        "Radius_compound",
        "ME_compound",
        "BEA_A_compound",
        "Sn_daughter",
        "S2n_daughter",
        "Radius_daughter",
        "BEA_daughter",
        "BEA_A_daughter",
        "Shell_compound",
        "Spin_compound",
        "Deform_compound",
        "Decay_compound",
        "Pairing_daughter",
        "Shell_daughter",
        "Spin_daughter",
        "Deform_daughter",
        "Decay_daughter",
        "ERG"
      ],
      "best_params": {
        "n_estimators": 1500,
        "max_depth": 75,
        "min_samples_leaf": 1,
        "max_features": 0.75
      }
    },
    {
      "n_features": 41,
      "mse": 0.001141425554892841,
      "kept_cols": [
        "Z",
        "A",
        "N",
        "ME",
        "BEA",
        "BEA_A",
        "AM",
        "Sn",
        "S2n",
        "Sp",
        "S2p",
        "Radius",
        "Decay_Const",
        "gamma_deformation",
        "octopole_deformation",
        "rms_radius",
        "n_rms_radius",
        "p_rms_radius",
        "n_chem_erg",
        "p_chem_erg",
        "Sn_compound",
        "Sp_compound",
        "S2p_compound",
        "Radius_compound",
        "ME_compound",
        "BEA_A_compound",
        "Sn_daughter",
        "S2n_daughter",
        "Radius_daughter",
        "BEA_daughter",
        "BEA_A_daughter",
        "Shell_compound",
        "Spin_compound",
        "Deform_compound",
        "Decay_compound",
        "Pairing_daughter",
        "Shell_daughter",
        "Spin_daughter",
        "Deform_daughter",
        "Decay_daughter",
        "ERG"
      ],
      "best_params": {
        "n_estimators": 1600,
        "max_depth": 75,
        "min_samples_leaf": 1,
        "max_features": 0.75
      }
    },
    {
      "n_features": 40,
      "mse": 0.001140114540002069,
      "kept_cols": [
        "Z",
        "A",
        "N",
        "ME",
        "BEA",
        "BEA_A",
        "AM",
        "Sn",
        "S2n",
        "Sp",
        "S2p",
        "Radius",
        "Decay_Const",
        "gamma_deformation",
        "octopole_deformation",
        "rms_radius",
        "n_rms_radius",
        "p_rms_radius",
        "n_chem_erg",
        "p_chem_erg",
        "Sn_compound",
        "Sp_compound",
        "S2p_compound",
        "Radius_compound",
        "ME_compound",
        "BEA_A_compound",
        "Sn_daughter",
        "S2n_daughter",
        "Radius_daughter",
        "BEA_daughter",
        "BEA_A_daughter",
        "Shell_compound",
        "Spin_compound",
        "Deform_compound",
        "Decay_compound",
        "Shell_daughter",
        "Spin_daughter",
        "Deform_daughter",
        "Decay_daughter",
        "ERG"
      ],
      "best_params": {
        "n_estimators": 1000,
        "max_depth": 80,
        "min_samples_leaf": 1,
        "max_features": 0.75
      }
    },
    {
      "n_features": 39,
      "mse": 0.001141314775883468,
      "kept_cols": [
        "Z",
        "A",
        "N",
        "ME",
        "BEA",
        "BEA_A",
        "AM",
        "Sn",
        "S2n",
        "Sp",
        "S2p",
        "Radius",
        "Decay_Const",
        "gamma_deformation",
        "octopole_deformation",
        "rms_radius",
        "n_rms_radius",
        "p_rms_radius",
        "n_chem_erg",
        "p_chem_erg",
        "Sn_compound",
        "S2p_compound",
        "Radius_compound",
        "ME_compound",
        "BEA_A_compound",
        "Sn_daughter",
        "S2n_daughter",
        "Radius_daughter",
        "BEA_daughter",
        "BEA_A_daughter",
        "Shell_compound",
        "Spin_compound",
        "Deform_compound",
        "Decay_compound",
        "Shell_daughter",
        "Spin_daughter",
        "Deform_daughter",
        "Decay_daughter",
        "ERG"
      ],
      "best_params": {
        "n_estimators": 1600,
        "max_depth": 75,
        "min_samples_leaf": 1,
        "max_features": 0.75
      }
    },
    {
      "n_features": 38,
      "mse": 0.0011301204266280182,
      "kept_cols": [
        "Z",
        "A",
        "N",
        "ME",
        "BEA",
        "BEA_A",
        "AM",
        "Sn",
        "S2n",
        "Sp",
        "S2p",
        "Radius",
        "Decay_Const",
        "gamma_deformation",
        "octopole_deformation",
        "rms_radius",
        "n_rms_radius",
        "p_rms_radius",
        "n_chem_erg",
        "p_chem_erg",
        "S2p_compound",
        "Radius_compound",
        "ME_compound",
        "BEA_A_compound",
        "Sn_daughter",
        "S2n_daughter",
        "Radius_daughter",
        "BEA_daughter",
        "BEA_A_daughter",
        "Shell_compound",
        "Spin_compound",
        "Deform_compound",
        "Decay_compound",
        "Shell_daughter",
        "Spin_daughter",
        "Deform_daughter",
        "Decay_daughter",
        "ERG"
      ],
      "best_params": {
        "n_estimators": 1600,
        "max_depth": 75,
        "min_samples_leaf": 1,
        "max_features": 0.75
      }
    },
    {
      "n_features": 37,
      "mse": 0.0011793503278853333,
      "kept_cols": [
        "Z",
        "A",
        "N",
        "ME",
        "BEA",
        "BEA_A",
        "AM",
        "Sn",
        "S2n",
        "Sp",
        "S2p",
        "Radius",
        "Decay_Const",
        "gamma_deformation",
        "octopole_deformation",
        "rms_radius",
        "n_rms_radius",
        "p_rms_radius",
        "n_chem_erg",
        "S2p_compound",
        "Radius_compound",
        "ME_compound",
        "BEA_A_compound",
        "Sn_daughter",
        "S2n_daughter",
        "Radius_daughter",
        "BEA_daughter",
        "BEA_A_daughter",
        "Shell_compound",
        "Spin_compound",
        "Deform_compound",
        "Decay_compound",
        "Shell_daughter",
        "Spin_daughter",
        "Deform_daughter",
        "Decay_daughter",
        "ERG"
      ],
      "best_params": {
        "n_estimators": 200,
        "max_depth": 75,
        "min_samples_leaf": 1,
        "max_features": 0.75
      }
    },
    {
      "n_features": 36,
      "mse": 0.0011535595264145313,
      "kept_cols": [
        "Z",
        "A",
        "N",
        "ME",
        "BEA",
        "BEA_A",
        "AM",
        "Sn",
        "S2n",
        "Sp",
        "S2p",
        "Radius",
        "Decay_Const",
        "gamma_deformation",
        "octopole_deformation",
        "rms_radius",
        "n_rms_radius",
        "p_rms_radius",
        "n_chem_erg",
        "S2p_compound",
        "Radius_compound",
        "ME_compound",
        "BEA_A_compound",
        "Sn_daughter",
        "S2n_daughter",
        "Radius_daughter",
        "BEA_daughter",
        "BEA_A_daughter",
        "Shell_compound",
        "Spin_compound",
        "Deform_compound",
        "Decay_compound",
        "Shell_daughter",
        "Spin_daughter",
        "Decay_daughter",
        "ERG"
      ],
      "best_params": {
        "n_estimators": 1500,
        "max_depth": 75,
        "min_samples_leaf": 1,
        "max_features": 0.75
      }
    },
    {
      "n_features": 35,
      "mse": 0.001144479043334139,
      "kept_cols": [
        "Z",
        "A",
        "N",
        "ME",
        "BEA",
        "BEA_A",
        "AM",
        "Sn",
        "S2n",
        "Sp",
        "S2p",
        "Radius",
        "Decay_Const",
        "octopole_deformation",
        "rms_radius",
        "n_rms_radius",
        "p_rms_radius",
        "n_chem_erg",
        "S2p_compound",
        "Radius_compound",
        "ME_compound",
        "BEA_A_compound",
        "Sn_daughter",
        "S2n_daughter",
        "Radius_daughter",
        "BEA_daughter",
        "BEA_A_daughter",
        "Shell_compound",
        "Spin_compound",
        "Deform_compound",
        "Decay_compound",
        "Shell_daughter",
        "Spin_daughter",
        "Decay_daughter",
        "ERG"
      ],
      "best_params": {
        "n_estimators": 1500,
        "max_depth": 75,
        "min_samples_leaf": 1,
        "max_features": 0.75
      }
    },
    {
      "n_features": 34,
      "mse": 0.0011249659439553665,
      "kept_cols": [
        "Z",
        "A",
        "N",
        "ME",
        "BEA",
        "BEA_A",
        "AM",
        "Sn",
        "S2n",
        "Sp",
        "S2p",
        "Radius",
        "Decay_Const",
        "octopole_deformation",
        "rms_radius",
        "n_rms_radius",
        "p_rms_radius",
        "n_chem_erg",
        "S2p_compound",
        "Radius_compound",
        "ME_compound",
        "BEA_A_compound",
        "Sn_daughter",
        "S2n_daughter",
        "Radius_daughter",
        "BEA_daughter",
        "BEA_A_daughter",
        "Shell_compound",
        "Spin_compound",
        "Deform_compound",
        "Decay_compound",
        "Spin_daughter",
        "Decay_daughter",
        "ERG"
      ],
      "best_params": {
        "n_estimators": 1600,
        "max_depth": 75,
        "min_samples_leaf": 1,
        "max_features": 0.75
      }
    },
    {
      "n_features": 33,
      "mse": 0.0011182160227572301,
      "kept_cols": [
        "Z",
        "A",
        "N",
        "ME",
        "BEA",
        "BEA_A",
        "AM",
        "Sn",
        "S2n",
        "Sp",
        "S2p",
        "Radius",
        "Decay_Const",
        "octopole_deformation",
        "rms_radius",
        "n_rms_radius",
        "p_rms_radius",
        "n_chem_erg",
        "S2p_compound",
        "Radius_compound",
        "ME_compound",
        "BEA_A_compound",
        "Sn_daughter",
        "Radius_daughter",
        "BEA_daughter",
        "BEA_A_daughter",
        "Shell_compound",
        "Spin_compound",
        "Deform_compound",
        "Decay_compound",
        "Spin_daughter",
        "Decay_daughter",
        "ERG"
      ],
      "best_params": {
        "n_estimators": 1000,
        "max_depth": 80,
        "min_samples_leaf": 1,
        "max_features": 0.75
      }
    },
    {
      "n_features": 32,
      "mse": 0.001114469413017678,
      "kept_cols": [
        "Z",
        "A",
        "N",
        "ME",
        "BEA",
        "BEA_A",
        "AM",
        "Sn",
        "S2n",
        "Sp",
        "S2p",
        "Radius",
        "Decay_Const",
        "octopole_deformation",
        "rms_radius",
        "n_rms_radius",
        "p_rms_radius",
        "n_chem_erg",
        "S2p_compound",
        "Radius_compound",
        "ME_compound",
        "BEA_A_compound",
        "Sn_daughter",
        "Radius_daughter",
        "BEA_daughter",
        "BEA_A_daughter",
        "Spin_compound",
        "Deform_compound",
        "Decay_compound",
        "Spin_daughter",
        "Decay_daughter",
        "ERG"
      ],
      "best_params": {
        "n_estimators": 1600,
        "max_depth": 75,
        "min_samples_leaf": 1,
        "max_features": 0.75
      }
    },
    {
      "n_features": 31,
      "mse": 0.0011043012681340573,
      "kept_cols": [
        "Z",
        "A",
        "N",
        "ME",
        "BEA",
        "BEA_A",
        "AM",
        "Sn",
        "S2n",
        "Sp",
        "S2p",
        "Radius",
        "Decay_Const",
        "octopole_deformation",
        "rms_radius",
        "n_rms_radius",
        "p_rms_radius",
        "n_chem_erg",
        "S2p_compound",
        "Radius_compound",
        "BEA_A_compound",
        "Sn_daughter",
        "Radius_daughter",
        "BEA_daughter",
        "BEA_A_daughter",
        "Spin_compound",
        "Deform_compound",
        "Decay_compound",
        "Spin_daughter",
        "Decay_daughter",
        "ERG"
      ],
      "best_params": {
        "n_estimators": 1500,
        "max_depth": 75,
        "min_samples_leaf": 1,
        "max_features": 0.75
      }
    },
    {
      "n_features": 30,
      "mse": 0.0010951872255760896,
      "kept_cols": [
        "Z",
        "A",
        "N",
        "ME",
        "BEA",
        "BEA_A",
        "AM",
        "Sn",
        "S2n",
        "Sp",
        "S2p",
        "Radius",
        "Decay_Const",
        "octopole_deformation",
        "rms_radius",
        "n_rms_radius",
        "p_rms_radius",
        "n_chem_erg",
        "Radius_compound",
        "BEA_A_compound",
        "Sn_daughter",
        "Radius_daughter",
        "BEA_daughter",
        "BEA_A_daughter",
        "Spin_compound",
        "Deform_compound",
        "Decay_compound",
        "Spin_daughter",
        "Decay_daughter",
        "ERG"
      ],
      "best_params": {
        "n_estimators": 1600,
        "max_depth": 75,
        "min_samples_leaf": 1,
        "max_features": 0.75
      }
    },
    {
      "n_features": 29,
      "mse": 0.0010850476648101082,
      "kept_cols": [
        "Z",
        "A",
        "N",
        "ME",
        "BEA",
        "BEA_A",
        "AM",
        "Sn",
        "S2n",
        "Sp",
        "S2p",
        "Radius",
        "Decay_Const",
        "octopole_deformation",
        "rms_radius",
        "n_rms_radius",
        "p_rms_radius",
        "n_chem_erg",
        "Radius_compound",
        "BEA_A_compound",
        "Sn_daughter",
        "Radius_daughter",
        "BEA_daughter",
        "BEA_A_daughter",
        "Spin_compound",
        "Deform_compound",
        "Decay_compound",
        "Spin_daughter",
        "ERG"
      ],
      "best_params": {
        "n_estimators": 1600,
        "max_depth": 75,
        "min_samples_leaf": 1,
        "max_features": 0.75
      }
    },
    {
      "n_features": 28,
      "mse": 0.001101273681898106,
      "kept_cols": [
        "Z",
        "A",
        "N",
        "ME",
        "BEA",
        "BEA_A",
        "AM",
        "Sn",
        "S2n",
        "Sp",
        "S2p",
        "Radius",
        "Decay_Const",
        "octopole_deformation",
        "rms_radius",
        "n_rms_radius",
        "p_rms_radius",
        "n_chem_erg",
        "Radius_compound",
        "BEA_A_compound",
        "Sn_daughter",
        "Radius_daughter",
        "BEA_daughter",
        "BEA_A_daughter",
        "Spin_compound",
        "Decay_compound",
        "Spin_daughter",
        "ERG"
      ],
      "best_params": {
        "n_estimators": 1500,
        "max_depth": 75,
        "min_samples_leaf": 1,
        "max_features": 0.75
      }
    },
    {
      "n_features": 27,
      "mse": 0.0010935701193075826,
      "kept_cols": [
        "Z",
        "A",
        "N",
        "ME",
        "BEA",
        "BEA_A",
        "AM",
        "Sn",
        "S2n",
        "Sp",
        "S2p",
        "Radius",
        "Decay_Const",
        "octopole_deformation",
        "rms_radius",
        "n_rms_radius",
        "p_rms_radius",
        "n_chem_erg",
        "Radius_compound",
        "BEA_A_compound",
        "Sn_daughter",
        "Radius_daughter",
        "BEA_daughter",
        "BEA_A_daughter",
        "Spin_compound",
        "Spin_daughter",
        "ERG"
      ],
      "best_params": {
        "n_estimators": 200,
        "max_depth": 75,
        "min_samples_leaf": 1,
        "max_features": 0.75
      }
    },
    {
      "n_features": 26,
      "mse": 0.0010987745189501529,
      "kept_cols": [
        "Z",
        "A",
        "N",
        "ME",
        "BEA",
        "BEA_A",
        "AM",
        "Sn",
        "S2n",
        "Sp",
        "Radius",
        "Decay_Const",
        "octopole_deformation",
        "rms_radius",
        "n_rms_radius",
        "p_rms_radius",
        "n_chem_erg",
        "Radius_compound",
        "BEA_A_compound",
        "Sn_daughter",
        "Radius_daughter",
        "BEA_daughter",
        "BEA_A_daughter",
        "Spin_compound",
        "Spin_daughter",
        "ERG"
      ],
      "best_params": {
        "n_estimators": 1000,
        "max_depth": 80,
        "min_samples_leaf": 1,
        "max_features": 0.75
      }
    },
    {
      "n_features": 25,
      "mse": 0.0010930870978706573,
      "kept_cols": [
        "Z",
        "A",
        "N",
        "ME",
        "BEA",
        "BEA_A",
        "AM",
        "Sn",
        "S2n",
        "Sp",
        "Radius",
        "Decay_Const",
        "octopole_deformation",
        "rms_radius",
        "n_rms_radius",
        "p_rms_radius",
        "n_chem_erg",
        "Radius_compound",
        "BEA_A_compound",
        "Sn_daughter",
        "Radius_daughter",
        "BEA_A_daughter",
        "Spin_compound",
        "Spin_daughter",
        "ERG"
      ],
      "best_params": {
        "n_estimators": 1500,
        "max_depth": 75,
        "min_samples_leaf": 1,
        "max_features": 0.75
      }
    },
    {
      "n_features": 24,
      "mse": 0.0011404853109914519,
      "kept_cols": [
        "Z",
        "A",
        "N",
        "ME",
        "BEA",
        "BEA_A",
        "AM",
        "Sn",
        "S2n",
        "Sp",
        "Radius",
        "Decay_Const",
        "octopole_deformation",
        "rms_radius",
        "n_rms_radius",
        "p_rms_radius",
        "n_chem_erg",
        "Radius_compound",
        "BEA_A_compound",
        "Sn_daughter",
        "Radius_daughter",
        "BEA_A_daughter",
        "Spin_daughter",
        "ERG"
      ],
      "best_params": {
        "n_estimators": 1500,
        "max_depth": 75,
        "min_samples_leaf": 1,
        "max_features": 0.75
      }
    },
    {
      "n_features": 23,
      "mse": 0.0011327532441953838,
      "kept_cols": [
        "A",
        "N",
        "ME",
        "BEA",
        "BEA_A",
        "AM",
        "Sn",
        "S2n",
        "Sp",
        "Radius",
        "Decay_Const",
        "octopole_deformation",
        "rms_radius",
        "n_rms_radius",
        "p_rms_radius",
        "n_chem_erg",
        "Radius_compound",
        "BEA_A_compound",
        "Sn_daughter",
        "Radius_daughter",
        "BEA_A_daughter",
        "Spin_daughter",
        "ERG"
      ],
      "best_params": {
        "n_estimators": 1500,
        "max_depth": 75,
        "min_samples_leaf": 1,
        "max_features": 0.75
      }
    },
    {
      "n_features": 22,
      "mse": 0.0011075121476675103,
      "kept_cols": [
        "A",
        "N",
        "ME",
        "BEA",
        "BEA_A",
        "AM",
        "Sn",
        "S2n",
        "Sp",
        "Radius",
        "Decay_Const",
        "octopole_deformation",
        "rms_radius",
        "n_rms_radius",
        "p_rms_radius",
        "n_chem_erg",
        "Radius_compound",
        "BEA_A_compound",
        "Radius_daughter",
        "BEA_A_daughter",
        "Spin_daughter",
        "ERG"
      ],
      "best_params": {
        "n_estimators": 1600,
        "max_depth": 75,
        "min_samples_leaf": 1,
        "max_features": 0.75
      }
    },
    {
      "n_features": 21,
      "mse": 0.0011135281778235525,
      "kept_cols": [
        "A",
        "N",
        "ME",
        "BEA",
        "BEA_A",
        "AM",
        "Sn",
        "S2n",
        "Radius",
        "Decay_Const",
        "octopole_deformation",
        "rms_radius",
        "n_rms_radius",
        "p_rms_radius",
        "n_chem_erg",
        "Radius_compound",
        "BEA_A_compound",
        "Radius_daughter",
        "BEA_A_daughter",
        "Spin_daughter",
        "ERG"
      ],
      "best_params": {
        "n_estimators": 1600,
        "max_depth": 75,
        "min_samples_leaf": 1,
        "max_features": 0.75
      }
    },
    {
      "n_features": 20,
      "mse": 0.0011502267257485449,
      "kept_cols": [
        "A",
        "N",
        "ME",
        "BEA",
        "BEA_A",
        "AM",
        "Sn",
        "S2n",
        "Radius",
        "Decay_Const",
        "octopole_deformation",
        "rms_radius",
        "n_rms_radius",
        "p_rms_radius",
        "n_chem_erg",
        "Radius_compound",
        "BEA_A_compound",
        "Radius_daughter",
        "BEA_A_daughter",
        "ERG"
      ],
      "best_params": {
        "n_estimators": 1500,
        "max_depth": 75,
        "min_samples_leaf": 1,
        "max_features": 0.75
      }
    },
    {
      "n_features": 19,
      "mse": 0.0011344567407770153,
      "kept_cols": [
        "A",
        "N",
        "ME",
        "BEA_A",
        "AM",
        "Sn",
        "S2n",
        "Radius",
        "Decay_Const",
        "octopole_deformation",
        "rms_radius",
        "n_rms_radius",
        "p_rms_radius",
        "n_chem_erg",
        "Radius_compound",
        "BEA_A_compound",
        "Radius_daughter",
        "BEA_A_daughter",
        "ERG"
      ],
      "best_params": {
        "n_estimators": 1500,
        "max_depth": 75,
        "min_samples_leaf": 1,
        "max_features": 0.75
      }
    },
    {
      "n_features": 18,
      "mse": 0.0011363257705780234,
      "kept_cols": [
        "A",
        "N",
        "ME",
        "BEA_A",
        "AM",
        "Sn",
        "S2n",
        "Radius",
        "Decay_Const",
        "octopole_deformation",
        "rms_radius",
        "n_rms_radius",
        "p_rms_radius",
        "n_chem_erg",
        "BEA_A_compound",
        "Radius_daughter",
        "BEA_A_daughter",
        "ERG"
      ],
      "best_params": {
        "n_estimators": 1500,
        "max_depth": 75,
        "min_samples_leaf": 1,
        "max_features": 0.75
      }
    },
    {
      "n_features": 17,
      "mse": 0.001140039405388849,
      "kept_cols": [
        "A",
        "N",
        "ME",
        "BEA_A",
        "AM",
        "Sn",
        "S2n",
        "Radius",
        "octopole_deformation",
        "rms_radius",
        "n_rms_radius",
        "p_rms_radius",
        "n_chem_erg",
        "BEA_A_compound",
        "Radius_daughter",
        "BEA_A_daughter",
        "ERG"
      ],
      "best_params": {
        "n_estimators": 1500,
        "max_depth": 75,
        "min_samples_leaf": 1,
        "max_features": 0.75
      }
    },
    {
      "n_features": 16,
      "mse": 0.0011815362620809758,
      "kept_cols": [
        "A",
        "N",
        "ME",
        "BEA_A",
        "AM",
        "Sn",
        "S2n",
        "Radius",
        "octopole_deformation",
        "rms_radius",
        "n_rms_radius",
        "n_chem_erg",
        "BEA_A_compound",
        "Radius_daughter",
        "BEA_A_daughter",
        "ERG"
      ],
      "best_params": {
        "n_estimators": 1500,
        "max_depth": 75,
        "min_samples_leaf": 1,
        "max_features": 0.75
      }
    },
    {
      "n_features": 15,
      "mse": 0.0011624615670274773,
      "kept_cols": [
        "A",
        "N",
        "ME",
        "BEA_A",
        "AM",
        "Sn",
        "S2n",
        "Radius",
        "octopole_deformation",
        "n_rms_radius",
        "n_chem_erg",
        "BEA_A_compound",
        "Radius_daughter",
        "BEA_A_daughter",
        "ERG"
      ],
      "best_params": {
        "n_estimators": 1500,
        "max_depth": 75,
        "min_samples_leaf": 1,
        "max_features": 0.75
      }
    },
    {
      "n_features": 14,
      "mse": 0.0011648474716109785,
      "kept_cols": [
        "A",
        "N",
        "ME",
        "BEA_A",
        "AM",
        "Sn",
        "S2n",
        "Radius",
        "octopole_deformation",
        "n_rms_radius",
        "BEA_A_compound",
        "Radius_daughter",
        "BEA_A_daughter",
        "ERG"
      ],
      "best_params": {
        "n_estimators": 1600,
        "max_depth": 75,
        "min_samples_leaf": 1,
        "max_features": 0.75
      }
    },
    {
      "n_features": 13,
      "mse": 0.0011580041557173455,
      "kept_cols": [
        "N",
        "ME",
        "BEA_A",
        "AM",
        "Sn",
        "S2n",
        "Radius",
        "octopole_deformation",
        "n_rms_radius",
        "BEA_A_compound",
        "Radius_daughter",
        "BEA_A_daughter",
        "ERG"
      ],
      "best_params": {
        "n_estimators": 1500,
        "max_depth": 75,
        "min_samples_leaf": 1,
        "max_features": 0.75
      }
    },
    {
      "n_features": 12,
      "mse": 0.0012248563126430374,
      "kept_cols": [
        "N",
        "BEA_A",
        "AM",
        "Sn",
        "S2n",
        "Radius",
        "octopole_deformation",
        "n_rms_radius",
        "BEA_A_compound",
        "Radius_daughter",
        "BEA_A_daughter",
        "ERG"
      ],
      "best_params": {
        "n_estimators": 1600,
        "max_depth": 75,
        "min_samples_leaf": 1,
        "max_features": 0.75
      }
    },
    {
      "n_features": 11,
      "mse": 0.0011986389947842805,
      "kept_cols": [
        "N",
        "BEA_A",
        "AM",
        "Sn",
        "S2n",
        "Radius",
        "octopole_deformation",
        "n_rms_radius",
        "Radius_daughter",
        "BEA_A_daughter",
        "ERG"
      ],
      "best_params": {
        "n_estimators": 1600,
        "max_depth": 75,
        "min_samples_leaf": 1,
        "max_features": 0.75
      }
    },
    {
      "n_features": 10,
      "mse": 0.001194657843506905,
      "kept_cols": [
        "N",
        "BEA_A",
        "AM",
        "Sn",
        "S2n",
        "Radius",
        "octopole_deformation",
        "n_rms_radius",
        "BEA_A_daughter",
        "ERG"
      ],
      "best_params": {
        "n_estimators": 1500,
        "max_depth": 75,
        "min_samples_leaf": 1,
        "max_features": 0.75
      }
    },
    {
      "n_features": 9,
      "mse": 0.0011804464167540802,
      "kept_cols": [
        "N",
        "BEA_A",
        "AM",
        "Sn",
        "S2n",
        "Radius",
        "n_rms_radius",
        "BEA_A_daughter",
        "ERG"
      ],
      "best_params": {
        "n_estimators": 1500,
        "max_depth": 75,
        "min_samples_leaf": 1,
        "max_features": 0.75
      }
    },
    {
      "n_features": 8,
      "mse": 0.0013714537691512508,
      "kept_cols": [
        "N",
        "BEA_A",
        "AM",
        "Sn",
        "Radius",
        "n_rms_radius",
        "BEA_A_daughter",
        "ERG"
      ],
      "best_params": {
        "n_estimators": 1100,
        "max_depth": 75,
        "min_samples_leaf": 1,
        "max_features": 0.5
      }
    },
    {
      "n_features": 7,
      "mse": 0.001353129106839089,
      "kept_cols": [
        "N",
        "BEA_A",
        "AM",
        "Sn",
        "n_rms_radius",
        "BEA_A_daughter",
        "ERG"
      ],
      "best_params": {
        "n_estimators": 1500,
        "max_depth": 55,
        "min_samples_leaf": 1,
        "max_features": 0.5
      }
    },
    {
      "n_features": 6,
      "mse": 0.0014255603410249407,
      "kept_cols": [
        "BEA_A",
        "AM",
        "Sn",
        "n_rms_radius",
        "BEA_A_daughter",
        "ERG"
      ],
      "best_params": {
        "n_estimators": 1100,
        "max_depth": 50,
        "min_samples_leaf": 1,
        "max_features": 0.5
      }
    },
    {
      "n_features": 5,
      "mse": 0.0013578579576591294,
      "kept_cols": [
        "BEA_A",
        "AM",
        "Sn",
        "BEA_A_daughter",
        "ERG"
      ],
      "best_params": {
        "n_estimators": 1500,
        "max_depth": 55,
        "min_samples_leaf": 1,
        "max_features": 0.5
      }
    },
    {
      "n_features": 4,
      "mse": 0.003121368613092045,
      "kept_cols": [
        "BEA_A",
        "AM",
        "BEA_A_daughter",
        "ERG"
      ],
      "best_params": {
        "n_estimators": 1600,
        "max_depth": 70,
        "min_samples_leaf": 1,
        "max_features": 0.25
      }
    }
  ],
  "total": 60
}