{
  "cols": [
    "S2n",
    "n_rms_radius",
    "ERG"
  ],
  "best_mse": 0.001086284132210851,
  "best_features": [
    "BEA_A",
    "Sn",
    "S2n",
    "Radius",
    "n_rms_radius",
    "n_chem_erg",
    "BEA_A_daughter",
    "ERG"
  ],
  "history": [
    {
      "n_features": 60,
      "mse": 0.0011448549286750282,
      "kept_cols": [
        "Z",
        "A",
        "N",
        "ME",
        "BEA",
        "BEA_A",
        "AM",
        "Sn",
        "S2n",
        "Sp",
        "S2p",
        "Radius",
        "Pairing",
        "Shell",
        "Spin",
        "Parity",
        "Deform",
        "Decay_Const",
        "Z_even",
        "A_even",
        "N_even",
        "beta_deformation",
        "gamma_deformation",
        "octopole_deformation",
        "rms_radius",
        "n_rms_radius",
        "p_rms_radius",
        "n_gap_erg",
        "p_gap_erg",
        "n_chem_erg",
        "p_chem_erg",
        "Sn_compound",
        "S2n_compound",
        "Sp_compound",
        "S2p_compound",
        "Radius_compound",
        "ME_compound",
        "BEA_compound",
        "BEA_A_compound",
        "Sn_daughter",
        "S2n_daughter",
        "Sp_daughter",
        "S2p_daughter",
        "Radius_daughter",
        "ME_daughter",
        "BEA_daughter",
        "BEA_A_daughter",
        "Pairing_compound",
        "Shell_compound",
        "Spin_compound",
        "Parity_compound",
        "Deform_compound",
        "Decay_compound",
        "Pairing_daughter",
        "Shell_daughter",
        "Spin_daughter",
        "Parity_daughter",
        "Deform_daughter",
        "Decay_daughter",
        "ERG"
      ],
      "best_params": {
        "n_estimators": 1600,
        "max_depth": 75,
        "min_samples_leaf": 1,
        "max_features": 0.75
      }
    },
    {
      "n_features": 59,
      "mse": 0.001137166014536255,
      "kept_cols": [
        "Z",
        "A",
        "N",
        "ME",
        "BEA",
        "BEA_A",
        "AM",
        "Sn",
        "S2n",
        "Sp",
        "S2p",
        "Radius",
        "Pairing",
        "Shell",
        "Spin",
        "Parity",
        "Deform",
        "Decay_Const",
        "Z_even",
        "A_even",
        "N_even",
        "beta_deformation",
        "gamma_deformation",
        "rms_radius",
        "n_rms_radius",
        "p_rms_radius",
        "n_gap_erg",
        "p_gap_erg",
        "n_chem_erg",
        "p_chem_erg",
        "Sn_compound",
        "S2n_compound",
        "Sp_compound",
        "S2p_compound",
        "Radius_compound",
        "ME_compound",
        "BEA_compound",
        "BEA_A_compound",
        "Sn_daughter",
        "S2n_daughter",
        "Sp_daughter",
        "S2p_daughter",
        "Radius_daughter",
        "ME_daughter",
        "BEA_daughter",
        "BEA_A_daughter",
        "Pairing_compound",
        "Shell_compound",
        "Spin_compound",
        "Parity_compound",
        "Deform_compound",
        "Decay_compound",
        "Pairing_daughter",
        "Shell_daughter",
        "Spin_daughter",
        "Parity_daughter",
        "Deform_daughter",
        "Decay_daughter",
        "ERG"
      ],
      "best_params": {
        "n_estimators": 1600,
        "max_depth": 75,
        "min_samples_leaf": 1,
        "max_features": 0.75
      }
    },
    {
      "n_features": 58,
      "mse": 0.0011489967725281482,
      "kept_cols": [
        "Z",
        "A",
        "N",
        "ME",
        "BEA",
        "BEA_A",
        "AM",
        "Sn",
        "S2n",
        "Sp",
        "S2p",
        "Radius",
        "Pairing",
        "Shell",
        "Spin",
        "Parity",
        "Deform",
        "Decay_Const",
        "Z_even",
        "N_even",
        "beta_deformation",
        "gamma_deformation",
        "rms_radius",
        "n_rms_radius",
        "p_rms_radius",
        "n_gap_erg",
        "p_gap_erg",
        "n_chem_erg",
        "p_chem_erg",
        "Sn_compound",
        "S2n_compound",
        "Sp_compound",
        "S2p_compound",
        "Radius_compound",
        "ME_compound",
        "BEA_compound",
        "BEA_A_compound",
        "Sn_daughter",
        "S2n_daughter",
        "Sp_daughter",
        "S2p_daughter",
        "Radius_daughter",
        "ME_daughter",
        "BEA_daughter",
        "BEA_A_daughter",
        "Pairing_compound",
        "Shell_compound",
        "Spin_compound",
        "Parity_compound",
        "Deform_compound",
        "Decay_compound",
        "Pairing_daughter",
        "Shell_daughter",
        "Spin_daughter",
        "Parity_daughter",
        "Deform_daughter",
        "Decay_daughter",
        "ERG"
      ],
      "best_params": {
        "n_estimators": 1500,
        "max_depth": 75,
        "min_samples_leaf": 1,
        "max_features": 0.75
      }
    },
    {
      "n_features": 57,
      "mse": 0.001138954552078764,
      "kept_cols": [
        "Z",
        "A",
        "N",
        "ME",
        "BEA",
        "BEA_A",
        "AM",
        "Sn",
        "S2n",
        "Sp",
        "S2p",
        "Radius",
        "Pairing",
        "Shell",
        "Spin",
        "Parity",
        "Deform",
        "Decay_Const",
        "Z_even",
        "N_even",
        "beta_deformation",
        "gamma_deformation",
        "rms_radius",
        "n_rms_radius",
        "p_rms_radius",
        "n_gap_erg",
        "p_gap_erg",
        "n_chem_erg",
        "p_chem_erg",
        "Sn_compound",
        "S2n_compound",
        "Sp_compound",
        "S2p_compound",
        "Radius_compound",
        "ME_compound",
        "BEA_compound",
        "BEA_A_compound",
        "Sn_daughter",
        "S2n_daughter",
        "Sp_daughter",
        "S2p_daughter",
        "Radius_daughter",
        "ME_daughter",
        "BEA_daughter",
        "BEA_A_daughter",
        "Pairing_compound",
        "Shell_compound",
        "Spin_compound",
        "Deform_compound",
        "Decay_compound",
        "Pairing_daughter",
        "Shell_daughter",
        "Spin_daughter",
        "Parity_daughter",
        "Deform_daughter",
        "Decay_daughter",
        "ERG"
      ],
      "best_params": {
        "n_estimators": 1500,
        "max_depth": 75,
        "min_samples_leaf": 1,
        "max_features": 0.75
      }
    },
    {
      "n_features": 56,
      "mse": 0.0011406102734256849,
      "kept_cols": [
        "Z",
        "A",
        "N",
        "ME",
        "BEA",
        "BEA_A",
        "AM",
        "Sn",
        "S2n",
        "Sp",
        "S2p",
        "Radius",
        "Pairing",
        "Shell",
        "Spin",
        "Parity",
        "Deform",
        "Decay_Const",
        "Z_even",
        "N_even",
        "beta_deformation",
        "gamma_deformation",
        "rms_radius",
        "n_rms_radius",
        "p_rms_radius",
        "n_gap_erg",
        "p_gap_erg",
        "n_chem_erg",
        "p_chem_erg",
        "Sn_compound",
        "S2n_compound",
        "Sp_compound",
        "S2p_compound",
        "Radius_compound",
        "ME_compound",
        "BEA_compound",
        "BEA_A_compound",
        "Sn_daughter",
        "S2n_daughter",
        "Sp_daughter",
        "S2p_daughter",
        "Radius_daughter",
        "ME_daughter",
        "BEA_daughter",
        "BEA_A_daughter",
        "Pairing_compound",
        "Shell_compound",
        "Spin_compound",
        "Deform_compound",
        "Decay_compound",
        "Pairing_daughter",
        "Shell_daughter",
        "Spin_daughter",
        "Deform_daughter",
        "Decay_daughter",
        "ERG"
      ],
      "best_params": {
        "n_estimators": 1600,
        "max_depth": 75,
        "min_samples_leaf": 1,
        "max_features": 0.75
      }
    },
    {
      "n_features": 55,
      "mse": 0.0011421649688431498,
      "kept_cols": [
        "Z",
        "A",
        "N",
        "ME",
        "BEA",
        "BEA_A",
        "AM",
        "Sn",
        "S2n",
        "Sp",
        "S2p",
        "Radius",
        "Pairing",
        "Shell",
        "Spin",
        "Parity",
        "Deform",
        "Decay_Const",
        "Z_even",
        "N_even",
        "beta_deformation",
        "gamma_deformation",
        "rms_radius",
        "n_rms_radius",
        "p_rms_radius",
        "n_gap_erg",
        "p_gap_erg",
        "n_chem_erg",
        "p_chem_erg",
        "Sn_compound",
        "S2n_compound",
        "Sp_compound",
        "S2p_compound",
        "Radius_compound",
        "ME_compound",
        "BEA_compound",
        "BEA_A_compound",
        "Sn_daughter",
        "S2n_daughter",
        "Sp_daughter",
        "S2p_daughter",
        "Radius_daughter",
        "ME_daughter",
        "BEA_daughter",
        "BEA_A_daughter",
        "Pairing_compound",
        "Shell_compound",
        "Spin_compound",
        "Deform_compound",
        "Decay_compound",
        "Shell_daughter",
        "Spin_daughter",
        "Deform_daughter",
        "Decay_daughter",
        "ERG"
      ],
      "best_params": {
        "n_estimators": 1500,
        "max_depth": 75,
        "min_samples_leaf": 1,
        "max_features": 0.75
      }
    },
    {
      "n_features": 54,
      "mse": 0.0011327376405634558,
      "kept_cols": [
        "Z",
        "A",
        "N",
        "ME",
        "BEA",
        "BEA_A",
        "AM",
        "Sn",
        "S2n",
        "Sp",
        "S2p",
        "Radius",
        "Pairing",
        "Shell",
        "Spin",
        "Deform",
        "Decay_Const",
        "Z_even",
        "N_even",
        "beta_deformation",
        "gamma_deformation",
        "rms_radius",
        "n_rms_radius",
        "p_rms_radius",
        "n_gap_erg",
        "p_gap_erg",
        "n_chem_erg",
        "p_chem_erg",
        "Sn_compound",
        "S2n_compound",
        "Sp_compound",
        "S2p_compound",
        "Radius_compound",
        "ME_compound",
        "BEA_compound",
        "BEA_A_compound",
        "Sn_daughter",
        "S2n_daughter",
        "Sp_daughter",
        "S2p_daughter",
        "Radius_daughter",
        "ME_daughter",
        "BEA_daughter",
        "BEA_A_daughter",
        "Pairing_compound",
        "Shell_compound",
        "Spin_compound",
        "Deform_compound",
        "Decay_compound",
        "Shell_daughter",
        "Spin_daughter",
        "Deform_daughter",
        "Decay_daughter",
        "ERG"
      ],
      "best_params": {
        "n_estimators": 1600,
        "max_depth": 75,
        "min_samples_leaf": 1,
        "max_features": 0.75
      }
    },
    {
      "n_features": 53,
      "mse": 0.0011222447881482527,
      "kept_cols": [
        "Z",
        "A",
        "N",
        "ME",
        "BEA",
        "BEA_A",
        "AM",
        "Sn",
        "S2n",
        "Sp",
        "S2p",
        "Radius",
        "Pairing",
        "Shell",
        "Spin",
        "Deform",
        "Decay_Const",
        "Z_even",
        "N_even",
        "beta_deformation",
        "gamma_deformation",
        "rms_radius",
        "n_rms_radius",
        "p_rms_radius",
        "n_gap_erg",
        "p_gap_erg",
        "n_chem_erg",
        "p_chem_erg",
        "Sn_compound",
        "S2n_compound",
        "Sp_compound",
        "S2p_compound",
        "Radius_compound",
        "ME_compound",
        "BEA_compound",
        "BEA_A_compound",
        "Sn_daughter",
        "S2n_daughter",
        "Sp_daughter",
        "S2p_daughter",
        "Radius_daughter",
        "ME_daughter",
        "BEA_daughter",
        "BEA_A_daughter",
        "Shell_compound",
        "Spin_compound",
        "Deform_compound",
        "Decay_compound",
        "Shell_daughter",
        "Spin_daughter",
        "Deform_daughter",
        "Decay_daughter",
        "ERG"
      ],
      "best_params": {
        "n_estimators": 1600,
        "max_depth": 75,
        "min_samples_leaf": 1,
        "max_features": 0.75
      }
    },
    {
      "n_features": 52,
      "mse": 0.001143309991595374,
      "kept_cols": [
        "Z",
        "A",
        "N",
        "ME",
        "BEA",
        "BEA_A",
        "AM",
        "Sn",
        "S2n",
        "Sp",
        "S2p",
        "Radius",
        "Shell",
        "Spin",
        "Deform",
        "Decay_Const",
        "Z_even",
        "N_even",
        "beta_deformation",
        "gamma_deformation",
        "rms_radius",
        "n_rms_radius",
        "p_rms_radius",
        "n_gap_erg",
        "p_gap_erg",
        "n_chem_erg",
        "p_chem_erg",
        "Sn_compound",
        "S2n_compound",
        "Sp_compound",
        "S2p_compound",
        "Radius_compound",
        "ME_compound",
        "BEA_compound",
        "BEA_A_compound",
        "Sn_daughter",
        "S2n_daughter",
        "Sp_daughter",
        "S2p_daughter",
        "Radius_daughter",
        "ME_daughter",
        "BEA_daughter",
        "BEA_A_daughter",
        "Shell_compound",
        "Spin_compound",
        "Deform_compound",
        "Decay_compound",
        "Shell_daughter",
        "Spin_daughter",
        "Deform_daughter",
        "Decay_daughter",
        "ERG"
      ],
      "best_params": {
        "n_estimators": 1600,
        "max_depth": 75,
        "min_samples_leaf": 1,
        "max_features": 0.75
      }
    },
    {
      "n_features": 51,
      "mse": 0.0011349195296421707,
      "kept_cols": [
        "Z",
        "A",
        "N",
        "ME",
        "BEA",
        "BEA_A",
        "AM",
        "Sn",
        "S2n",
        "Sp",
        "S2p",
        "Radius",
        "Shell",
        "Spin",
        "Deform",
        "Decay_Const",
        "Z_even",
        "N_even",
        "beta_deformation",
        "gamma_deformation",
        "rms_radius",
        "n_rms_radius",
        "p_rms_radius",
        "n_gap_erg",
        "p_gap_erg",
        "n_chem_erg",
        "p_chem_erg",
        "Sn_compound",
        "S2n_compound",
        "Sp_compound",
        "Radius_compound",
        "ME_compound",
        "BEA_compound",
        "BEA_A_compound",
        "Sn_daughter",
        "S2n_daughter",
        "Sp_daughter",
        "S2p_daughter",
        "Radius_daughter",
        "ME_daughter",
        "BEA_daughter",
        "BEA_A_daughter",
        "Shell_compound",
        "Spin_compound",
        "Deform_compound",
        "Decay_compound",
        "Shell_daughter",
        "Spin_daughter",
        "Deform_daughter",
        "Decay_daughter",
        "ERG"
      ],
      "best_params": {
        "n_estimators": 1500,
        "max_depth": 75,
        "min_samples_leaf": 1,
        "max_features": 0.75
      }
    },
    {
      "n_features": 50,
      "mse": 0.0011280879280093626,
      "kept_cols": [
        "Z",
        "A",
        "N",
        "ME",
        "BEA",
        "BEA_A",
        "AM",
        "Sn",
        "S2n",
        "Sp",
        "S2p",
        "Radius",
        "Shell",
        "Spin",
        "Deform",
        "Decay_Const",
        "Z_even",
        "N_even",
        "beta_deformation",
        "gamma_deformation",
        "rms_radius",
        "n_rms_radius",
        "p_rms_radius",
        "n_gap_erg",
        "p_gap_erg",
        "n_chem_erg",
        "p_chem_erg",
        "Sn_compound",
        "Sp_compound",
        "Radius_compound",
        "ME_compound",
        "BEA_compound",
        "BEA_A_compound",
        "Sn_daughter",
        "S2n_daughter",
        "Sp_daughter",
        "S2p_daughter",
        "Radius_daughter",
        "ME_daughter",
        "BEA_daughter",
        "BEA_A_daughter",
        "Shell_compound",
        "Spin_compound",
        "Deform_compound",
        "Decay_compound",
        "Shell_daughter",
        "Spin_daughter",
        "Deform_daughter",
        "Decay_daughter",
        "ERG"
      ],
      "best_params": {
        "n_estimators": 1600,
        "max_depth": 75,
        "min_samples_leaf": 1,
        "max_features": 0.75
      }
    },
    {
      "n_features": 49,
      "mse": 0.001121489084806844,
      "kept_cols": [
        "Z",
        "A",
        "N",
        "ME",
        "BEA",
        "BEA_A",
        "AM",
        "Sn",
        "S2n",
        "Sp",
        "S2p",
        "Radius",
        "Shell",
        "Spin",
        "Deform",
        "Decay_Const",
        "Z_even",
        "N_even",
        "beta_deformation",
        "gamma_deformation",
        "rms_radius",
        "n_rms_radius",
        "p_rms_radius",
        "n_gap_erg",
        "p_gap_erg",
        "n_chem_erg",
        "p_chem_erg",
        "Sn_compound",
        "Sp_compound",
        "Radius_compound",
        "ME_compound",
        "BEA_compound",
        "BEA_A_compound",
        "Sn_daughter",
        "S2n_daughter",
        "Sp_daughter",
        "Radius_daughter",
        "ME_daughter",
        "BEA_daughter",
        "BEA_A_daughter",
        "Shell_compound",
        "Spin_compound",
        "Deform_compound",
        "Decay_compound",
        "Shell_daughter",
        "Spin_daughter",
        "Deform_daughter",
        "Decay_daughter",
        "ERG"
      ],
      "best_params": {
        "n_estimators": 1500,
        "max_depth": 75,
        "min_samples_leaf": 1,
        "max_features": 0.75
      }
    },
    {
      "n_features": 48,
      "mse": 0.0011173735530709819,
      "kept_cols": [
        "A",
        "N",
        "ME",
        "BEA",
        "BEA_A",
        "AM",
        "Sn",
        "S2n",
        "Sp",
        "S2p",
        "Radius",
        "Shell",
        "Spin",
        "Deform",
        "Decay_Const",
        "Z_even",
        "N_even",
        "beta_deformation",
        "gamma_deformation",
        "rms_radius",
        "n_rms_radius",
        "p_rms_radius",
        "n_gap_erg",
        "p_gap_erg",
        "n_chem_erg",
        "p_chem_erg",
        "Sn_compound",
        "Sp_compound",
        "Radius_compound",
        "ME_compound",
        "BEA_compound",
        "BEA_A_compound",
        "Sn_daughter",
        "S2n_daughter",
        "Sp_daughter",
        "Radius_daughter",
        "ME_daughter",
        "BEA_daughter",
        "BEA_A_daughter",
        "Shell_compound",
        "Spin_compound",
        "Deform_compound",
        "Decay_compound",
        "Shell_daughter",
        "Spin_daughter",
        "Deform_daughter",
        "Decay_daughter",
        "ERG"
      ],
      "best_params": {
        "n_estimators": 1000,
        "max_depth": 80,
        "min_samples_leaf": 1,
        "max_features": 0.75
      }
    },
    {
      "n_features": 47,
      "mse": 0.0011306379771140662,
      "kept_cols": [
        "A",
        "N",
        "ME",
        "BEA",
        "BEA_A",
        "AM",
        "Sn",
        "S2n",
        "Sp",
        "S2p",
        "Radius",
        "Shell",
        "Spin",
        "Decay_Const",
        "Z_even",
        "N_even",
        "beta_deformation",
        "gamma_deformation",
        "rms_radius",
        "n_rms_radius",
        "p_rms_radius",
        "n_gap_erg",
        "p_gap_erg",
        "n_chem_erg",
        "p_chem_erg",
        "Sn_compound",
        "Sp_compound",
        "Radius_compound",
        "ME_compound",
        "BEA_compound",
        "BEA_A_compound",
        "Sn_daughter",
        "S2n_daughter",
        "Sp_daughter",
        "Radius_daughter",
        "ME_daughter",
        "BEA_daughter",
        "BEA_A_daughter",
        "Shell_compound",
        "Spin_compound",
        "Deform_compound",
        "Decay_compound",
        "Shell_daughter",
        "Spin_daughter",
        "Deform_daughter",
        "Decay_daughter",
        "ERG"
      ],
      "best_params": {
        "n_estimators": 1600,
        "max_depth": 75,
        "min_samples_leaf": 1,
        "max_features": 0.75
      }
    },
    {
      "n_features": 46,
      "mse": 0.001130971962044593,
      "kept_cols": [
        "A",
        "N",
        "ME",
        "BEA",
        "BEA_A",
        "AM",
        "Sn",
        "S2n",
        "Sp",
        "S2p",
        "Radius",
        "Shell",
        "Spin",
        "Decay_Const",
        "Z_even",
        "N_even",
        "beta_deformation",
        "gamma_deformation",
        "rms_radius",
        "n_rms_radius",
        "p_rms_radius",
        "n_gap_erg",
        "p_gap_erg",
        "n_chem_erg",
        "p_chem_erg",
        "Sn_compound",
        "Sp_compound",
        "Radius_compound",
        "ME_compound",
        "BEA_compound",
        "BEA_A_compound",
        "Sn_daughter",
        "Sp_daughter",
        "Radius_daughter",
        "ME_daughter",
        "BEA_daughter",
        "BEA_A_daughter",
        "Shell_compound",
        "Spin_compound",
        "Deform_compound",
        "Decay_compound",
        "Shell_daughter",
        "Spin_daughter",
        "Deform_daughter",
        "Decay_daughter",
        "ERG"
      ],
      "best_params": {
        "n_estimators": 1500,
        "max_depth": 75,
        "min_samples_leaf": 1,
        "max_features": 0.75
      }
    },
    {
      "n_features": 45,
      "mse": 0.0011230889401522791,
      "kept_cols": [
        "A",
        "N",
        "ME",
        "BEA",
        "BEA_A",
        "AM",
        "Sn",
        "S2n",
        "Sp",
        "S2p",
        "Radius",
        "Shell",
        "Spin",
        "Decay_Const",
        "Z_even",
        "N_even",
        "beta_deformation",
        "gamma_deformation",
        "rms_radius",
        "n_rms_radius",
        "p_rms_radius",
        "n_gap_erg",
        "p_gap_erg",
        "n_chem_erg",
        "p_chem_erg",
        "Sn_compound",
        "Sp_compound",
        "Radius_compound",
        "BEA_compound",
        "BEA_A_compound",
        "Sn_daughter",
        "Sp_daughter",
        "Radius_daughter",
        "ME_daughter",
        "BEA_daughter",
        "BEA_A_daughter",
        "Shell_compound",
        "Spin_compound",
        "Deform_compound",
        "Decay_compound",
        "Shell_daughter",
        "Spin_daughter",
        "Deform_daughter",
        "Decay_daughter",
        "ERG"
      ],
      "best_params": {
        "n_estimators": 1500,
        "max_depth": 75,
        "min_samples_leaf": 1,
        "max_features": 0.75
      }
    },
    {
      "n_features": 44,
      "mse": 0.0011358159258362086,
      "kept_cols": [
        "A",
        "N",
        "ME",
        "BEA",
        "BEA_A",
        "AM",
        "Sn",
        "S2n",
        "Sp",
        "S2p",
        "Radius",
        "Shell",
        "Decay_Const",
        "Z_even",
        "N_even",
        "beta_deformation",
        "gamma_deformation",
        "rms_radius",
        "n_rms_radius",
        "p_rms_radius",
        "n_gap_erg",
        "p_gap_erg",
        "n_chem_erg",
        "p_chem_erg",
        "Sn_compound",
        "Sp_compound",
        "Radius_compound",
        "BEA_compound",
        "BEA_A_compound",
        "Sn_daughter",
        "Sp_daughter",
        "Radius_daughter",
        "ME_daughter",
        "BEA_daughter",
        "BEA_A_daughter",
        "Shell_compound",
        "Spin_compound",
        "Deform_compound",
        "Decay_compound",
        "Shell_daughter",
        "Spin_daughter",
        "Deform_daughter",
        "Decay_daughter",
        "ERG"
      ],
      "best_params": {
        "n_estimators": 1500,
        "max_depth": 75,
        "min_samples_leaf": 1,
        "max_features": 0.75
      }
    },
    {
      "n_features": 43,
      "mse": 0.0011236201834333318,
      "kept_cols": [
        "A",
        "N",
        "ME",
        "BEA",
        "BEA_A",
        "AM",
        "Sn",
        "S2n",
        "Sp",
        "S2p",
        "Radius",
        "Shell",
        "Decay_Const",
        "Z_even",
        "N_even",
        "beta_deformation",
        "gamma_deformation",
        "rms_radius",
        "n_rms_radius",
        "p_rms_radius",
        "n_gap_erg",
        "p_gap_erg",
        "n_chem_erg",
        "p_chem_erg",
        "Sn_compound",
        "Sp_compound",
        "Radius_compound",
        "BEA_compound",
        "BEA_A_compound",
        "Sn_daughter",
        "Sp_daughter",
        "Radius_daughter",
        "ME_daughter",
        "BEA_daughter",
        "BEA_A_daughter",
        "Shell_compound",
        "Spin_compound",
        "Decay_compound",
        "Shell_daughter",
        "Spin_daughter",
        "Deform_daughter",
        "Decay_daughter",
        "ERG"
      ],
      "best_params": {
        "n_estimators": 1600,
        "max_depth": 75,
        "min_samples_leaf": 1,
        "max_features": 0.75
      }
    },
    {
      "n_features": 42,
      "mse": 0.001119306607151842,
      "kept_cols": [
        "A",
        "N",
        "ME",
        "BEA",
        "BEA_A",
        "AM",
        "Sn",
        "S2n",
        "Sp",
        "S2p",
        "Radius",
        "Shell",
        "Decay_Const",
        "Z_even",
        "N_even",
        "beta_deformation",
        "gamma_deformation",
        "rms_radius",
        "n_rms_radius",
        "p_rms_radius",
        "n_gap_erg",
        "p_gap_erg",
        "n_chem_erg",
        "p_chem_erg",
        "Sn_compound",
        "Radius_compound",
        "BEA_compound",
        "BEA_A_compound",
        "Sn_daughter",
        "Sp_daughter",
        "Radius_daughter",
        "ME_daughter",
        "BEA_daughter",
        "BEA_A_daughter",
        "Shell_compound",
        "Spin_compound",
        "Decay_compound",
        "Shell_daughter",
        "Spin_daughter",
        "Deform_daughter",
        "Decay_daughter",
        "ERG"
      ],
      "best_params": {
        "n_estimators": 1600,
        "max_depth": 75,
        "min_samples_leaf": 1,
        "max_features": 0.75
      }
    },
    {
      "n_features": 41,
      "mse": 0.001098398649169925,
      "kept_cols": [
        "A",
        "N",
        "ME",
        "BEA",
        "BEA_A",
        "AM",
        "Sn",
        "S2n",
        "Sp",
        "S2p",
        "Radius",
        "Shell",
        "Decay_Const",
        "Z_even",
        "N_even",
        "beta_deformation",
        "gamma_deformation",
        "rms_radius",
        "n_rms_radius",
        "p_rms_radius",
        "n_gap_erg",
        "p_gap_erg",
        "n_chem_erg",
        "p_chem_erg",
        "Sn_compound",
        "Radius_compound",
        "BEA_compound",
        "BEA_A_compound",
        "Sn_daughter",
        "Sp_daughter",
        "Radius_daughter",
        "ME_daughter",
        "BEA_daughter",
        "BEA_A_daughter",
        "Spin_compound",
        "Decay_compound",
        "Shell_daughter",
        "Spin_daughter",
        "Deform_daughter",
        "Decay_daughter",
        "ERG"
      ],
      "best_params": {
        "n_estimators": 1000,
        "max_depth": 80,
        "min_samples_leaf": 1,
        "max_features": 0.75
      }
    },
    {
      "n_features": 40,
      "mse": 0.0011216439530191162,
      "kept_cols": [
        "A",
        "N",
        "ME",
        "BEA",
        "BEA_A",
        "AM",
        "Sn",
        "S2n",
        "Sp",
        "S2p",
        "Radius",
        "Shell",
        "Decay_Const",
        "N_even",
        "beta_deformation",
        "gamma_deformation",
        "rms_radius",
        "n_rms_radius",
        "p_rms_radius",
        "n_gap_erg",
        "p_gap_erg",
        "n_chem_erg",
        "p_chem_erg",
        "Sn_compound",
        "Radius_compound",
        "BEA_compound",
        "BEA_A_compound",
        "Sn_daughter",
        "Sp_daughter",
        "Radius_daughter",
        "ME_daughter",
        "BEA_daughter",
        "BEA_A_daughter",
        "Spin_compound",
        "Decay_compound",
        "Shell_daughter",
        "Spin_daughter",
        "Deform_daughter",
        "Decay_daughter",
        "ERG"
      ],
      "best_params": {
        "n_estimators": 1600,
        "max_depth": 75,
        "min_samples_leaf": 1,
        "max_features": 0.75
      }
    },
    {
      "n_features": 39,
      "mse": 0.0011094900613189038,
      "kept_cols": [
        "A",
        "N",
        "ME",
        "BEA",
        "BEA_A",
        "AM",
        "Sn",
        "S2n",
        "Sp",
        "S2p",
        "Radius",
        "Shell",
        "N_even",
        "beta_deformation",
        "gamma_deformation",
        "rms_radius",
        "n_rms_radius",
        "p_rms_radius",
        "n_gap_erg",
        "p_gap_erg",
        "n_chem_erg",
        "p_chem_erg",
        "Sn_compound",
        "Radius_compound",
        "BEA_compound",
        "BEA_A_compound",
        "Sn_daughter",
        "Sp_daughter",
        "Radius_daughter",
        "ME_daughter",
        "BEA_daughter",
        "BEA_A_daughter",
        "Spin_compound",
        "Decay_compound",
        "Shell_daughter",
        "Spin_daughter",
        "Deform_daughter",
        "Decay_daughter",
        "ERG"
      ],
      "best_params": {
        "n_estimators": 1600,
        "max_depth": 75,
        "min_samples_leaf": 1,
        "max_features": 0.75
      }
    },
    {
      "n_features": 38,
      "mse": 0.0011073439269499545,
      "kept_cols": [
        "A",
        "N",
        "ME",
        "BEA",
        "BEA_A",
        "AM",
        "Sn",
        "S2n",
        "Sp",
        "S2p",
        "Radius",
        "Shell",
        "N_even",
        "gamma_deformation",
        "rms_radius",
        "n_rms_radius",
        "p_rms_radius",
        "n_gap_erg",
        "p_gap_erg",
        "n_chem_erg",
        "p_chem_erg",
        "Sn_compound",
        "Radius_compound",
        "BEA_compound",
        "BEA_A_compound",
        "Sn_daughter",
        "Sp_daughter",
        "Radius_daughter",
        "ME_daughter",
        "BEA_daughter",
        "BEA_A_daughter",
        "Spin_compound",
        "Decay_compound",
        "Shell_daughter",
        "Spin_daughter",
        "Deform_daughter",
        "Decay_daughter",
        "ERG"
      ],
      "best_params": {
        "n_estimators": 1000,
        "max_depth": 80,
        "min_samples_leaf": 1,
        "max_features": 0.75
      }
    },
    {
      "n_features": 37,
      "mse": 0.0011051078316576344,
      "kept_cols": [
        "A",
        "N",
        "ME",
        "BEA",
        "BEA_A",
        "AM",
        "Sn",
        "S2n",
        "Sp",
        "S2p",
        "Radius",
        "Shell",
        "N_even",
        "gamma_deformation",
        "rms_radius",
        "n_rms_radius",
        "p_rms_radius",
        "n_gap_erg",
        "p_gap_erg",
        "n_chem_erg",
        "p_chem_erg",
        "Sn_compound",
        "Radius_compound",
        "BEA_A_compound",
        "Sn_daughter",
        "Sp_daughter",
        "Radius_daughter",
        "ME_daughter",
        "BEA_daughter",
        "BEA_A_daughter",
        "Spin_compound",
        "Decay_compound",
        "Shell_daughter",
        "Spin_daughter",
        "Deform_daughter",
        "Decay_daughter",
        "ERG"
      ],
      "best_params": {
        "n_estimators": 1600,
        "max_depth": 75,
        "min_samples_leaf": 1,
        "max_features": 0.75
      }
    },
    {
      "n_features": 36,
      "mse": 0.0011154621144276564,
      "kept_cols": [
        "A",
        "N",
        "ME",
        "BEA",
        "BEA_A",
        "AM",
        "Sn",
        "S2n",
        "Sp",
        "S2p",
        "Radius",
        "Shell",
        "N_even",
        "gamma_deformation",
        "rms_radius",
        "n_rms_radius",
        "p_rms_radius",
        "n_gap_erg",
        "p_gap_erg",
        "n_chem_erg",
        "p_chem_erg",
        "Sn_compound",
        "Radius_compound",
        "BEA_A_compound",
        "Sn_daughter",
        "Sp_daughter",
        "Radius_daughter",
        "ME_daughter",
        "BEA_daughter",
        "BEA_A_daughter",
        "Spin_compound",
        "Shell_daughter",
        "Spin_daughter",
        "Deform_daughter",
        "Decay_daughter",
        "ERG"
      ],
      "best_params": {
        "n_estimators": 1000,
        "max_depth": 80,
        "min_samples_leaf": 1,
        "max_features": 0.75
      }
    },
    {
      "n_features": 35,
      "mse": 0.0011345123397070258,
      "kept_cols": [
        "A",
        "N",
        "ME",
        "BEA",
        "BEA_A",
        "AM",
        "Sn",
        "S2n",
        "Sp",
        "S2p",
        "Radius",
        "Shell",
        "N_even",
        "gamma_deformation",
        "rms_radius",
        "n_rms_radius",
        "p_rms_radius",
        "n_gap_erg",
        "p_gap_erg",
        "n_chem_erg",
        "p_chem_erg",
        "Sn_compound",
        "Radius_compound",
        "BEA_A_compound",
        "Sn_daughter",
        "Sp_daughter",
        "Radius_daughter",
        "ME_daughter",
        "BEA_daughter",
        "BEA_A_daughter",
        "Shell_daughter",
        "Spin_daughter",
        "Deform_daughter",
        "Decay_daughter",
        "ERG"
      ],
      "best_params": {
        "n_estimators": 1500,
        "max_depth": 75,
        "min_samples_leaf": 1,
        "max_features": 0.75
      }
    },
    {
      "n_features": 34,
      "mse": 0.0011292020257146023,
      "kept_cols": [
        "A",
        "N",
        "ME",
        "BEA",
        "BEA_A",
        "AM",
        "Sn",
        "S2n",
        "Sp",
        "S2p",
        "Radius",
        "Shell",
        "N_even",
        "gamma_deformation",
        "rms_radius",
        "n_rms_radius",
        "p_rms_radius",
        "p_gap_erg",
        "n_chem_erg",
        "p_chem_erg",
        "Sn_compound",
        "Radius_compound",
        "BEA_A_compound",
        "Sn_daughter",
        "Sp_daughter",
        "Radius_daughter",
        "ME_daughter",
        "BEA_daughter",
        "BEA_A_daughter",
        "Shell_daughter",
        "Spin_daughter",
        "Deform_daughter",
        "Decay_daughter",
        "ERG"
      ],
      "best_params": {
        "n_estimators": 1000,
        "max_depth": 80,
        "min_samples_leaf": 1,
        "max_features": 0.75
      }
    },
    {
      "n_features": 33,
      "mse": 0.001121758004537932,
      "kept_cols": [
        "A",
        "N",
        "ME",
        "BEA",
        "BEA_A",
        "AM",
        "Sn",
        "S2n",
        "Sp",
        "S2p",
        "Radius",
        "Shell",
        "N_even",
        "gamma_deformation",
        "rms_radius",
        "n_rms_radius",
        "p_rms_radius",
        "p_gap_erg",
        "n_chem_erg",
        "p_chem_erg",
        "Sn_compound",
        "Radius_compound",
        "BEA_A_compound",
        "Sn_daughter",
        "Radius_daughter",
        "ME_daughter",
        "BEA_daughter",
        "BEA_A_daughter",
        "Shell_daughter",
        "Spin_daughter",
        "Deform_daughter",
        "Decay_daughter",
        "ERG"
      ],
      "best_params": {
        "n_estimators": 1000,
        "max_depth": 80,
        "min_samples_leaf": 1,
        "max_features": 0.75
      }
    },
    {
      "n_features": 32,
      "mse": 0.0011468704066830856,
      "kept_cols": [
        "A",
        "N",
        "ME",
        "BEA",
        "BEA_A",
        "AM",
        "Sn",
        "S2n",
        "Sp",
        "S2p",
        "Radius",
        "Shell",
        "N_even",
        "gamma_deformation",
        "rms_radius",
        "n_rms_radius",
        "p_rms_radius",
        "n_chem_erg",
        "p_chem_erg",
        "Sn_compound",
        "Radius_compound",
        "BEA_A_compound",
        "Sn_daughter",
        "Radius_daughter",
        "ME_daughter",
        "BEA_daughter",
        "BEA_A_daughter",
        "Shell_daughter",
        "Spin_daughter",
        "Deform_daughter",
        "Decay_daughter",
        "ERG"
      ],
      "best_params": {
        "n_estimators": 1500,
        "max_depth": 75,
        "min_samples_leaf": 1,
        "max_features": 0.75
      }
    },
    {
      "n_features": 31,
      "mse": 0.0011389744372460155,
      "kept_cols": [
        "A",
        "N",
        "ME",
        "BEA",
        "BEA_A",
        "AM",
        "Sn",
        "S2n",
        "Sp",
        "S2p",
        "Radius",
        "Shell",
        "N_even",
        "gamma_deformation",
        "rms_radius",
        "n_rms_radius",
        "p_rms_radius",
        "n_chem_erg",
        "p_chem_erg",
        "Sn_compound",
        "Radius_compound",
        "BEA_A_compound",
        "Radius_daughter",
        "ME_daughter",
        "BEA_daughter",
        "BEA_A_daughter",
        "Shell_daughter",
        "Spin_daughter",
        "Deform_daughter",
        "Decay_daughter",
        "ERG"
      ],
      "best_params": {
        "n_estimators": 1000,
        "max_depth": 80,
        "min_samples_leaf": 1,
        "max_features": 0.75
      }
    },
    {
      "n_features": 30,
      "mse": 0.0011375463205182041,
      "kept_cols": [
        "A",
        "N",
        "ME",
        "BEA",
        "BEA_A",
        "AM",
        "Sn",
        "S2n",
        "Sp",
        "S2p",
        "Radius",
        "Shell",
        "gamma_deformation",
        "rms_radius",
        "n_rms_radius",
        "p_rms_radius",
        "n_chem_erg",
        "p_chem_erg",
        "Sn_compound",
        "Radius_compound",
        "BEA_A_compound",
        "Radius_daughter",
        "ME_daughter",
        "BEA_daughter",
        "BEA_A_daughter",
        "Shell_daughter",
        "Spin_daughter",
        "Deform_daughter",
        "Decay_daughter",
        "ERG"
      ],
      "best_params": {
        "n_estimators": 1600,
        "max_depth": 75,
        "min_samples_leaf": 1,
        "max_features": 0.75
      }
    },
    {
      "n_features": 29,
      "mse": 0.0011275700285400996,
      "kept_cols": [
        "A",
        "N",
        "ME",
        "BEA",
        "BEA_A",
        "AM",
        "Sn",
        "S2n",
        "Sp",
        "S2p",
        "Radius",
        "Shell",
        "gamma_deformation",
        "rms_radius",
        "n_rms_radius",
        "p_rms_radius",
        "n_chem_erg",
        "p_chem_erg",
        "Sn_compound",
        "Radius_compound",
        "BEA_A_compound",
        "Radius_daughter",
        "ME_daughter",
        "BEA_daughter",
        "BEA_A_daughter",
        "Shell_daughter",
        "Spin_daughter",
        "Decay_daughter",
        "ERG"
      ],
      "best_params": {
        "n_estimators": 1600,
        "max_depth": 75,
        "min_samples_leaf": 1,
        "max_features": 0.75
      }
    },
    {
      "n_features": 28,
      "mse": 0.0011357805132746384,
      "kept_cols": [
        "A",
        "N",
        "ME",
        "BEA",
        "BEA_A",
        "AM",
        "Sn",
        "S2n",
        "Sp",
        "S2p",
        "Radius",
        "Shell",
        "gamma_deformation",
        "rms_radius",
        "n_rms_radius",
        "p_rms_radius",
        "n_chem_erg",
        "p_chem_erg",
        "Sn_compound",
        "Radius_compound",
        "BEA_A_compound",
        "Radius_daughter",
        "ME_daughter",
        "BEA_daughter",
        "BEA_A_daughter",
        "Shell_daughter",
        "Spin_daughter",
        "ERG"
      ],
      "best_params": {
        "n_estimators": 1600,
        "max_depth": 75,
        "min_samples_leaf": 1,
        "max_features": 0.75
      }
    },
    {
      "n_features": 27,
      "mse": 0.0011196833470599014,
      "kept_cols": [
        "A",
        "N",
        "ME",
        "BEA",
        "BEA_A",
        "AM",
        "Sn",
        "S2n",
        "Sp",
        "S2p",
        "Radius",
        "Shell",
        "gamma_deformation",
        "rms_radius",
        "n_rms_radius",
        "p_rms_radius",
        "n_chem_erg",
        "p_chem_erg",
        "Sn_compound",
        "BEA_A_compound",
        "Radius_daughter",
        "ME_daughter",
        "BEA_daughter",
        "BEA_A_daughter",
        "Shell_daughter",
        "Spin_daughter",
        "ERG"
      ],
      "best_params": {
        "n_estimators": 1600,
        "max_depth": 75,
        "min_samples_leaf": 1,
        "max_features": 0.75
      }
    },
    {
      "n_features": 26,
      "mse": 0.0011368823824924718,
      "kept_cols": [
        "A",
        "N",
        "ME",
        "BEA",
        "BEA_A",
        "AM",
        "Sn",
        "S2n",
        "Sp",
        "S2p",
        "Radius",
        "Shell",
        "gamma_deformation",
        "rms_radius",
        "n_rms_radius",
        "p_rms_radius",
        "n_chem_erg",
        "p_chem_erg",
        "BEA_A_compound",
        "Radius_daughter",
        "ME_daughter",
        "BEA_daughter",
        "BEA_A_daughter",
        "Shell_daughter",
        "Spin_daughter",
        "ERG"
      ],
      "best_params": {
        "n_estimators": 1600,
        "max_depth": 75,
        "min_samples_leaf": 1,
        "max_features": 0.75
      }
    },
    {
      "n_features": 25,
      "mse": 0.0011136913336026082,
      "kept_cols": [
        "A",
        "N",
        "ME",
        "BEA",
        "BEA_A",
        "AM",
        "Sn",
        "S2n",
        "Sp",
        "S2p",
        "Radius",
        "Shell",
        "gamma_deformation",
        "rms_radius",
        "n_rms_radius",
        "p_rms_radius",
        "n_chem_erg",
        "p_chem_erg",
        "BEA_A_compound",
        "Radius_daughter",
        "BEA_daughter",
        "BEA_A_daughter",
        "Shell_daughter",
        "Spin_daughter",
        "ERG"
      ],
      "best_params": {
        "n_estimators": 1600,
        "max_depth": 75,
        "min_samples_leaf": 1,
        "max_features": 0.75
      }
    },
    {
      "n_features": 24,
      "mse": 0.0011297447313284592,
      "kept_cols": [
        "A",
        "N",
        "ME",
        "BEA",
        "BEA_A",
        "AM",
        "Sn",
        "S2n",
        "Sp",
        "S2p",
        "Radius",
        "Shell",
        "gamma_deformation",
        "rms_radius",
        "n_rms_radius",
        "p_rms_radius",
        "n_chem_erg",
        "p_chem_erg",
        "BEA_A_compound",
        "Radius_daughter",
        "BEA_daughter",
        "BEA_A_daughter",
        "Spin_daughter",
        "ERG"
      ],
      "best_params": {
        "n_estimators": 1600,
        "max_depth": 75,
        "min_samples_leaf": 1,
        "max_features": 0.75
      }
    },
    {
      "n_features": 23,
      "mse": 0.0011302747247416338,
      "kept_cols": [
        "A",
        "N",
        "ME",
        "BEA",
        "BEA_A",
        "AM",
        "Sn",
        "S2n",
        "Sp",
        "S2p",
        "Radius",
        "Shell",
        "gamma_deformation",
        "rms_radius",
        "n_rms_radius",
        "p_rms_radius",
        "n_chem_erg",
        "p_chem_erg",
        "BEA_A_compound",
        "Radius_daughter",
        "BEA_A_daughter",
        "Spin_daughter",
        "ERG"
      ],
      "best_params": {
        "n_estimators": 1000,
        "max_depth": 80,
        "min_samples_leaf": 1,
        "max_features": 0.75
      }
    },
    {
      "n_features": 22,
      "mse": 0.0011272306808725763,
      "kept_cols": [
        "N",
        "ME",
        "BEA",
        "BEA_A",
        "AM",
        "Sn",
        "S2n",
        "Sp",
        "S2p",
        "Radius",
        "Shell",
        "gamma_deformation",
        "rms_radius",
        "n_rms_radius",
        "p_rms_radius",
        "n_chem_erg",
        "p_chem_erg",
        "BEA_A_compound",
        "Radius_daughter",
        "BEA_A_daughter",
        "Spin_daughter",
        "ERG"
      ],
      "best_params": {
        "n_estimators": 1600,
        "max_depth": 75,
        "min_samples_leaf": 1,
        "max_features": 0.75
      }
    },
    {
      "n_features": 21,
      "mse": 0.0011844439617347523,
      "kept_cols": [
        "N",
        "ME",
        "BEA",
        "BEA_A",
        "AM",
        "Sn",
        "S2n",
        "Sp",
        "S2p",
        "Radius",
        "gamma_deformation",
        "rms_radius",
        "n_rms_radius",
        "p_rms_radius",
        "n_chem_erg",
        "p_chem_erg",
        "BEA_A_compound",
        "Radius_daughter",
        "BEA_A_daughter",
        "Spin_daughter",
        "ERG"
      ],
      "best_params": {
        "n_estimators": 200,
        "max_depth": 75,
        "min_samples_leaf": 1,
        "max_features": 0.75
      }
    },
    {
      "n_features": 20,
      "mse": 0.0011521966527782879,
      "kept_cols": [
        "N",
        "ME",
        "BEA",
        "BEA_A",
        "AM",
        "Sn",
        "S2n",
        "Sp",
        "S2p",
        "Radius",
        "rms_radius",
        "n_rms_radius",
        "p_rms_radius",
        "n_chem_erg",
        "p_chem_erg",
        "BEA_A_compound",
        "Radius_daughter",
        "BEA_A_daughter",
        "Spin_daughter",
        "ERG"
      ],
      "best_params": {
        "n_estimators": 1500,
        "max_depth": 75,
        "min_samples_leaf": 1,
        "max_features": 0.75
      }
    },
    {
      "n_features": 19,
      "mse": 0.0011312140303883812,
      "kept_cols": [
        "N",
        "ME",
        "BEA",
        "BEA_A",
        "AM",
        "Sn",
        "S2n",
        "Sp",
        "S2p",
        "Radius",
        "rms_radius",
        "n_rms_radius",
        "p_rms_radius",
        "n_chem_erg",
        "BEA_A_compound",
        "Radius_daughter",
        "BEA_A_daughter",
        "Spin_daughter",
        "ERG"
      ],
      "best_params": {
        "n_estimators": 1500,
        "max_depth": 75,
        "min_samples_leaf": 1,
        "max_features": 0.75
      }
    },
    {
      "n_features": 18,
      "mse": 0.001119999253716606,
      "kept_cols": [
        "N",
        "ME",
        "BEA",
        "BEA_A",
        "AM",
        "Sn",
        "S2n",
        "Sp",
        "S2p",
        "Radius",
        "n_rms_radius",
        "p_rms_radius",
        "n_chem_erg",
        "BEA_A_compound",
        "Radius_daughter",
        "BEA_A_daughter",
        "Spin_daughter",
        "ERG"
      ],
      "best_params": {
        "n_estimators": 1500,
        "max_depth": 75,
        "min_samples_leaf": 1,
        "max_features": 0.75
      }
    },
    {
      "n_features": 17,
      "mse": 0.0011098108398866892,
      "kept_cols": [
        "N",
        "ME",
        "BEA",
        "BEA_A",
        "AM",
        "Sn",
        "S2n",
        "Sp",
        "S2p",
        "Radius",
        "n_rms_radius",
        "p_rms_radius",
        "n_chem_erg",
        "BEA_A_compound",
        "Radius_daughter",
        "BEA_A_daughter",
        "ERG"
      ],
      "best_params": {
        "n_estimators": 1600,
        "max_depth": 75,
        "min_samples_leaf": 1,
        "max_features": 0.75
      }
    },
    {
      "n_features": 16,
      "mse": 0.0011464331677549205,
      "kept_cols": [
        "N",
        "ME",
        "BEA",
        "BEA_A",
        "AM",
        "Sn",
        "S2n",
        "Sp",
        "S2p",
        "Radius",
        "n_rms_radius",
        "p_rms_radius",
        "n_chem_erg",
        "BEA_A_compound",
        "BEA_A_daughter",
        "ERG"
      ],
      "best_params": {
        "n_estimators": 1500,
        "max_depth": 75,
        "min_samples_leaf": 1,
        "max_features": 0.75
      }
    },
    {
      "n_features": 15,
      "mse": 0.0011241417081364988,
      "kept_cols": [
        "N",
        "ME",
        "BEA",
        "BEA_A",
        "Sn",
        "S2n",
        "Sp",
        "S2p",
        "Radius",
        "n_rms_radius",
        "p_rms_radius",
        "n_chem_erg",
        "BEA_A_compound",
        "BEA_A_daughter",
        "ERG"
      ],
      "best_params": {
        "n_estimators": 1600,
        "max_depth": 75,
        "min_samples_leaf": 1,
        "max_features": 0.75
      }
    },
    {
      "n_features": 14,
      "mse": 0.0011431804672130351,
      "kept_cols": [
        "N",
        "ME",
        "BEA",
        "BEA_A",
        "Sn",
        "S2n",
        "Sp",
        "Radius",
        "n_rms_radius",
        "p_rms_radius",
        "n_chem_erg",
        "BEA_A_compound",
        "BEA_A_daughter",
        "ERG"
      ],
      "best_params": {
        "n_estimators": 1500,
        "max_depth": 75,
        "min_samples_leaf": 1,
        "max_features": 0.75
      }
    },
    {
      "n_features": 13,
      "mse": 0.0011376429477820528,
      "kept_cols": [
        "N",
        "BEA",
        "BEA_A",
        "Sn",
        "S2n",
        "Sp",
        "Radius",
        "n_rms_radius",
        "p_rms_radius",
        "n_chem_erg",
        "BEA_A_compound",
        "BEA_A_daughter",
        "ERG"
      ],
      "best_params": {
        "n_estimators": 1500,
        "max_depth": 75,
        "min_samples_leaf": 1,
        "max_features": 0.75
      }
    },
    {
      "n_features": 12,
      "mse": 0.001199441705313915,
      "kept_cols": [
        "N",
        "BEA",
        "BEA_A",
        "Sn",
        "S2n",
        "Radius",
        "n_rms_radius",
        "p_rms_radius",
        "n_chem_erg",
        "BEA_A_compound",
        "BEA_A_daughter",
        "ERG"
      ],
      "best_params": {
        "n_estimators": 1600,
        "max_depth": 75,
        "min_samples_leaf": 1,
        "max_features": 0.75
      }
    },
    {
      "n_features": 11,
      "mse": 0.00117998927873206,
      "kept_cols": [
        "N",
        "BEA",
        "BEA_A",
        "Sn",
        "S2n",
        "Radius",
        "n_rms_radius",
        "n_chem_erg",
        "BEA_A_compound",
        "BEA_A_daughter",
        "ERG"
      ],
      "best_params": {
        "n_estimators": 1600,
        "max_depth": 75,
        "min_samples_leaf": 1,
        "max_features": 0.75
      }
    },
    {
      "n_features": 10,
      "mse": 0.0011569968991945166,
      "kept_cols": [
        "N",
        "BEA",
        "BEA_A",
        "Sn",
        "S2n",
        "Radius",
        "n_rms_radius",
        "n_chem_erg",
        "BEA_A_daughter",
        "ERG"
      ],
      "best_params": {
        "n_estimators": 1500,
        "max_depth": 75,
        "min_samples_leaf": 1,
        "max_features": 0.75
      }
    },
    {
      "n_features": 9,
      "mse": 0.0011474472973682039,
      "kept_cols": [
        "BEA",
        "BEA_A",
        "Sn",
        "S2n",
        "Radius",
        "n_rms_radius",
        "n_chem_erg",
        "BEA_A_daughter",
        "ERG"
      ],
      "best_params": {
        "n_estimators": 1000,
        "max_depth": 80,
        "min_samples_leaf": 1,
        "max_features": 0.75
      }
    },
    {
      "n_features": 8,
      "mse": 0.001086284132210851,
      "kept_cols": [
        "BEA_A",
        "Sn",
        "S2n",
        "Radius",
        "n_rms_radius",
        "n_chem_erg",
        "BEA_A_daughter",
        "ERG"
      ],
      "best_params": {
        "n_estimators": 1500,
        "max_depth": 65,
        "min_samples_leaf": 1,
        "max_features": "log2"
      }
    },
    {
      "n_features": 7,
      "mse": 0.0012285945785503074,
      "kept_cols": [
        "BEA_A",
        "Sn",
        "S2n",
        "Radius",
        "n_rms_radius",
        "BEA_A_daughter",
        "ERG"
      ],
      "best_params": {
        "n_estimators": 1600,
        "max_depth": 75,
        "min_samples_leaf": 1,
        "max_features": 0.75
      }
    },
    {
      "n_features": 6,
      "mse": 0.0012187857327355617,
      "kept_cols": [
        "BEA_A",
        "Sn",
        "S2n",
        "n_rms_radius",
        "BEA_A_daughter",
        "ERG"
      ],
      "best_params": {
        "n_estimators": 1000,
        "max_depth": 80,
        "min_samples_leaf": 1,
        "max_features": 0.75
      }
    },
    {
      "n_features": 5,
      "mse": 0.0011116694961124008,
      "kept_cols": [
        "BEA_A",
        "Sn",
        "S2n",
        "n_rms_radius",
        "ERG"
      ],
      "best_params": {
        "n_estimators": 1500,
        "max_depth": 70,
        "min_samples_leaf": 1,
        "max_features": "log2"
      }
    },
    {
      "n_features": 4,
      "mse": 0.0026074904264676737,
      "kept_cols": [
        "BEA_A",
        "S2n",
        "n_rms_radius",
        "ERG"
      ],
      "best_params": {
        "n_estimators": 1600,
        "max_depth": 70,
        "min_samples_leaf": 1,
        "max_features": 0.25
      }
    }
  ],
  "total": 60
}