{
  "cols": [
    "N",
    "n_rms_radius",
    "ERG"
  ],
  "best_mse": 0.0011014148894910598,
  "best_features": [
    "Z",
    "A",
    "N",
    "ME",
    "BEA",
    "BEA_A",
    "AM",
    "Sn",
    "S2n",
    "Sp",
    "S2p",
    "Radius",
    "Shell",
    "Spin",
    "Decay_Const",
    "Z_even",
    "N_even",
    "gamma_deformation",
    "rms_radius",
    "n_rms_radius",
    "p_rms_radius",
    "n_gap_erg",
    "p_gap_erg",
    "n_chem_erg",
    "p_chem_erg",
    "Sn_compound",
    "Radius_compound",
    "BEA_compound",
    "BEA_A_compound",
    "Sn_daughter",
    "Sp_daughter",
    "Radius_daughter",
    "ME_daughter",
    "BEA_daughter",
    "BEA_A_daughter",
    "Spin_compound",
    "Shell_daughter",
    "Spin_daughter",
    "Deform_daughter",
    "Decay_daughter",
    "ERG"
  ],
  "history": [
    {
      "n_features": 60,
      "mse": 0.0011448549286750282,
      "kept_cols": [
        "Z",
        "A",
        "N",
        "ME",
        "BEA",
        "BEA_A",
        "AM",
        "Sn",
        "S2n",
        "Sp",
        "S2p",
        "Radius",
        "Pairing",
        "Shell",
        "Spin",
        "Parity",
        "Deform",
        "Decay_Const",
        "Z_even",
        "A_even",
        "N_even",
        "beta_deformation",
        "gamma_deformation",
        "octopole_deformation",
        "rms_radius",
        "n_rms_radius",
        "p_rms_radius",
        "n_gap_erg",
        "p_gap_erg",
        "n_chem_erg",
        "p_chem_erg",
        "Sn_compound",
        "S2n_compound",
        "Sp_compound",
        "S2p_compound",
        "Radius_compound",
        "ME_compound",
        "BEA_compound",
        "BEA_A_compound",
        "Sn_daughter",
        "S2n_daughter",
        "Sp_daughter",
        "S2p_daughter",
        "Radius_daughter",
        "ME_daughter",
        "BEA_daughter",
        "BEA_A_daughter",
        "Pairing_compound",
        "Shell_compound",
        "Spin_compound",
        "Parity_compound",
        "Deform_compound",
        "Decay_compound",
        "Pairing_daughter",
        "Shell_daughter",
        "Spin_daughter",
        "Parity_daughter",
        "Deform_daughter",
        "Decay_daughter",
        "ERG"
      ],
      "best_params": {
        "n_estimators": 1600,
        "max_depth": 75,
        "min_samples_leaf": 1,
        "max_features": 0.75
      }
    },
    {
      "n_features": 59,
      "mse": 0.001137166014536255,
      "kept_cols": [
        "Z",
        "A",
        "N",
        "ME",
        "BEA",
        "BEA_A",
        "AM",
        "Sn",
        "S2n",
        "Sp",
        "S2p",
        "Radius",
        "Pairing",
        "Shell",
        "Spin",
        "Parity",
        "Deform",
        "Decay_Const",
        "Z_even",
        "A_even",
        "N_even",
        "beta_deformation",
        "gamma_deformation",
        "rms_radius",
        "n_rms_radius",
        "p_rms_radius",
        "n_gap_erg",
        "p_gap_erg",
        "n_chem_erg",
        "p_chem_erg",
        "Sn_compound",
        "S2n_compound",
        "Sp_compound",
        "S2p_compound",
        "Radius_compound",
        "ME_compound",
        "BEA_compound",
        "BEA_A_compound",
        "Sn_daughter",
        "S2n_daughter",
        "Sp_daughter",
        "S2p_daughter",
        "Radius_daughter",
        "ME_daughter",
        "BEA_daughter",
        "BEA_A_daughter",
        "Pairing_compound",
        "Shell_compound",
        "Spin_compound",
        "Parity_compound",
        "Deform_compound",
        "Decay_compound",
        "Pairing_daughter",
        "Shell_daughter",
        "Spin_daughter",
        "Parity_daughter",
        "Deform_daughter",
        "Decay_daughter",
        "ERG"
      ],
      "best_params": {
        "n_estimators": 1600,
        "max_depth": 75,
        "min_samples_leaf": 1,
        "max_features": 0.75
      }
    },
    {
      "n_features": 58,
      "mse": 0.0011402592427093617,
      "kept_cols": [
        "Z",
        "A",
        "N",
        "ME",
        "BEA",
        "BEA_A",
        "AM",
        "Sn",
        "S2n",
        "Sp",
        "S2p",
        "Radius",
        "Pairing",
        "Shell",
        "Spin",
        "Parity",
        "Deform",
        "Decay_Const",
        "Z_even",
        "A_even",
        "N_even",
        "beta_deformation",
        "gamma_deformation",
        "rms_radius",
        "n_rms_radius",
        "p_rms_radius",
        "n_gap_erg",
        "p_gap_erg",
        "n_chem_erg",
        "p_chem_erg",
        "Sn_compound",
        "S2n_compound",
        "Sp_compound",
        "S2p_compound",
        "Radius_compound",
        "ME_compound",
        "BEA_compound",
        "BEA_A_compound",
        "Sn_daughter",
        "S2n_daughter",
        "Sp_daughter",
        "S2p_daughter",
        "Radius_daughter",
        "ME_daughter",
        "BEA_daughter",
        "BEA_A_daughter",
        "Pairing_compound",
        "Shell_compound",
        "Spin_compound",
        "Deform_compound",
        "Decay_compound",
        "Pairing_daughter",
        "Shell_daughter",
        "Spin_daughter",
        "Parity_daughter",
        "Deform_daughter",
        "Decay_daughter",
        "ERG"
      ],
      "best_params": {
        "n_estimators": 1000,
        "max_depth": 80,
        "min_samples_leaf": 1,
        "max_features": 0.75
      }
    },
    {
      "n_features": 57,
      "mse": 0.0011404725778488764,
      "kept_cols": [
        "Z",
        "A",
        "N",
        "ME",
        "BEA",
        "BEA_A",
        "AM",
        "Sn",
        "S2n",
        "Sp",
        "S2p",
        "Radius",
        "Pairing",
        "Shell",
        "Spin",
        "Parity",
        "Deform",
        "Decay_Const",
        "Z_even",
        "A_even",
        "N_even",
        "beta_deformation",
        "gamma_deformation",
        "rms_radius",
        "n_rms_radius",
        "p_rms_radius",
        "n_gap_erg",
        "p_gap_erg",
        "n_chem_erg",
        "p_chem_erg",
        "Sn_compound",
        "S2n_compound",
        "Sp_compound",
        "S2p_compound",
        "Radius_compound",
        "ME_compound",
        "BEA_compound",
        "BEA_A_compound",
        "Sn_daughter",
        "S2n_daughter",
        "Sp_daughter",
        "S2p_daughter",
        "Radius_daughter",
        "ME_daughter",
        "BEA_daughter",
        "BEA_A_daughter",
        "Pairing_compound",
        "Shell_compound",
        "Spin_compound",
        "Deform_compound",
        "Decay_compound",
        "Pairing_daughter",
        "Shell_daughter",
        "Spin_daughter",
        "Deform_daughter",
        "Decay_daughter",
        "ERG"
      ],
      "best_params": {
        "n_estimators": 1600,
        "max_depth": 75,
        "min_samples_leaf": 1,
        "max_features": 0.75
      }
    },
    {
      "n_features": 56,
      "mse": 0.0011406102734256849,
      "kept_cols": [
        "Z",
        "A",
        "N",
        "ME",
        "BEA",
        "BEA_A",
        "AM",
        "Sn",
        "S2n",
        "Sp",
        "S2p",
        "Radius",
        "Pairing",
        "Shell",
        "Spin",
        "Parity",
        "Deform",
        "Decay_Const",
        "Z_even",
        "N_even",
        "beta_deformation",
        "gamma_deformation",
        "rms_radius",
        "n_rms_radius",
        "p_rms_radius",
        "n_gap_erg",
        "p_gap_erg",
        "n_chem_erg",
        "p_chem_erg",
        "Sn_compound",
        "S2n_compound",
        "Sp_compound",
        "S2p_compound",
        "Radius_compound",
        "ME_compound",
        "BEA_compound",
        "BEA_A_compound",
        "Sn_daughter",
        "S2n_daughter",
        "Sp_daughter",
        "S2p_daughter",
        "Radius_daughter",
        "ME_daughter",
        "BEA_daughter",
        "BEA_A_daughter",
        "Pairing_compound",
        "Shell_compound",
        "Spin_compound",
        "Deform_compound",
        "Decay_compound",
        "Pairing_daughter",
        "Shell_daughter",
        "Spin_daughter",
        "Deform_daughter",
        "Decay_daughter",
        "ERG"
      ],
      "best_params": {
        "n_estimators": 1600,
        "max_depth": 75,
        "min_samples_leaf": 1,
        "max_features": 0.75
      }
    },
    {
      "n_features": 55,
      "mse": 0.0011421649688431498,
      "kept_cols": [
        "Z",
        "A",
        "N",
        "ME",
        "BEA",
        "BEA_A",
        "AM",
        "Sn",
        "S2n",
        "Sp",
        "S2p",
        "Radius",
        "Pairing",
        "Shell",
        "Spin",
        "Parity",
        "Deform",
        "Decay_Const",
        "Z_even",
        "N_even",
        "beta_deformation",
        "gamma_deformation",
        "rms_radius",
        "n_rms_radius",
        "p_rms_radius",
        "n_gap_erg",
        "p_gap_erg",
        "n_chem_erg",
        "p_chem_erg",
        "Sn_compound",
        "S2n_compound",
        "Sp_compound",
        "S2p_compound",
        "Radius_compound",
        "ME_compound",
        "BEA_compound",
        "BEA_A_compound",
        "Sn_daughter",
        "S2n_daughter",
        "Sp_daughter",
        "S2p_daughter",
        "Radius_daughter",
        "ME_daughter",
        "BEA_daughter",
        "BEA_A_daughter",
        "Pairing_compound",
        "Shell_compound",
        "Spin_compound",
        "Deform_compound",
        "Decay_compound",
        "Shell_daughter",
        "Spin_daughter",
        "Deform_daughter",
        "Decay_daughter",
        "ERG"
      ],
      "best_params": {
        "n_estimators": 1500,
        "max_depth": 75,
        "min_samples_leaf": 1,
        "max_features": 0.75
      }
    },
    {
      "n_features": 54,
      "mse": 0.0011431058610024978,
      "kept_cols": [
        "Z",
        "A",
        "N",
        "ME",
        "BEA",
        "BEA_A",
        "AM",
        "Sn",
        "S2n",
        "Sp",
        "S2p",
        "Radius",
        "Pairing",
        "Shell",
        "Spin",
        "Parity",
        "Deform",
        "Decay_Const",
        "Z_even",
        "N_even",
        "beta_deformation",
        "gamma_deformation",
        "rms_radius",
        "n_rms_radius",
        "p_rms_radius",
        "n_gap_erg",
        "p_gap_erg",
        "n_chem_erg",
        "p_chem_erg",
        "Sn_compound",
        "S2n_compound",
        "Sp_compound",
        "S2p_compound",
        "Radius_compound",
        "ME_compound",
        "BEA_compound",
        "BEA_A_compound",
        "Sn_daughter",
        "S2n_daughter",
        "Sp_daughter",
        "S2p_daughter",
        "Radius_daughter",
        "ME_daughter",
        "BEA_daughter",
        "BEA_A_daughter",
        "Shell_compound",
        "Spin_compound",
        "Deform_compound",
        "Decay_compound",
        "Shell_daughter",
        "Spin_daughter",
        "Deform_daughter",
        "Decay_daughter",
        "ERG"
      ],
      "best_params": {
        "n_estimators": 1600,
        "max_depth": 75,
        "min_samples_leaf": 1,
        "max_features": 0.75
      }
    },
    {
      "n_features": 53,
      "mse": 0.0011222447881482527,
      "kept_cols": [
        "Z",
        "A",
        "N",
        "ME",
        "BEA",
        "BEA_A",
        "AM",
        "Sn",
        "S2n",
        "Sp",
        "S2p",
        "Radius",
        "Pairing",
        "Shell",
        "Spin",
        "Deform",
        "Decay_Const",
        "Z_even",
        "N_even",
        "beta_deformation",
        "gamma_deformation",
        "rms_radius",
        "n_rms_radius",
        "p_rms_radius",
        "n_gap_erg",
        "p_gap_erg",
        "n_chem_erg",
        "p_chem_erg",
        "Sn_compound",
        "S2n_compound",
        "Sp_compound",
        "S2p_compound",
        "Radius_compound",
        "ME_compound",
        "BEA_compound",
        "BEA_A_compound",
        "Sn_daughter",
        "S2n_daughter",
        "Sp_daughter",
        "S2p_daughter",
        "Radius_daughter",
        "ME_daughter",
        "BEA_daughter",
        "BEA_A_daughter",
        "Shell_compound",
        "Spin_compound",
        "Deform_compound",
        "Decay_compound",
        "Shell_daughter",
        "Spin_daughter",
        "Deform_daughter",
        "Decay_daughter",
        "ERG"
      ],
      "best_params": {
        "n_estimators": 1600,
        "max_depth": 75,
        "min_samples_leaf": 1,
        "max_features": 0.75
      }
    },
    {
      "n_features": 52,
      "mse": 0.0011331354882846076,
      "kept_cols": [
        "Z",
        "A",
        "N",
        "ME",
        "BEA",
        "BEA_A",
        "AM",
        "Sn",
        "S2n",
        "Sp",
        "S2p",
        "Radius",
        "Pairing",
        "Shell",
        "Spin",
        "Deform",
        "Decay_Const",
        "Z_even",
        "N_even",
        "beta_deformation",
        "gamma_deformation",
        "rms_radius",
        "n_rms_radius",
        "p_rms_radius",
        "n_gap_erg",
        "p_gap_erg",
        "n_chem_erg",
        "p_chem_erg",
        "Sn_compound",
        "S2n_compound",
        "Sp_compound",
        "Radius_compound",
        "ME_compound",
        "BEA_compound",
        "BEA_A_compound",
        "Sn_daughter",
        "S2n_daughter",
        "Sp_daughter",
        "S2p_daughter",
        "Radius_daughter",
        "ME_daughter",
        "BEA_daughter",
        "BEA_A_daughter",
        "Shell_compound",
        "Spin_compound",
        "Deform_compound",
        "Decay_compound",
        "Shell_daughter",
        "Spin_daughter",
        "Deform_daughter",
        "Decay_daughter",
        "ERG"
      ],
      "best_params": {
        "n_estimators": 1600,
        "max_depth": 75,
        "min_samples_leaf": 1,
        "max_features": 0.75
      }
    },
    {
      "n_features": 51,
      "mse": 0.001128151556119209,
      "kept_cols": [
        "Z",
        "A",
        "N",
        "ME",
        "BEA",
        "BEA_A",
        "AM",
        "Sn",
        "S2n",
        "Sp",
        "S2p",
        "Radius",
        "Pairing",
        "Shell",
        "Spin",
        "Deform",
        "Decay_Const",
        "Z_even",
        "N_even",
        "beta_deformation",
        "gamma_deformation",
        "rms_radius",
        "n_rms_radius",
        "p_rms_radius",
        "n_gap_erg",
        "p_gap_erg",
        "n_chem_erg",
        "p_chem_erg",
        "Sn_compound",
        "S2n_compound",
        "Sp_compound",
        "Radius_compound",
        "ME_compound",
        "BEA_compound",
        "BEA_A_compound",
        "Sn_daughter",
        "S2n_daughter",
        "Sp_daughter",
        "Radius_daughter",
        "ME_daughter",
        "BEA_daughter",
        "BEA_A_daughter",
        "Shell_compound",
        "Spin_compound",
        "Deform_compound",
        "Decay_compound",
        "Shell_daughter",
        "Spin_daughter",
        "Deform_daughter",
        "Decay_daughter",
        "ERG"
      ],
      "best_params": {
        "n_estimators": 1600,
        "max_depth": 75,
        "min_samples_leaf": 1,
        "max_features": 0.75
      }
    },
    {
      "n_features": 50,
      "mse": 0.0011209003268339113,
      "kept_cols": [
        "Z",
        "A",
        "N",
        "ME",
        "BEA",
        "BEA_A",
        "AM",
        "Sn",
        "S2n",
        "Sp",
        "S2p",
        "Radius",
        "Pairing",
        "Shell",
        "Spin",
        "Decay_Const",
        "Z_even",
        "N_even",
        "beta_deformation",
        "gamma_deformation",
        "rms_radius",
        "n_rms_radius",
        "p_rms_radius",
        "n_gap_erg",
        "p_gap_erg",
        "n_chem_erg",
        "p_chem_erg",
        "Sn_compound",
        "S2n_compound",
        "Sp_compound",
        "Radius_compound",
        "ME_compound",
        "BEA_compound",
        "BEA_A_compound",
        "Sn_daughter",
        "S2n_daughter",
        "Sp_daughter",
        "Radius_daughter",
        "ME_daughter",
        "BEA_daughter",
        "BEA_A_daughter",
        "Shell_compound",
        "Spin_compound",
        "Deform_compound",
        "Decay_compound",
        "Shell_daughter",
        "Spin_daughter",
        "Deform_daughter",
        "Decay_daughter",
        "ERG"
      ],
      "best_params": {
        "n_estimators": 1500,
        "max_depth": 75,
        "min_samples_leaf": 1,
        "max_features": 0.75
      }
    },
    {
      "n_features": 49,
      "mse": 0.0011354323008985333,
      "kept_cols": [
        "Z",
        "A",
        "N",
        "ME",
        "BEA",
        "BEA_A",
        "AM",
        "Sn",
        "S2n",
        "Sp",
        "S2p",
        "Radius",
        "Pairing",
        "Shell",
        "Spin",
        "Decay_Const",
        "Z_even",
        "N_even",
        "beta_deformation",
        "gamma_deformation",
        "rms_radius",
        "n_rms_radius",
        "p_rms_radius",
        "n_gap_erg",
        "p_gap_erg",
        "n_chem_erg",
        "p_chem_erg",
        "Sn_compound",
        "Sp_compound",
        "Radius_compound",
        "ME_compound",
        "BEA_compound",
        "BEA_A_compound",
        "Sn_daughter",
        "S2n_daughter",
        "Sp_daughter",
        "Radius_daughter",
        "ME_daughter",
        "BEA_daughter",
        "BEA_A_daughter",
        "Shell_compound",
        "Spin_compound",
        "Deform_compound",
        "Decay_compound",
        "Shell_daughter",
        "Spin_daughter",
        "Deform_daughter",
        "Decay_daughter",
        "ERG"
      ],
      "best_params": {
        "n_estimators": 1500,
        "max_depth": 75,
        "min_samples_leaf": 1,
        "max_features": 0.75
      }
    },
    {
      "n_features": 48,
      "mse": 0.0011301966324196132,
      "kept_cols": [
        "Z",
        "A",
        "N",
        "ME",
        "BEA",
        "BEA_A",
        "AM",
        "Sn",
        "S2n",
        "Sp",
        "S2p",
        "Radius",
        "Shell",
        "Spin",
        "Decay_Const",
        "Z_even",
        "N_even",
        "beta_deformation",
        "gamma_deformation",
        "rms_radius",
        "n_rms_radius",
        "p_rms_radius",
        "n_gap_erg",
        "p_gap_erg",
        "n_chem_erg",
        "p_chem_erg",
        "Sn_compound",
        "Sp_compound",
        "Radius_compound",
        "ME_compound",
        "BEA_compound",
        "BEA_A_compound",
        "Sn_daughter",
        "S2n_daughter",
        "Sp_daughter",
        "Radius_daughter",
        "ME_daughter",
        "BEA_daughter",
        "BEA_A_daughter",
        "Shell_compound",
        "Spin_compound",
        "Deform_compound",
        "Decay_compound",
        "Shell_daughter",
        "Spin_daughter",
        "Deform_daughter",
        "Decay_daughter",
        "ERG"
      ],
      "best_params": {
        "n_estimators": 1500,
        "max_depth": 75,
        "min_samples_leaf": 1,
        "max_features": 0.75
      }
    },
    {
      "n_features": 47,
      "mse": 0.0011188673645760104,
      "kept_cols": [
        "Z",
        "A",
        "N",
        "ME",
        "BEA",
        "BEA_A",
        "AM",
        "Sn",
        "S2n",
        "Sp",
        "S2p",
        "Radius",
        "Shell",
        "Spin",
        "Decay_Const",
        "Z_even",
        "N_even",
        "beta_deformation",
        "gamma_deformation",
        "rms_radius",
        "n_rms_radius",
        "p_rms_radius",
        "n_gap_erg",
        "p_gap_erg",
        "n_chem_erg",
        "p_chem_erg",
        "Sn_compound",
        "Sp_compound",
        "Radius_compound",
        "ME_compound",
        "BEA_compound",
        "BEA_A_compound",
        "Sn_daughter",
        "Sp_daughter",
        "Radius_daughter",
        "ME_daughter",
        "BEA_daughter",
        "BEA_A_daughter",
        "Shell_compound",
        "Spin_compound",
        "Deform_compound",
        "Decay_compound",
        "Shell_daughter",
        "Spin_daughter",
        "Deform_daughter",
        "Decay_daughter",
        "ERG"
      ],
      "best_params": {
        "n_estimators": 1500,
        "max_depth": 75,
        "min_samples_leaf": 1,
        "max_features": 0.75
      }
    },
    {
      "n_features": 46,
      "mse": 0.0011311882134432522,
      "kept_cols": [
        "Z",
        "A",
        "N",
        "ME",
        "BEA",
        "BEA_A",
        "AM",
        "Sn",
        "S2n",
        "Sp",
        "S2p",
        "Radius",
        "Shell",
        "Spin",
        "Decay_Const",
        "Z_even",
        "N_even",
        "beta_deformation",
        "gamma_deformation",
        "rms_radius",
        "n_rms_radius",
        "p_rms_radius",
        "n_gap_erg",
        "p_gap_erg",
        "n_chem_erg",
        "p_chem_erg",
        "Sn_compound",
        "Radius_compound",
        "ME_compound",
        "BEA_compound",
        "BEA_A_compound",
        "Sn_daughter",
        "Sp_daughter",
        "Radius_daughter",
        "ME_daughter",
        "BEA_daughter",
        "BEA_A_daughter",
        "Shell_compound",
        "Spin_compound",
        "Deform_compound",
        "Decay_compound",
        "Shell_daughter",
        "Spin_daughter",
        "Deform_daughter",
        "Decay_daughter",
        "ERG"
      ],
      "best_params": {
        "n_estimators": 1600,
        "max_depth": 75,
        "min_samples_leaf": 1,
        "max_features": 0.75
      }
    },
    {
      "n_features": 45,
      "mse": 0.001111592478201033,
      "kept_cols": [
        "Z",
        "A",
        "N",
        "ME",
        "BEA",
        "BEA_A",
        "AM",
        "Sn",
        "S2n",
        "Sp",
        "S2p",
        "Radius",
        "Shell",
        "Spin",
        "Decay_Const",
        "Z_even",
        "N_even",
        "beta_deformation",
        "gamma_deformation",
        "rms_radius",
        "n_rms_radius",
        "p_rms_radius",
        "n_gap_erg",
        "p_gap_erg",
        "n_chem_erg",
        "p_chem_erg",
        "Sn_compound",
        "Radius_compound",
        "ME_compound",
        "BEA_compound",
        "BEA_A_compound",
        "Sn_daughter",
        "Sp_daughter",
        "Radius_daughter",
        "ME_daughter",
        "BEA_daughter",
        "BEA_A_daughter",
        "Spin_compound",
        "Deform_compound",
        "Decay_compound",
        "Shell_daughter",
        "Spin_daughter",
        "Deform_daughter",
        "Decay_daughter",
        "ERG"
      ],
      "best_params": {
        "n_estimators": 1500,
        "max_depth": 75,
        "min_samples_leaf": 1,
        "max_features": 0.75
      }
    },
    {
      "n_features": 44,
      "mse": 0.001118204576995125,
      "kept_cols": [
        "Z",
        "A",
        "N",
        "ME",
        "BEA",
        "BEA_A",
        "AM",
        "Sn",
        "S2n",
        "Sp",
        "S2p",
        "Radius",
        "Shell",
        "Spin",
        "Decay_Const",
        "Z_even",
        "N_even",
        "beta_deformation",
        "gamma_deformation",
        "rms_radius",
        "n_rms_radius",
        "p_rms_radius",
        "n_gap_erg",
        "p_gap_erg",
        "n_chem_erg",
        "p_chem_erg",
        "Sn_compound",
        "Radius_compound",
        "ME_compound",
        "BEA_compound",
        "BEA_A_compound",
        "Sn_daughter",
        "Sp_daughter",
        "Radius_daughter",
        "ME_daughter",
        "BEA_daughter",
        "BEA_A_daughter",
        "Spin_compound",
        "Deform_compound",
        "Shell_daughter",
        "Spin_daughter",
        "Deform_daughter",
        "Decay_daughter",
        "ERG"
      ],
      "best_params": {
        "n_estimators": 1500,
        "max_depth": 75,
        "min_samples_leaf": 1,
        "max_features": 0.75
      }
    },
    {
      "n_features": 43,
      "mse": 0.001125872850633989,
      "kept_cols": [
        "Z",
        "A",
        "N",
        "ME",
        "BEA",
        "BEA_A",
        "AM",
        "Sn",
        "S2n",
        "Sp",
        "S2p",
        "Radius",
        "Shell",
        "Spin",
        "Decay_Const",
        "Z_even",
        "N_even",
        "beta_deformation",
        "gamma_deformation",
        "rms_radius",
        "n_rms_radius",
        "p_rms_radius",
        "n_gap_erg",
        "p_gap_erg",
        "n_chem_erg",
        "p_chem_erg",
        "Sn_compound",
        "Radius_compound",
        "BEA_compound",
        "BEA_A_compound",
        "Sn_daughter",
        "Sp_daughter",
        "Radius_daughter",
        "ME_daughter",
        "BEA_daughter",
        "BEA_A_daughter",
        "Spin_compound",
        "Deform_compound",
        "Shell_daughter",
        "Spin_daughter",
        "Deform_daughter",
        "Decay_daughter",
        "ERG"
      ],
      "best_params": {
        "n_estimators": 1600,
        "max_depth": 75,
        "min_samples_leaf": 1,
        "max_features": 0.75
      }
    },
    {
      "n_features": 42,
      "mse": 0.0011121503479635925,
      "kept_cols": [
        "Z",
        "A",
        "N",
        "ME",
        "BEA",
        "BEA_A",
        "AM",
        "Sn",
        "S2n",
        "Sp",
        "S2p",
        "Radius",
        "Shell",
        "Spin",
        "Decay_Const",
        "Z_even",
        "N_even",
        "beta_deformation",
        "gamma_deformation",
        "rms_radius",
        "n_rms_radius",
        "p_rms_radius",
        "n_gap_erg",
        "p_gap_erg",
        "n_chem_erg",
        "p_chem_erg",
        "Sn_compound",
        "Radius_compound",
        "BEA_compound",
        "BEA_A_compound",
        "Sn_daughter",
        "Sp_daughter",
        "Radius_daughter",
        "ME_daughter",
        "BEA_daughter",
        "BEA_A_daughter",
        "Spin_compound",
        "Shell_daughter",
        "Spin_daughter",
        "Deform_daughter",
        "Decay_daughter",
        "ERG"
      ],
      "best_params": {
        "n_estimators": 1600,
        "max_depth": 75,
        "min_samples_leaf": 1,
        "max_features": 0.75
      }
    },
    {
      "n_features": 41,
      "mse": 0.0011014148894910598,
      "kept_cols": [
        "Z",
        "A",
        "N",
        "ME",
        "BEA",
        "BEA_A",
        "AM",
        "Sn",
        "S2n",
        "Sp",
        "S2p",
        "Radius",
        "Shell",
        "Spin",
        "Decay_Const",
        "Z_even",
        "N_even",
        "gamma_deformation",
        "rms_radius",
        "n_rms_radius",
        "p_rms_radius",
        "n_gap_erg",
        "p_gap_erg",
        "n_chem_erg",
        "p_chem_erg",
        "Sn_compound",
        "Radius_compound",
        "BEA_compound",
        "BEA_A_compound",
        "Sn_daughter",
        "Sp_daughter",
        "Radius_daughter",
        "ME_daughter",
        "BEA_daughter",
        "BEA_A_daughter",
        "Spin_compound",
        "Shell_daughter",
        "Spin_daughter",
        "Deform_daughter",
        "Decay_daughter",
        "ERG"
      ],
      "best_params": {
        "n_estimators": 1600,
        "max_depth": 75,
        "min_samples_leaf": 1,
        "max_features": 0.75
      }
    },
    {
      "n_features": 40,
      "mse": 0.0011143973644858855,
      "kept_cols": [
        "A",
        "N",
        "ME",
        "BEA",
        "BEA_A",
        "AM",
        "Sn",
        "S2n",
        "Sp",
        "S2p",
        "Radius",
        "Shell",
        "Spin",
        "Decay_Const",
        "Z_even",
        "N_even",
        "gamma_deformation",
        "rms_radius",
        "n_rms_radius",
        "p_rms_radius",
        "n_gap_erg",
        "p_gap_erg",
        "n_chem_erg",
        "p_chem_erg",
        "Sn_compound",
        "Radius_compound",
        "BEA_compound",
        "BEA_A_compound",
        "Sn_daughter",
        "Sp_daughter",
        "Radius_daughter",
        "ME_daughter",
        "BEA_daughter",
        "BEA_A_daughter",
        "Spin_compound",
        "Shell_daughter",
        "Spin_daughter",
        "Deform_daughter",
        "Decay_daughter",
        "ERG"
      ],
      "best_params": {
        "n_estimators": 1600,
        "max_depth": 75,
        "min_samples_leaf": 1,
        "max_features": 0.75
      }
    },
    {
      "n_features": 39,
      "mse": 0.0011249419326812375,
      "kept_cols": [
        "A",
        "N",
        "ME",
        "BEA",
        "BEA_A",
        "AM",
        "Sn",
        "S2n",
        "Sp",
        "S2p",
        "Radius",
        "Shell",
        "Spin",
        "Decay_Const",
        "Z_even",
        "N_even",
        "gamma_deformation",
        "rms_radius",
        "n_rms_radius",
        "p_rms_radius",
        "n_gap_erg",
        "p_gap_erg",
        "n_chem_erg",
        "p_chem_erg",
        "Sn_compound",
        "Radius_compound",
        "BEA_compound",
        "BEA_A_compound",
        "Sn_daughter",
        "Sp_daughter",
        "Radius_daughter",
        "ME_daughter",
        "BEA_daughter",
        "BEA_A_daughter",
        "Shell_daughter",
        "Spin_daughter",
        "Deform_daughter",
        "Decay_daughter",
        "ERG"
      ],
      "best_params": {
        "n_estimators": 1600,
        "max_depth": 75,
        "min_samples_leaf": 1,
        "max_features": 0.75
      }
    },
    {
      "n_features": 38,
      "mse": 0.0011198967670052557,
      "kept_cols": [
        "A",
        "N",
        "ME",
        "BEA",
        "BEA_A",
        "AM",
        "Sn",
        "S2n",
        "Sp",
        "S2p",
        "Radius",
        "Shell",
        "Decay_Const",
        "Z_even",
        "N_even",
        "gamma_deformation",
        "rms_radius",
        "n_rms_radius",
        "p_rms_radius",
        "n_gap_erg",
        "p_gap_erg",
        "n_chem_erg",
        "p_chem_erg",
        "Sn_compound",
        "Radius_compound",
        "BEA_compound",
        "BEA_A_compound",
        "Sn_daughter",
        "Sp_daughter",
        "Radius_daughter",
        "ME_daughter",
        "BEA_daughter",
        "BEA_A_daughter",
        "Shell_daughter",
        "Spin_daughter",
        "Deform_daughter",
        "Decay_daughter",
        "ERG"
      ],
      "best_params": {
        "n_estimators": 1000,
        "max_depth": 80,
        "min_samples_leaf": 1,
        "max_features": 0.75
      }
    },
    {
      "n_features": 37,
      "mse": 0.00112626960851012,
      "kept_cols": [
        "A",
        "N",
        "ME",
        "BEA",
        "BEA_A",
        "AM",
        "Sn",
        "S2n",
        "Sp",
        "S2p",
        "Radius",
        "Shell",
        "Decay_Const",
        "Z_even",
        "N_even",
        "gamma_deformation",
        "rms_radius",
        "n_rms_radius",
        "p_rms_radius",
        "n_gap_erg",
        "p_gap_erg",
        "n_chem_erg",
        "p_chem_erg",
        "Sn_compound",
        "Radius_compound",
        "BEA_compound",
        "BEA_A_compound",
        "Sn_daughter",
        "Radius_daughter",
        "ME_daughter",
        "BEA_daughter",
        "BEA_A_daughter",
        "Shell_daughter",
        "Spin_daughter",
        "Deform_daughter",
        "Decay_daughter",
        "ERG"
      ],
      "best_params": {
        "n_estimators": 1600,
        "max_depth": 75,
        "min_samples_leaf": 1,
        "max_features": 0.75
      }
    },
    {
      "n_features": 36,
      "mse": 0.0011407171870748017,
      "kept_cols": [
        "A",
        "N",
        "ME",
        "BEA",
        "BEA_A",
        "AM",
        "Sn",
        "S2n",
        "Sp",
        "S2p",
        "Radius",
        "Shell",
        "Decay_Const",
        "Z_even",
        "N_even",
        "gamma_deformation",
        "rms_radius",
        "n_rms_radius",
        "p_rms_radius",
        "p_gap_erg",
        "n_chem_erg",
        "p_chem_erg",
        "Sn_compound",
        "Radius_compound",
        "BEA_compound",
        "BEA_A_compound",
        "Sn_daughter",
        "Radius_daughter",
        "ME_daughter",
        "BEA_daughter",
        "BEA_A_daughter",
        "Shell_daughter",
        "Spin_daughter",
        "Deform_daughter",
        "Decay_daughter",
        "ERG"
      ],
      "best_params": {
        "n_estimators": 1600,
        "max_depth": 75,
        "min_samples_leaf": 1,
        "max_features": 0.75
      }
    },
    {
      "n_features": 35,
      "mse": 0.00113866581974006,
      "kept_cols": [
        "A",
        "N",
        "ME",
        "BEA",
        "BEA_A",
        "AM",
        "Sn",
        "S2n",
        "Sp",
        "S2p",
        "Radius",
        "Shell",
        "Z_even",
        "N_even",
        "gamma_deformation",
        "rms_radius",
        "n_rms_radius",
        "p_rms_radius",
        "p_gap_erg",
        "n_chem_erg",
        "p_chem_erg",
        "Sn_compound",
        "Radius_compound",
        "BEA_compound",
        "BEA_A_compound",
        "Sn_daughter",
        "Radius_daughter",
        "ME_daughter",
        "BEA_daughter",
        "BEA_A_daughter",
        "Shell_daughter",
        "Spin_daughter",
        "Deform_daughter",
        "Decay_daughter",
        "ERG"
      ],
      "best_params": {
        "n_estimators": 1500,
        "max_depth": 75,
        "min_samples_leaf": 1,
        "max_features": 0.75
      }
    },
    {
      "n_features": 34,
      "mse": 0.001141786970227347,
      "kept_cols": [
        "A",
        "N",
        "ME",
        "BEA",
        "BEA_A",
        "AM",
        "Sn",
        "S2n",
        "Sp",
        "S2p",
        "Radius",
        "Shell",
        "Z_even",
        "N_even",
        "gamma_deformation",
        "rms_radius",
        "n_rms_radius",
        "p_rms_radius",
        "p_gap_erg",
        "n_chem_erg",
        "p_chem_erg",
        "Sn_compound",
        "Radius_compound",
        "BEA_compound",
        "BEA_A_compound",
        "Sn_daughter",
        "Radius_daughter",
        "ME_daughter",
        "BEA_daughter",
        "BEA_A_daughter",
        "Shell_daughter",
        "Spin_daughter",
        "Decay_daughter",
        "ERG"
      ],
      "best_params": {
        "n_estimators": 1600,
        "max_depth": 75,
        "min_samples_leaf": 1,
        "max_features": 0.75
      }
    },
    {
      "n_features": 33,
      "mse": 0.0011223373040958834,
      "kept_cols": [
        "A",
        "N",
        "ME",
        "BEA",
        "BEA_A",
        "AM",
        "Sn",
        "S2n",
        "Sp",
        "S2p",
        "Radius",
        "Shell",
        "Z_even",
        "N_even",
        "gamma_deformation",
        "rms_radius",
        "n_rms_radius",
        "p_rms_radius",
        "p_gap_erg",
        "n_chem_erg",
        "p_chem_erg",
        "Sn_compound",
        "Radius_compound",
        "BEA_compound",
        "BEA_A_compound",
        "Sn_daughter",
        "Radius_daughter",
        "ME_daughter",
        "BEA_daughter",
        "BEA_A_daughter",
        "Shell_daughter",
        "Spin_daughter",
        "ERG"
      ],
      "best_params": {
        "n_estimators": 1000,
        "max_depth": 80,
        "min_samples_leaf": 1,
        "max_features": 0.75
      }
    },
    {
      "n_features": 32,
      "mse": 0.0011478001167118134,
      "kept_cols": [
        "A",
        "N",
        "ME",
        "BEA",
        "BEA_A",
        "AM",
        "Sn",
        "S2n",
        "Sp",
        "S2p",
        "Radius",
        "Shell",
        "Z_even",
        "N_even",
        "gamma_deformation",
        "rms_radius",
        "n_rms_radius",
        "p_rms_radius",
        "n_chem_erg",
        "p_chem_erg",
        "Sn_compound",
        "Radius_compound",
        "BEA_compound",
        "BEA_A_compound",
        "Sn_daughter",
        "Radius_daughter",
        "ME_daughter",
        "BEA_daughter",
        "BEA_A_daughter",
        "Shell_daughter",
        "Spin_daughter",
        "ERG"
      ],
      "best_params": {
        "n_estimators": 1600,
        "max_depth": 75,
        "min_samples_leaf": 1,
        "max_features": 0.75
      }
    },
    {
      "n_features": 31,
      "mse": 0.0011518542662369141,
      "kept_cols": [
        "A",
        "N",
        "ME",
        "BEA",
        "BEA_A",
        "AM",
        "Sn",
        "S2n",
        "Sp",
        "S2p",
        "Radius",
        "Z_even",
        "N_even",
        "gamma_deformation",
        "rms_radius",
        "n_rms_radius",
        "p_rms_radius",
        "n_chem_erg",
        "p_chem_erg",
        "Sn_compound",
        "Radius_compound",
        "BEA_compound",
        "BEA_A_compound",
        "Sn_daughter",
        "Radius_daughter",
        "ME_daughter",
        "BEA_daughter",
        "BEA_A_daughter",
        "Shell_daughter",
        "Spin_daughter",
        "ERG"
      ],
      "best_params": {
        "n_estimators": 1600,
        "max_depth": 75,
        "min_samples_leaf": 1,
        "max_features": 0.75
      }
    },
    {
      "n_features": 30,
      "mse": 0.0011437391198125546,
      "kept_cols": [
        "A",
        "N",
        "ME",
        "BEA",
        "BEA_A",
        "AM",
        "Sn",
        "S2n",
        "Sp",
        "S2p",
        "Radius",
        "N_even",
        "gamma_deformation",
        "rms_radius",
        "n_rms_radius",
        "p_rms_radius",
        "n_chem_erg",
        "p_chem_erg",
        "Sn_compound",
        "Radius_compound",
        "BEA_compound",
        "BEA_A_compound",
        "Sn_daughter",
        "Radius_daughter",
        "ME_daughter",
        "BEA_daughter",
        "BEA_A_daughter",
        "Shell_daughter",
        "Spin_daughter",
        "ERG"
      ],
      "best_params": {
        "n_estimators": 1500,
        "max_depth": 75,
        "min_samples_leaf": 1,
        "max_features": 0.75
      }
    },
    {
      "n_features": 29,
      "mse": 0.0011333941811755856,
      "kept_cols": [
        "A",
        "N",
        "ME",
        "BEA",
        "BEA_A",
        "AM",
        "Sn",
        "S2n",
        "Sp",
        "S2p",
        "Radius",
        "N_even",
        "gamma_deformation",
        "rms_radius",
        "n_rms_radius",
        "p_rms_radius",
        "n_chem_erg",
        "p_chem_erg",
        "Sn_compound",
        "Radius_compound",
        "BEA_A_compound",
        "Sn_daughter",
        "Radius_daughter",
        "ME_daughter",
        "BEA_daughter",
        "BEA_A_daughter",
        "Shell_daughter",
        "Spin_daughter",
        "ERG"
      ],
      "best_params": {
        "n_estimators": 1000,
        "max_depth": 80,
        "min_samples_leaf": 1,
        "max_features": 0.75
      }
    },
    {
      "n_features": 28,
      "mse": 0.0011699336288326242,
      "kept_cols": [
        "A",
        "N",
        "ME",
        "BEA",
        "BEA_A",
        "AM",
        "Sn",
        "S2n",
        "Sp",
        "S2p",
        "Radius",
        "N_even",
        "gamma_deformation",
        "rms_radius",
        "n_rms_radius",
        "p_rms_radius",
        "n_chem_erg",
        "p_chem_erg",
        "Radius_compound",
        "BEA_A_compound",
        "Sn_daughter",
        "Radius_daughter",
        "ME_daughter",
        "BEA_daughter",
        "BEA_A_daughter",
        "Shell_daughter",
        "Spin_daughter",
        "ERG"
      ],
      "best_params": {
        "n_estimators": 1500,
        "max_depth": 75,
        "min_samples_leaf": 1,
        "max_features": 0.75
      }
    },
    {
      "n_features": 27,
      "mse": 0.0011276426371074019,
      "kept_cols": [
        "A",
        "N",
        "ME",
        "BEA",
        "BEA_A",
        "AM",
        "Sn",
        "S2n",
        "Sp",
        "S2p",
        "Radius",
        "N_even",
        "gamma_deformation",
        "rms_radius",
        "n_rms_radius",
        "p_rms_radius",
        "n_chem_erg",
        "p_chem_erg",
        "Radius_compound",
        "BEA_A_compound",
        "Sn_daughter",
        "Radius_daughter",
        "ME_daughter",
        "BEA_daughter",
        "BEA_A_daughter",
        "Spin_daughter",
        "ERG"
      ],
      "best_params": {
        "n_estimators": 1600,
        "max_depth": 75,
        "min_samples_leaf": 1,
        "max_features": 0.75
      }
    },
    {
      "n_features": 26,
      "mse": 0.0011291046162761795,
      "kept_cols": [
        "A",
        "N",
        "ME",
        "BEA",
        "BEA_A",
        "AM",
        "Sn",
        "S2n",
        "Sp",
        "S2p",
        "Radius",
        "N_even",
        "rms_radius",
        "n_rms_radius",
        "p_rms_radius",
        "n_chem_erg",
        "p_chem_erg",
        "Radius_compound",
        "BEA_A_compound",
        "Sn_daughter",
        "Radius_daughter",
        "ME_daughter",
        "BEA_daughter",
        "BEA_A_daughter",
        "Spin_daughter",
        "ERG"
      ],
      "best_params": {
        "n_estimators": 1500,
        "max_depth": 75,
        "min_samples_leaf": 1,
        "max_features": 0.75
      }
    },
    {
      "n_features": 25,
      "mse": 0.0011136883310420517,
      "kept_cols": [
        "A",
        "N",
        "ME",
        "BEA",
        "BEA_A",
        "AM",
        "Sn",
        "S2n",
        "Sp",
        "S2p",
        "Radius",
        "N_even",
        "rms_radius",
        "n_rms_radius",
        "p_rms_radius",
        "n_chem_erg",
        "p_chem_erg",
        "Radius_compound",
        "BEA_A_compound",
        "Radius_daughter",
        "ME_daughter",
        "BEA_daughter",
        "BEA_A_daughter",
        "Spin_daughter",
        "ERG"
      ],
      "best_params": {
        "n_estimators": 1600,
        "max_depth": 75,
        "min_samples_leaf": 1,
        "max_features": 0.75
      }
    },
    {
      "n_features": 24,
      "mse": 0.0011344001974991963,
      "kept_cols": [
        "A",
        "N",
        "ME",
        "BEA",
        "BEA_A",
        "AM",
        "Sn",
        "S2n",
        "Sp",
        "S2p",
        "Radius",
        "rms_radius",
        "n_rms_radius",
        "p_rms_radius",
        "n_chem_erg",
        "p_chem_erg",
        "Radius_compound",
        "BEA_A_compound",
        "Radius_daughter",
        "ME_daughter",
        "BEA_daughter",
        "BEA_A_daughter",
        "Spin_daughter",
        "ERG"
      ],
      "best_params": {
        "n_estimators": 1600,
        "max_depth": 75,
        "min_samples_leaf": 1,
        "max_features": 0.75
      }
    },
    {
      "n_features": 23,
      "mse": 0.0011266068167903847,
      "kept_cols": [
        "A",
        "N",
        "ME",
        "BEA",
        "BEA_A",
        "AM",
        "Sn",
        "S2n",
        "Sp",
        "S2p",
        "Radius",
        "rms_radius",
        "n_rms_radius",
        "p_rms_radius",
        "n_chem_erg",
        "p_chem_erg",
        "Radius_compound",
        "BEA_A_compound",
        "Radius_daughter",
        "BEA_daughter",
        "BEA_A_daughter",
        "Spin_daughter",
        "ERG"
      ],
      "best_params": {
        "n_estimators": 1600,
        "max_depth": 75,
        "min_samples_leaf": 1,
        "max_features": 0.75
      }
    },
    {
      "n_features": 22,
      "mse": 0.0011031938883806255,
      "kept_cols": [
        "A",
        "N",
        "ME",
        "BEA",
        "BEA_A",
        "AM",
        "Sn",
        "S2n",
        "Sp",
        "S2p",
        "Radius",
        "rms_radius",
        "n_rms_radius",
        "p_rms_radius",
        "n_chem_erg",
        "Radius_compound",
        "BEA_A_compound",
        "Radius_daughter",
        "BEA_daughter",
        "BEA_A_daughter",
        "Spin_daughter",
        "ERG"
      ],
      "best_params": {
        "n_estimators": 1600,
        "max_depth": 75,
        "min_samples_leaf": 1,
        "max_features": 0.75
      }
    },
    {
      "n_features": 21,
      "mse": 0.001108039033322215,
      "kept_cols": [
        "A",
        "N",
        "ME",
        "BEA",
        "BEA_A",
        "AM",
        "Sn",
        "S2n",
        "Sp",
        "S2p",
        "Radius",
        "rms_radius",
        "n_rms_radius",
        "p_rms_radius",
        "n_chem_erg",
        "BEA_A_compound",
        "Radius_daughter",
        "BEA_daughter",
        "BEA_A_daughter",
        "Spin_daughter",
        "ERG"
      ],
      "best_params": {
        "n_estimators": 1500,
        "max_depth": 75,
        "min_samples_leaf": 1,
        "max_features": 0.75
      }
    },
    {
      "n_features": 20,
      "mse": 0.0011382166559436482,
      "kept_cols": [
        "A",
        "N",
        "ME",
        "BEA",
        "BEA_A",
        "AM",
        "Sn",
        "S2n",
        "Sp",
        "S2p",
        "Radius",
        "rms_radius",
        "n_rms_radius",
        "p_rms_radius",
        "n_chem_erg",
        "BEA_A_compound",
        "Radius_daughter",
        "BEA_A_daughter",
        "Spin_daughter",
        "ERG"
      ],
      "best_params": {
        "n_estimators": 1500,
        "max_depth": 75,
        "min_samples_leaf": 1,
        "max_features": 0.75
      }
    },
    {
      "n_features": 19,
      "mse": 0.0011330301038663102,
      "kept_cols": [
        "A",
        "N",
        "ME",
        "BEA",
        "BEA_A",
        "AM",
        "Sn",
        "S2n",
        "Sp",
        "S2p",
        "Radius",
        "rms_radius",
        "n_rms_radius",
        "p_rms_radius",
        "n_chem_erg",
        "BEA_A_compound",
        "Radius_daughter",
        "BEA_A_daughter",
        "ERG"
      ],
      "best_params": {
        "n_estimators": 1600,
        "max_depth": 75,
        "min_samples_leaf": 1,
        "max_features": 0.75
      }
    },
    {
      "n_features": 18,
      "mse": 0.001150278634244946,
      "kept_cols": [
        "A",
        "N",
        "ME",
        "BEA",
        "BEA_A",
        "AM",
        "Sn",
        "S2n",
        "Sp",
        "Radius",
        "rms_radius",
        "n_rms_radius",
        "p_rms_radius",
        "n_chem_erg",
        "BEA_A_compound",
        "Radius_daughter",
        "BEA_A_daughter",
        "ERG"
      ],
      "best_params": {
        "n_estimators": 1500,
        "max_depth": 75,
        "min_samples_leaf": 1,
        "max_features": 0.75
      }
    },
    {
      "n_features": 17,
      "mse": 0.0011374296281172168,
      "kept_cols": [
        "A",
        "N",
        "BEA",
        "BEA_A",
        "AM",
        "Sn",
        "S2n",
        "Sp",
        "Radius",
        "rms_radius",
        "n_rms_radius",
        "p_rms_radius",
        "n_chem_erg",
        "BEA_A_compound",
        "Radius_daughter",
        "BEA_A_daughter",
        "ERG"
      ],
      "best_params": {
        "n_estimators": 1600,
        "max_depth": 75,
        "min_samples_leaf": 1,
        "max_features": 0.75
      }
    },
    {
      "n_features": 16,
      "mse": 0.0012090368380438666,
      "kept_cols": [
        "A",
        "N",
        "BEA",
        "BEA_A",
        "AM",
        "Sn",
        "S2n",
        "Radius",
        "rms_radius",
        "n_rms_radius",
        "p_rms_radius",
        "n_chem_erg",
        "BEA_A_compound",
        "Radius_daughter",
        "BEA_A_daughter",
        "ERG"
      ],
      "best_params": {
        "n_estimators": 1500,
        "max_depth": 75,
        "min_samples_leaf": 1,
        "max_features": 0.75
      }
    },
    {
      "n_features": 15,
      "mse": 0.0011802223740799722,
      "kept_cols": [
        "N",
        "BEA",
        "BEA_A",
        "AM",
        "Sn",
        "S2n",
        "Radius",
        "rms_radius",
        "n_rms_radius",
        "p_rms_radius",
        "n_chem_erg",
        "BEA_A_compound",
        "Radius_daughter",
        "BEA_A_daughter",
        "ERG"
      ],
      "best_params": {
        "n_estimators": 1600,
        "max_depth": 75,
        "min_samples_leaf": 1,
        "max_features": 0.75
      }
    },
    {
      "n_features": 14,
      "mse": 0.0011694107712255206,
      "kept_cols": [
        "N",
        "BEA",
        "BEA_A",
        "AM",
        "Sn",
        "S2n",
        "Radius",
        "n_rms_radius",
        "p_rms_radius",
        "n_chem_erg",
        "BEA_A_compound",
        "Radius_daughter",
        "BEA_A_daughter",
        "ERG"
      ],
      "best_params": {
        "n_estimators": 1600,
        "max_depth": 75,
        "min_samples_leaf": 1,
        "max_features": 0.75
      }
    },
    {
      "n_features": 13,
      "mse": 0.001157761335614068,
      "kept_cols": [
        "N",
        "BEA",
        "BEA_A",
        "AM",
        "Sn",
        "S2n",
        "Radius",
        "n_rms_radius",
        "p_rms_radius",
        "n_chem_erg",
        "BEA_A_compound",
        "BEA_A_daughter",
        "ERG"
      ],
      "best_params": {
        "n_estimators": 1000,
        "max_depth": 80,
        "min_samples_leaf": 1,
        "max_features": 0.75
      }
    },
    {
      "n_features": 12,
      "mse": 0.001199441705313915,
      "kept_cols": [
        "N",
        "BEA",
        "BEA_A",
        "Sn",
        "S2n",
        "Radius",
        "n_rms_radius",
        "p_rms_radius",
        "n_chem_erg",
        "BEA_A_compound",
        "BEA_A_daughter",
        "ERG"
      ],
      "best_params": {
        "n_estimators": 1600,
        "max_depth": 75,
        "min_samples_leaf": 1,
        "max_features": 0.75
      }
    },
    {
      "n_features": 11,
      "mse": 0.0012040697177463293,
      "kept_cols": [
        "N",
        "BEA_A",
        "Sn",
        "S2n",
        "Radius",
        "n_rms_radius",
        "p_rms_radius",
        "n_chem_erg",
        "BEA_A_compound",
        "BEA_A_daughter",
        "ERG"
      ],
      "best_params": {
        "n_estimators": 1500,
        "max_depth": 75,
        "min_samples_leaf": 1,
        "max_features": 0.75
      }
    },
    {
      "n_features": 10,
      "mse": 0.0011780602540018134,
      "kept_cols": [
        "N",
        "BEA_A",
        "Sn",
        "S2n",
        "Radius",
        "n_rms_radius",
        "n_chem_erg",
        "BEA_A_compound",
        "BEA_A_daughter",
        "ERG"
      ],
      "best_params": {
        "n_estimators": 1600,
        "max_depth": 75,
        "min_samples_leaf": 1,
        "max_features": 0.75
      }
    },
    {
      "n_features": 9,
      "mse": 0.001182450751140858,
      "kept_cols": [
        "N",
        "BEA_A",
        "Sn",
        "S2n",
        "Radius",
        "n_rms_radius",
        "BEA_A_compound",
        "BEA_A_daughter",
        "ERG"
      ],
      "best_params": {
        "n_estimators": 1000,
        "max_depth": 80,
        "min_samples_leaf": 1,
        "max_features": 0.75
      }
    },
    {
      "n_features": 8,
      "mse": 0.0011359254006034698,
      "kept_cols": [
        "N",
        "BEA_A",
        "Sn",
        "S2n",
        "Radius",
        "n_rms_radius",
        "BEA_A_daughter",
        "ERG"
      ],
      "best_params": {
        "n_estimators": 1500,
        "max_depth": 65,
        "min_samples_leaf": 1,
        "max_features": "log2"
      }
    },
    {
      "n_features": 7,
      "mse": 0.0013141235281220892,
      "kept_cols": [
        "N",
        "BEA_A",
        "Sn",
        "Radius",
        "n_rms_radius",
        "BEA_A_daughter",
        "ERG"
      ],
      "best_params": {
        "n_estimators": 1500,
        "max_depth": 75,
        "min_samples_leaf": 1,
        "max_features": 0.5
      }
    },
    {
      "n_features": 6,
      "mse": 0.0014563173224315118,
      "kept_cols": [
        "N",
        "BEA_A",
        "Sn",
        "n_rms_radius",
        "BEA_A_daughter",
        "ERG"
      ],
      "best_params": {
        "n_estimators": 1500,
        "max_depth": 55,
        "min_samples_leaf": 1,
        "max_features": 0.5
      }
    },
    {
      "n_features": 5,
      "mse": 0.002298312906026863,
      "kept_cols": [
        "N",
        "BEA_A",
        "n_rms_radius",
        "BEA_A_daughter",
        "ERG"
      ],
      "best_params": {
        "n_estimators": 1000,
        "max_depth": 50,
        "min_samples_leaf": 1,
        "max_features": 0.25
      }
    },
    {
      "n_features": 4,
      "mse": 0.003213617996011637,
      "kept_cols": [
        "N",
        "BEA_A",
        "n_rms_radius",
        "ERG"
      ],
      "best_params": {
        "n_estimators": 1000,
        "max_depth": 50,
        "min_samples_leaf": 1,
        "max_features": 0.25
      }
    }
  ],
  "total": 60
}