n_features,mse,kept_cols,best_params
60,0.00039847241783926804,"['Z', 'A', 'N', 'ME', 'BEA', 'BEA_A', 'AM', 'Sn', 'S2n', 'Sp', 'S2p', 'Radius', 'Pairing', 'Shell', 'Spin', 'Parity', 'Deform', 'Decay_Const', 'Z_even', 'A_even', 'N_even', 'beta_deformation', 'gamma_deformation', 'octopole_deformation', 'rms_radius', 'n_rms_radius', 'p_rms_radius', 'n_gap_erg', 'p_gap_erg', 'n_chem_erg', 'p_chem_erg', 'Sn_compound', 'S2n_compound', 'Sp_compound', 'S2p_compound', 'Radius_compound', 'ME_compound', 'BEA_compound', 'BEA_A_compound', 'Sn_daughter', 'S2n_daughter', 'Sp_daughter', 'S2p_daughter', 'Radius_daughter', 'ME_daughter', 'BEA_daughter', 'BEA_A_daughter', 'Pairing_compound', 'Shell_compound', 'Spin_compound', 'Parity_compound', 'Deform_compound', 'Decay_compound', 'Pairing_daughter', 'Shell_daughter', 'Spin_daughter', 'Parity_daughter', 'Deform_daughter', 'Decay_daughter', 'ERG']","{'n_estimators': 950, 'max_depth': 12, 'learning_rate': 0.023387395380801576, 'subsample': 0.51735171792841, 'colsample_bytree': 0.9288234523314991, 'reg_lambda': 0.0014623166653720773, 'reg_alpha': 0.011838563687274007}"
59,0.00040720316283314776,"['Z', 'A', 'N', 'ME', 'BEA', 'BEA_A', 'AM', 'Sn', 'S2n', 'Sp', 'S2p', 'Radius', 'Pairing', 'Shell', 'Spin', 'Parity', 'Deform', 'Decay_Const', 'Z_even', 'A_even', 'N_even', 'beta_deformation', 'gamma_deformation', 'octopole_deformation', 'rms_radius', 'n_rms_radius', 'p_rms_radius', 'n_gap_erg', 'p_gap_erg', 'n_chem_erg', 'p_chem_erg', 'Sn_compound', 'S2n_compound', 'Sp_compound', 'S2p_compound', 'Radius_compound', 'ME_compound', 'BEA_compound', 'BEA_A_compound', 'Sn_daughter', 'S2n_daughter', 'Sp_daughter', 'Radius_daughter', 'ME_daughter', 'BEA_daughter', 'BEA_A_daughter', 'Pairing_compound', 'Shell_compound', 'Spin_compound', 'Parity_compound', 'Deform_compound', 'Decay_compound', 'Pairing_daughter', 'Shell_daughter', 'Spin_daughter', 'Parity_daughter', 'Deform_daughter', 'Decay_daughter', 'ERG']","{'n_estimators': 950, 'max_depth': 12, 'learning_rate': 0.023387395380801576, 'subsample': 0.51735171792841, 'colsample_bytree': 0.9288234523314991, 'reg_lambda': 0.0014623166653720773, 'reg_alpha': 0.011838563687274007}"
58,0.0003964545677811149,"['Z', 'A', 'N', 'ME', 'BEA', 'BEA_A', 'AM', 'Sn', 'S2n', 'Sp', 'S2p', 'Radius', 'Pairing', 'Shell', 'Spin', 'Parity', 'Deform', 'Decay_Const', 'Z_even', 'A_even', 'N_even', 'beta_deformation', 'gamma_deformation', 'octopole_deformation', 'rms_radius', 'n_rms_radius', 'p_rms_radius', 'n_gap_erg', 'p_gap_erg', 'n_chem_erg', 'p_chem_erg', 'Sn_compound', 'S2n_compound', 'Sp_compound', 'S2p_compound', 'Radius_compound', 'ME_compound', 'BEA_compound', 'BEA_A_compound', 'Sn_daughter', 'S2n_daughter', 'Sp_daughter', 'Radius_daughter', 'ME_daughter', 'BEA_daughter', 'Pairing_compound', 'Shell_compound', 'Spin_compound', 'Parity_compound', 'Deform_compound', 'Decay_compound', 'Pairing_daughter', 'Shell_daughter', 'Spin_daughter', 'Parity_daughter', 'Deform_daughter', 'Decay_daughter', 'ERG']","{'n_estimators': 950, 'max_depth': 12, 'learning_rate': 0.023387395380801576, 'subsample': 0.51735171792841, 'colsample_bytree': 0.9288234523314991, 'reg_lambda': 0.0014623166653720773, 'reg_alpha': 0.011838563687274007}"
57,0.0003862631275840695,"['Z', 'A', 'N', 'ME', 'BEA', 'BEA_A', 'AM', 'Sn', 'S2n', 'Sp', 'S2p', 'Radius', 'Pairing', 'Shell', 'Spin', 'Parity', 'Deform', 'Decay_Const', 'Z_even', 'N_even', 'beta_deformation', 'gamma_deformation', 'octopole_deformation', 'rms_radius', 'n_rms_radius', 'p_rms_radius', 'n_gap_erg', 'p_gap_erg', 'n_chem_erg', 'p_chem_erg', 'Sn_compound', 'S2n_compound', 'Sp_compound', 'S2p_compound', 'Radius_compound', 'ME_compound', 'BEA_compound', 'BEA_A_compound', 'Sn_daughter', 'S2n_daughter', 'Sp_daughter', 'Radius_daughter', 'ME_daughter', 'BEA_daughter', 'Pairing_compound', 'Shell_compound', 'Spin_compound', 'Parity_compound', 'Deform_compound', 'Decay_compound', 'Pairing_daughter', 'Shell_daughter', 'Spin_daughter', 'Parity_daughter', 'Deform_daughter', 'Decay_daughter', 'ERG']","{'n_estimators': 950, 'max_depth': 12, 'learning_rate': 0.023387395380801576, 'subsample': 0.51735171792841, 'colsample_bytree': 0.9288234523314991, 'reg_lambda': 0.0014623166653720773, 'reg_alpha': 0.011838563687274007}"
56,0.0003969325182891786,"['Z', 'A', 'N', 'ME', 'BEA', 'BEA_A', 'AM', 'Sn', 'S2n', 'Sp', 'S2p', 'Radius', 'Pairing', 'Shell', 'Spin', 'Parity', 'Deform', 'Decay_Const', 'Z_even', 'N_even', 'beta_deformation', 'gamma_deformation', 'octopole_deformation', 'rms_radius', 'n_rms_radius', 'p_rms_radius', 'n_gap_erg', 'p_gap_erg', 'n_chem_erg', 'p_chem_erg', 'Sn_compound', 'S2n_compound', 'Sp_compound', 'S2p_compound', 'Radius_compound', 'ME_compound', 'BEA_compound', 'BEA_A_compound', 'Sn_daughter', 'S2n_daughter', 'Sp_daughter', 'Radius_daughter', 'ME_daughter', 'BEA_daughter', 'Pairing_compound', 'Shell_compound', 'Spin_compound', 'Parity_compound', 'Deform_compound', 'Decay_compound', 'Pairing_daughter', 'Shell_daughter', 'Spin_daughter', 'Deform_daughter', 'Decay_daughter', 'ERG']","{'n_estimators': 950, 'max_depth': 12, 'learning_rate': 0.023387395380801576, 'subsample': 0.51735171792841, 'colsample_bytree': 0.9288234523314991, 'reg_lambda': 0.0014623166653720773, 'reg_alpha': 0.011838563687274007}"
55,0.0003893632050297127,"['Z', 'A', 'N', 'ME', 'BEA', 'BEA_A', 'AM', 'Sn', 'S2n', 'Sp', 'S2p', 'Radius', 'Pairing', 'Shell', 'Spin', 'Parity', 'Deform', 'Decay_Const', 'Z_even', 'N_even', 'beta_deformation', 'gamma_deformation', 'octopole_deformation', 'rms_radius', 'n_rms_radius', 'p_rms_radius', 'n_gap_erg', 'p_gap_erg', 'n_chem_erg', 'p_chem_erg', 'Sn_compound', 'S2n_compound', 'Sp_compound', 'S2p_compound', 'Radius_compound', 'ME_compound', 'BEA_compound', 'BEA_A_compound', 'Sn_daughter', 'S2n_daughter', 'Sp_daughter', 'Radius_daughter', 'ME_daughter', 'BEA_daughter', 'Pairing_compound', 'Shell_compound', 'Spin_compound', 'Deform_compound', 'Decay_compound', 'Pairing_daughter', 'Shell_daughter', 'Spin_daughter', 'Deform_daughter', 'Decay_daughter', 'ERG']","{'n_estimators': 950, 'max_depth': 12, 'learning_rate': 0.023387395380801576, 'subsample': 0.51735171792841, 'colsample_bytree': 0.9288234523314991, 'reg_lambda': 0.0014623166653720773, 'reg_alpha': 0.011838563687274007}"
54,0.000385507457892652,"['Z', 'A', 'N', 'ME', 'BEA', 'BEA_A', 'AM', 'Sn', 'S2n', 'Sp', 'S2p', 'Radius', 'Pairing', 'Shell', 'Spin', 'Parity', 'Deform', 'Decay_Const', 'Z_even', 'N_even', 'beta_deformation', 'gamma_deformation', 'octopole_deformation', 'rms_radius', 'n_rms_radius', 'p_rms_radius', 'n_gap_erg', 'p_gap_erg', 'n_chem_erg', 'p_chem_erg', 'Sn_compound', 'S2n_compound', 'Sp_compound', 'S2p_compound', 'Radius_compound', 'ME_compound', 'BEA_compound', 'BEA_A_compound', 'Sn_daughter', 'S2n_daughter', 'Sp_daughter', 'Radius_daughter', 'ME_daughter', 'BEA_daughter', 'Pairing_compound', 'Shell_compound', 'Spin_compound', 'Deform_compound', 'Decay_compound', 'Shell_daughter', 'Spin_daughter', 'Deform_daughter', 'Decay_daughter', 'ERG']","{'n_estimators': 950, 'max_depth': 12, 'learning_rate': 0.023387395380801576, 'subsample': 0.51735171792841, 'colsample_bytree': 0.9288234523314991, 'reg_lambda': 0.0014623166653720773, 'reg_alpha': 0.011838563687274007}"
53,0.000406872442997814,"['Z', 'A', 'N', 'ME', 'BEA', 'BEA_A', 'AM', 'Sn', 'S2n', 'Sp', 'S2p', 'Radius', 'Pairing', 'Shell', 'Spin', 'Parity', 'Deform', 'Decay_Const', 'Z_even', 'N_even', 'beta_deformation', 'gamma_deformation', 'octopole_deformation', 'rms_radius', 'n_rms_radius', 'p_rms_radius', 'n_gap_erg', 'p_gap_erg', 'n_chem_erg', 'p_chem_erg', 'Sn_compound', 'S2n_compound', 'Sp_compound', 'S2p_compound', 'Radius_compound', 'ME_compound', 'BEA_compound', 'BEA_A_compound', 'Sn_daughter', 'Sp_daughter', 'Radius_daughter', 'ME_daughter', 'BEA_daughter', 'Pairing_compound', 'Shell_compound', 'Spin_compound', 'Deform_compound', 'Decay_compound', 'Shell_daughter', 'Spin_daughter', 'Deform_daughter', 'Decay_daughter', 'ERG']","{'n_estimators': 950, 'max_depth': 12, 'learning_rate': 0.023387395380801576, 'subsample': 0.51735171792841, 'colsample_bytree': 0.9288234523314991, 'reg_lambda': 0.0014623166653720773, 'reg_alpha': 0.011838563687274007}"
52,0.0003844916187095934,"['Z', 'A', 'N', 'ME', 'BEA', 'BEA_A', 'AM', 'Sn', 'S2n', 'Sp', 'S2p', 'Radius', 'Pairing', 'Shell', 'Spin', 'Parity', 'Deform', 'Decay_Const', 'Z_even', 'N_even', 'beta_deformation', 'gamma_deformation', 'rms_radius', 'n_rms_radius', 'p_rms_radius', 'n_gap_erg', 'p_gap_erg', 'n_chem_erg', 'p_chem_erg', 'Sn_compound', 'S2n_compound', 'Sp_compound', 'S2p_compound', 'Radius_compound', 'ME_compound', 'BEA_compound', 'BEA_A_compound', 'Sn_daughter', 'Sp_daughter', 'Radius_daughter', 'ME_daughter', 'BEA_daughter', 'Pairing_compound', 'Shell_compound', 'Spin_compound', 'Deform_compound', 'Decay_compound', 'Shell_daughter', 'Spin_daughter', 'Deform_daughter', 'Decay_daughter', 'ERG']","{'n_estimators': 950, 'max_depth': 7, 'learning_rate': 0.15225654389482135, 'subsample': 0.8141476914816346, 'colsample_bytree': 0.7053679771138108, 'reg_lambda': 9.189007524126804, 'reg_alpha': 0.006025415786548301}"
51,0.00039305556570491033,"['Z', 'A', 'N', 'ME', 'BEA', 'BEA_A', 'AM', 'Sn', 'S2n', 'Sp', 'S2p', 'Radius', 'Pairing', 'Shell', 'Spin', 'Parity', 'Deform', 'Decay_Const', 'Z_even', 'N_even', 'beta_deformation', 'gamma_deformation', 'rms_radius', 'n_rms_radius', 'n_gap_erg', 'p_gap_erg', 'n_chem_erg', 'p_chem_erg', 'Sn_compound', 'S2n_compound', 'Sp_compound', 'S2p_compound', 'Radius_compound', 'ME_compound', 'BEA_compound', 'BEA_A_compound', 'Sn_daughter', 'Sp_daughter', 'Radius_daughter', 'ME_daughter', 'BEA_daughter', 'Pairing_compound', 'Shell_compound', 'Spin_compound', 'Deform_compound', 'Decay_compound', 'Shell_daughter', 'Spin_daughter', 'Deform_daughter', 'Decay_daughter', 'ERG']","{'n_estimators': 950, 'max_depth': 12, 'learning_rate': 0.023387395380801576, 'subsample': 0.51735171792841, 'colsample_bytree': 0.9288234523314991, 'reg_lambda': 0.0014623166653720773, 'reg_alpha': 0.011838563687274007}"
50,0.00040094268488459554,"['Z', 'A', 'N', 'ME', 'BEA', 'BEA_A', 'AM', 'Sn', 'S2n', 'Sp', 'S2p', 'Radius', 'Pairing', 'Shell', 'Spin', 'Parity', 'Deform', 'Decay_Const', 'Z_even', 'N_even', 'beta_deformation', 'gamma_deformation', 'rms_radius', 'n_rms_radius', 'n_gap_erg', 'p_gap_erg', 'n_chem_erg', 'p_chem_erg', 'Sn_compound', 'S2n_compound', 'Sp_compound', 'S2p_compound', 'Radius_compound', 'ME_compound', 'BEA_compound', 'BEA_A_compound', 'Sn_daughter', 'Sp_daughter', 'Radius_daughter', 'ME_daughter', 'BEA_daughter', 'Shell_compound', 'Spin_compound', 'Deform_compound', 'Decay_compound', 'Shell_daughter', 'Spin_daughter', 'Deform_daughter', 'Decay_daughter', 'ERG']","{'n_estimators': 950, 'max_depth': 12, 'learning_rate': 0.023387395380801576, 'subsample': 0.51735171792841, 'colsample_bytree': 0.9288234523314991, 'reg_lambda': 0.0014623166653720773, 'reg_alpha': 0.011838563687274007}"
49,0.0004008871972669088,"['Z', 'A', 'N', 'ME', 'BEA', 'BEA_A', 'Sn', 'S2n', 'Sp', 'S2p', 'Radius', 'Pairing', 'Shell', 'Spin', 'Parity', 'Deform', 'Decay_Const', 'Z_even', 'N_even', 'beta_deformation', 'gamma_deformation', 'rms_radius', 'n_rms_radius', 'n_gap_erg', 'p_gap_erg', 'n_chem_erg', 'p_chem_erg', 'Sn_compound', 'S2n_compound', 'Sp_compound', 'S2p_compound', 'Radius_compound', 'ME_compound', 'BEA_compound', 'BEA_A_compound', 'Sn_daughter', 'Sp_daughter', 'Radius_daughter', 'ME_daughter', 'BEA_daughter', 'Shell_compound', 'Spin_compound', 'Deform_compound', 'Decay_compound', 'Shell_daughter', 'Spin_daughter', 'Deform_daughter', 'Decay_daughter', 'ERG']","{'n_estimators': 950, 'max_depth': 12, 'learning_rate': 0.023387395380801576, 'subsample': 0.51735171792841, 'colsample_bytree': 0.9288234523314991, 'reg_lambda': 0.0014623166653720773, 'reg_alpha': 0.011838563687274007}"
48,0.00036751412660465915,"['Z', 'A', 'N', 'ME', 'BEA', 'BEA_A', 'Sn', 'S2n', 'Sp', 'S2p', 'Radius', 'Pairing', 'Shell', 'Spin', 'Parity', 'Deform', 'Decay_Const', 'Z_even', 'N_even', 'beta_deformation', 'gamma_deformation', 'rms_radius', 'n_rms_radius', 'n_gap_erg', 'p_gap_erg', 'n_chem_erg', 'p_chem_erg', 'Sn_compound', 'S2n_compound', 'Sp_compound', 'Radius_compound', 'ME_compound', 'BEA_compound', 'BEA_A_compound', 'Sn_daughter', 'Sp_daughter', 'Radius_daughter', 'ME_daughter', 'BEA_daughter', 'Shell_compound', 'Spin_compound', 'Deform_compound', 'Decay_compound', 'Shell_daughter', 'Spin_daughter', 'Deform_daughter', 'Decay_daughter', 'ERG']","{'n_estimators': 950, 'max_depth': 6, 'learning_rate': 0.03480524515817951, 'subsample': 0.8307841467512862, 'colsample_bytree': 0.9902984875189812, 'reg_lambda': 0.0010155840048922701, 'reg_alpha': 0.004129436011605102}"
47,0.0004014852389973481,"['Z', 'A', 'N', 'ME', 'BEA', 'BEA_A', 'Sn', 'S2n', 'Sp', 'S2p', 'Radius', 'Pairing', 'Shell', 'Spin', 'Deform', 'Decay_Const', 'Z_even', 'N_even', 'beta_deformation', 'gamma_deformation', 'rms_radius', 'n_rms_radius', 'n_gap_erg', 'p_gap_erg', 'n_chem_erg', 'p_chem_erg', 'Sn_compound', 'S2n_compound', 'Sp_compound', 'Radius_compound', 'ME_compound', 'BEA_compound', 'BEA_A_compound', 'Sn_daughter', 'Sp_daughter', 'Radius_daughter', 'ME_daughter', 'BEA_daughter', 'Shell_compound', 'Spin_compound', 'Deform_compound', 'Decay_compound', 'Shell_daughter', 'Spin_daughter', 'Deform_daughter', 'Decay_daughter', 'ERG']","{'n_estimators': 950, 'max_depth': 12, 'learning_rate': 0.023387395380801576, 'subsample': 0.51735171792841, 'colsample_bytree': 0.9288234523314991, 'reg_lambda': 0.0014623166653720773, 'reg_alpha': 0.011838563687274007}"
46,0.0004187877050640828,"['Z', 'A', 'N', 'ME', 'BEA', 'BEA_A', 'Sn', 'S2n', 'Sp', 'S2p', 'Radius', 'Pairing', 'Shell', 'Spin', 'Decay_Const', 'Z_even', 'N_even', 'beta_deformation', 'gamma_deformation', 'rms_radius', 'n_rms_radius', 'n_gap_erg', 'p_gap_erg', 'n_chem_erg', 'p_chem_erg', 'Sn_compound', 'S2n_compound', 'Sp_compound', 'Radius_compound', 'ME_compound', 'BEA_compound', 'BEA_A_compound', 'Sn_daughter', 'Sp_daughter', 'Radius_daughter', 'ME_daughter', 'BEA_daughter', 'Shell_compound', 'Spin_compound', 'Deform_compound', 'Decay_compound', 'Shell_daughter', 'Spin_daughter', 'Deform_daughter', 'Decay_daughter', 'ERG']","{'n_estimators': 950, 'max_depth': 12, 'learning_rate': 0.023387395380801576, 'subsample': 0.51735171792841, 'colsample_bytree': 0.9288234523314991, 'reg_lambda': 0.0014623166653720773, 'reg_alpha': 0.011838563687274007}"
45,0.00040741173417932643,"['Z', 'A', 'N', 'ME', 'BEA', 'BEA_A', 'Sn', 'S2n', 'Sp', 'S2p', 'Radius', 'Pairing', 'Shell', 'Spin', 'Decay_Const', 'Z_even', 'N_even', 'beta_deformation', 'gamma_deformation', 'rms_radius', 'n_rms_radius', 'n_gap_erg', 'p_gap_erg', 'n_chem_erg', 'p_chem_erg', 'Sn_compound', 'S2n_compound', 'Sp_compound', 'Radius_compound', 'ME_compound', 'BEA_compound', 'BEA_A_compound', 'Sn_daughter', 'Radius_daughter', 'ME_daughter', 'BEA_daughter', 'Shell_compound', 'Spin_compound', 'Deform_compound', 'Decay_compound', 'Shell_daughter', 'Spin_daughter', 'Deform_daughter', 'Decay_daughter', 'ERG']","{'n_estimators': 950, 'max_depth': 12, 'learning_rate': 0.023387395380801576, 'subsample': 0.51735171792841, 'colsample_bytree': 0.9288234523314991, 'reg_lambda': 0.0014623166653720773, 'reg_alpha': 0.011838563687274007}"
44,0.00040057176647733013,"['Z', 'A', 'N', 'ME', 'BEA', 'BEA_A', 'Sn', 'S2n', 'Sp', 'S2p', 'Radius', 'Pairing', 'Shell', 'Spin', 'Decay_Const', 'Z_even', 'N_even', 'beta_deformation', 'gamma_deformation', 'rms_radius', 'n_rms_radius', 'n_gap_erg', 'p_gap_erg', 'n_chem_erg', 'p_chem_erg', 'Sn_compound', 'S2n_compound', 'Sp_compound', 'Radius_compound', 'ME_compound', 'BEA_compound', 'BEA_A_compound', 'Sn_daughter', 'Radius_daughter', 'ME_daughter', 'BEA_daughter', 'Shell_compound', 'Spin_compound', 'Deform_compound', 'Decay_compound', 'Spin_daughter', 'Deform_daughter', 'Decay_daughter', 'ERG']","{'n_estimators': 950, 'max_depth': 7, 'learning_rate': 0.15225654389482135, 'subsample': 0.8141476914816346, 'colsample_bytree': 0.7053679771138108, 'reg_lambda': 9.189007524126804, 'reg_alpha': 0.006025415786548301}"
43,0.0003860205187437746,"['Z', 'A', 'N', 'ME', 'BEA', 'BEA_A', 'Sn', 'S2n', 'Sp', 'S2p', 'Radius', 'Pairing', 'Shell', 'Spin', 'Decay_Const', 'Z_even', 'N_even', 'beta_deformation', 'gamma_deformation', 'rms_radius', 'n_rms_radius', 'n_gap_erg', 'p_gap_erg', 'n_chem_erg', 'p_chem_erg', 'Sn_compound', 'S2n_compound', 'Sp_compound', 'Radius_compound', 'ME_compound', 'BEA_A_compound', 'Sn_daughter', 'Radius_daughter', 'ME_daughter', 'BEA_daughter', 'Shell_compound', 'Spin_compound', 'Deform_compound', 'Decay_compound', 'Spin_daughter', 'Deform_daughter', 'Decay_daughter', 'ERG']","{'n_estimators': 950, 'max_depth': 7, 'learning_rate': 0.15225654389482135, 'subsample': 0.8141476914816346, 'colsample_bytree': 0.7053679771138108, 'reg_lambda': 9.189007524126804, 'reg_alpha': 0.006025415786548301}"
42,0.0003955015977089802,"['Z', 'A', 'N', 'ME', 'BEA', 'BEA_A', 'Sn', 'S2n', 'Sp', 'S2p', 'Radius', 'Pairing', 'Shell', 'Spin', 'Decay_Const', 'Z_even', 'N_even', 'beta_deformation', 'gamma_deformation', 'n_rms_radius', 'n_gap_erg', 'p_gap_erg', 'n_chem_erg', 'p_chem_erg', 'Sn_compound', 'S2n_compound', 'Sp_compound', 'Radius_compound', 'ME_compound', 'BEA_A_compound', 'Sn_daughter', 'Radius_daughter', 'ME_daughter', 'BEA_daughter', 'Shell_compound', 'Spin_compound', 'Deform_compound', 'Decay_compound', 'Spin_daughter', 'Deform_daughter', 'Decay_daughter', 'ERG']","{'n_estimators': 950, 'max_depth': 12, 'learning_rate': 0.023387395380801576, 'subsample': 0.51735171792841, 'colsample_bytree': 0.9288234523314991, 'reg_lambda': 0.0014623166653720773, 'reg_alpha': 0.011838563687274007}"
41,0.0004049525981724677,"['Z', 'A', 'N', 'ME', 'BEA', 'BEA_A', 'Sn', 'S2n', 'Sp', 'S2p', 'Radius', 'Pairing', 'Shell', 'Decay_Const', 'Z_even', 'N_even', 'beta_deformation', 'gamma_deformation', 'n_rms_radius', 'n_gap_erg', 'p_gap_erg', 'n_chem_erg', 'p_chem_erg', 'Sn_compound', 'S2n_compound', 'Sp_compound', 'Radius_compound', 'ME_compound', 'BEA_A_compound', 'Sn_daughter', 'Radius_daughter', 'ME_daughter', 'BEA_daughter', 'Shell_compound', 'Spin_compound', 'Deform_compound', 'Decay_compound', 'Spin_daughter', 'Deform_daughter', 'Decay_daughter', 'ERG']","{'n_estimators': 950, 'max_depth': 12, 'learning_rate': 0.023387395380801576, 'subsample': 0.51735171792841, 'colsample_bytree': 0.9288234523314991, 'reg_lambda': 0.0014623166653720773, 'reg_alpha': 0.011838563687274007}"
40,0.00039258013696336633,"['Z', 'A', 'N', 'ME', 'BEA', 'BEA_A', 'Sn', 'S2n', 'Sp', 'S2p', 'Radius', 'Shell', 'Decay_Const', 'Z_even', 'N_even', 'beta_deformation', 'gamma_deformation', 'n_rms_radius', 'n_gap_erg', 'p_gap_erg', 'n_chem_erg', 'p_chem_erg', 'Sn_compound', 'S2n_compound', 'Sp_compound', 'Radius_compound', 'ME_compound', 'BEA_A_compound', 'Sn_daughter', 'Radius_daughter', 'ME_daughter', 'BEA_daughter', 'Shell_compound', 'Spin_compound', 'Deform_compound', 'Decay_compound', 'Spin_daughter', 'Deform_daughter', 'Decay_daughter', 'ERG']","{'n_estimators': 950, 'max_depth': 12, 'learning_rate': 0.023387395380801576, 'subsample': 0.51735171792841, 'colsample_bytree': 0.9288234523314991, 'reg_lambda': 0.0014623166653720773, 'reg_alpha': 0.011838563687274007}"
39,0.0004339501979949506,"['Z', 'A', 'N', 'ME', 'BEA', 'BEA_A', 'Sn', 'S2n', 'Sp', 'S2p', 'Radius', 'Shell', 'Decay_Const', 'Z_even', 'N_even', 'beta_deformation', 'gamma_deformation', 'n_rms_radius', 'n_gap_erg', 'p_gap_erg', 'n_chem_erg', 'p_chem_erg', 'Sn_compound', 'S2n_compound', 'Sp_compound', 'Radius_compound', 'ME_compound', 'BEA_A_compound', 'Sn_daughter', 'Radius_daughter', 'ME_daughter', 'Shell_compound', 'Spin_compound', 'Deform_compound', 'Decay_compound', 'Spin_daughter', 'Deform_daughter', 'Decay_daughter', 'ERG']","{'n_estimators': 950, 'max_depth': 7, 'learning_rate': 0.15225654389482135, 'subsample': 0.8141476914816346, 'colsample_bytree': 0.7053679771138108, 'reg_lambda': 9.189007524126804, 'reg_alpha': 0.006025415786548301}"
38,0.0003266246303536719,"['Z', 'A', 'N', 'ME', 'BEA', 'BEA_A', 'Sn', 'S2n', 'Sp', 'S2p', 'Radius', 'Shell', 'Decay_Const', 'Z_even', 'N_even', 'beta_deformation', 'gamma_deformation', 'n_rms_radius', 'n_gap_erg', 'p_gap_erg', 'n_chem_erg', 'p_chem_erg', 'Sn_compound', 'S2n_compound', 'Sp_compound', 'Radius_compound', 'ME_compound', 'BEA_A_compound', 'Sn_daughter', 'Radius_daughter', 'ME_daughter', 'Shell_compound', 'Spin_compound', 'Decay_compound', 'Spin_daughter', 'Deform_daughter', 'Decay_daughter', 'ERG']","{'n_estimators': 800, 'max_depth': 8, 'learning_rate': 0.03580643755827447, 'subsample': 0.58069677499457, 'colsample_bytree': 0.7141693262340026, 'reg_lambda': 0.0010042898457063472, 'reg_alpha': 0.001108551873299297}"
37,0.0003728113843336916,"['Z', 'A', 'N', 'ME', 'BEA', 'BEA_A', 'Sn', 'S2n', 'Sp', 'S2p', 'Radius', 'Shell', 'Decay_Const', 'Z_even', 'N_even', 'beta_deformation', 'gamma_deformation', 'n_rms_radius', 'n_gap_erg', 'p_gap_erg', 'n_chem_erg', 'p_chem_erg', 'Sn_compound', 'S2n_compound', 'Sp_compound', 'Radius_compound', 'ME_compound', 'BEA_A_compound', 'Sn_daughter', 'Radius_daughter', 'ME_daughter', 'Spin_compound', 'Decay_compound', 'Spin_daughter', 'Deform_daughter', 'Decay_daughter', 'ERG']","{'n_estimators': 950, 'max_depth': 7, 'learning_rate': 0.15225654389482135, 'subsample': 0.8141476914816346, 'colsample_bytree': 0.7053679771138108, 'reg_lambda': 9.189007524126804, 'reg_alpha': 0.006025415786548301}"
36,0.0004045568965992048,"['Z', 'A', 'N', 'ME', 'BEA', 'BEA_A', 'Sn', 'S2n', 'Sp', 'S2p', 'Radius', 'Shell', 'Decay_Const', 'Z_even', 'N_even', 'beta_deformation', 'gamma_deformation', 'n_rms_radius', 'n_gap_erg', 'p_gap_erg', 'n_chem_erg', 'p_chem_erg', 'Sn_compound', 'S2n_compound', 'Sp_compound', 'ME_compound', 'BEA_A_compound', 'Sn_daughter', 'Radius_daughter', 'ME_daughter', 'Spin_compound', 'Decay_compound', 'Spin_daughter', 'Deform_daughter', 'Decay_daughter', 'ERG']","{'n_estimators': 950, 'max_depth': 12, 'learning_rate': 0.023387395380801576, 'subsample': 0.51735171792841, 'colsample_bytree': 0.9288234523314991, 'reg_lambda': 0.0014623166653720773, 'reg_alpha': 0.011838563687274007}"
35,0.0003903656319017916,"['Z', 'A', 'N', 'ME', 'BEA', 'BEA_A', 'Sn', 'S2n', 'Sp', 'S2p', 'Radius', 'Shell', 'Decay_Const', 'Z_even', 'N_even', 'beta_deformation', 'gamma_deformation', 'n_rms_radius', 'n_gap_erg', 'p_gap_erg', 'n_chem_erg', 'p_chem_erg', 'Sn_compound', 'S2n_compound', 'Sp_compound', 'ME_compound', 'BEA_A_compound', 'Sn_daughter', 'Radius_daughter', 'ME_daughter', 'Spin_compound', 'Decay_compound', 'Spin_daughter', 'Deform_daughter', 'ERG']","{'n_estimators': 950, 'max_depth': 12, 'learning_rate': 0.023387395380801576, 'subsample': 0.51735171792841, 'colsample_bytree': 0.9288234523314991, 'reg_lambda': 0.0014623166653720773, 'reg_alpha': 0.011838563687274007}"
34,0.00039533620293709436,"['Z', 'A', 'N', 'ME', 'BEA', 'BEA_A', 'Sn', 'S2n', 'Sp', 'S2p', 'Shell', 'Decay_Const', 'Z_even', 'N_even', 'beta_deformation', 'gamma_deformation', 'n_rms_radius', 'n_gap_erg', 'p_gap_erg', 'n_chem_erg', 'p_chem_erg', 'Sn_compound', 'S2n_compound', 'Sp_compound', 'ME_compound', 'BEA_A_compound', 'Sn_daughter', 'Radius_daughter', 'ME_daughter', 'Spin_compound', 'Decay_compound', 'Spin_daughter', 'Deform_daughter', 'ERG']","{'n_estimators': 950, 'max_depth': 7, 'learning_rate': 0.15225654389482135, 'subsample': 0.8141476914816346, 'colsample_bytree': 0.7053679771138108, 'reg_lambda': 9.189007524126804, 'reg_alpha': 0.006025415786548301}"
33,0.0003802945379616594,"['Z', 'A', 'N', 'ME', 'BEA', 'BEA_A', 'Sn', 'S2n', 'Sp', 'S2p', 'Shell', 'Z_even', 'N_even', 'beta_deformation', 'gamma_deformation', 'n_rms_radius', 'n_gap_erg', 'p_gap_erg', 'n_chem_erg', 'p_chem_erg', 'Sn_compound', 'S2n_compound', 'Sp_compound', 'ME_compound', 'BEA_A_compound', 'Sn_daughter', 'Radius_daughter', 'ME_daughter', 'Spin_compound', 'Decay_compound', 'Spin_daughter', 'Deform_daughter', 'ERG']","{'n_estimators': 950, 'max_depth': 7, 'learning_rate': 0.15225654389482135, 'subsample': 0.8141476914816346, 'colsample_bytree': 0.7053679771138108, 'reg_lambda': 9.189007524126804, 'reg_alpha': 0.006025415786548301}"
32,0.0003982274842209592,"['Z', 'A', 'N', 'ME', 'BEA', 'BEA_A', 'Sn', 'S2n', 'Sp', 'S2p', 'Shell', 'Z_even', 'N_even', 'beta_deformation', 'gamma_deformation', 'n_rms_radius', 'n_gap_erg', 'p_gap_erg', 'n_chem_erg', 'p_chem_erg', 'Sn_compound', 'S2n_compound', 'Sp_compound', 'ME_compound', 'Sn_daughter', 'Radius_daughter', 'ME_daughter', 'Spin_compound', 'Decay_compound', 'Spin_daughter', 'Deform_daughter', 'ERG']","{'n_estimators': 950, 'max_depth': 12, 'learning_rate': 0.023387395380801576, 'subsample': 0.51735171792841, 'colsample_bytree': 0.9288234523314991, 'reg_lambda': 0.0014623166653720773, 'reg_alpha': 0.011838563687274007}"
31,0.00040017600783103115,"['Z', 'A', 'N', 'ME', 'BEA', 'BEA_A', 'Sn', 'S2n', 'Sp', 'S2p', 'Shell', 'Z_even', 'N_even', 'beta_deformation', 'gamma_deformation', 'n_rms_radius', 'n_gap_erg', 'p_gap_erg', 'n_chem_erg', 'p_chem_erg', 'Sn_compound', 'Sp_compound', 'ME_compound', 'Sn_daughter', 'Radius_daughter', 'ME_daughter', 'Spin_compound', 'Decay_compound', 'Spin_daughter', 'Deform_daughter', 'ERG']","{'n_estimators': 950, 'max_depth': 12, 'learning_rate': 0.023387395380801576, 'subsample': 0.51735171792841, 'colsample_bytree': 0.9288234523314991, 'reg_lambda': 0.0014623166653720773, 'reg_alpha': 0.011838563687274007}"
30,0.0003794345574942995,"['Z', 'A', 'N', 'ME', 'BEA', 'BEA_A', 'Sn', 'S2n', 'Sp', 'S2p', 'Shell', 'Z_even', 'N_even', 'beta_deformation', 'gamma_deformation', 'n_rms_radius', 'n_gap_erg', 'p_gap_erg', 'n_chem_erg', 'p_chem_erg', 'Sn_compound', 'Sp_compound', 'ME_compound', 'Sn_daughter', 'Radius_daughter', 'ME_daughter', 'Spin_compound', 'Spin_daughter', 'Deform_daughter', 'ERG']","{'n_estimators': 950, 'max_depth': 12, 'learning_rate': 0.023387395380801576, 'subsample': 0.51735171792841, 'colsample_bytree': 0.9288234523314991, 'reg_lambda': 0.0014623166653720773, 'reg_alpha': 0.011838563687274007}"
29,0.00041058560314233023,"['Z', 'A', 'N', 'ME', 'BEA', 'BEA_A', 'Sn', 'S2n', 'Sp', 'S2p', 'Shell', 'Z_even', 'N_even', 'beta_deformation', 'gamma_deformation', 'n_rms_radius', 'n_gap_erg', 'p_gap_erg', 'n_chem_erg', 'p_chem_erg', 'Sn_compound', 'Sp_compound', 'Sn_daughter', 'Radius_daughter', 'ME_daughter', 'Spin_compound', 'Spin_daughter', 'Deform_daughter', 'ERG']","{'n_estimators': 950, 'max_depth': 12, 'learning_rate': 0.023387395380801576, 'subsample': 0.51735171792841, 'colsample_bytree': 0.9288234523314991, 'reg_lambda': 0.0014623166653720773, 'reg_alpha': 0.011838563687274007}"
28,0.00038894187358174033,"['Z', 'A', 'N', 'ME', 'BEA', 'BEA_A', 'Sn', 'S2n', 'Sp', 'S2p', 'Shell', 'Z_even', 'N_even', 'gamma_deformation', 'n_rms_radius', 'n_gap_erg', 'p_gap_erg', 'n_chem_erg', 'p_chem_erg', 'Sn_compound', 'Sp_compound', 'Sn_daughter', 'Radius_daughter', 'ME_daughter', 'Spin_compound', 'Spin_daughter', 'Deform_daughter', 'ERG']","{'n_estimators': 950, 'max_depth': 12, 'learning_rate': 0.023387395380801576, 'subsample': 0.51735171792841, 'colsample_bytree': 0.9288234523314991, 'reg_lambda': 0.0014623166653720773, 'reg_alpha': 0.011838563687274007}"
27,0.0003834935898176016,"['Z', 'A', 'N', 'ME', 'BEA', 'BEA_A', 'Sn', 'S2n', 'Sp', 'S2p', 'Shell', 'Z_even', 'N_even', 'gamma_deformation', 'n_rms_radius', 'n_gap_erg', 'p_gap_erg', 'n_chem_erg', 'p_chem_erg', 'Sn_compound', 'Sn_daughter', 'Radius_daughter', 'ME_daughter', 'Spin_compound', 'Spin_daughter', 'Deform_daughter', 'ERG']","{'n_estimators': 950, 'max_depth': 7, 'learning_rate': 0.15225654389482135, 'subsample': 0.8141476914816346, 'colsample_bytree': 0.7053679771138108, 'reg_lambda': 9.189007524126804, 'reg_alpha': 0.006025415786548301}"
26,0.0004095091996845957,"['Z', 'A', 'N', 'ME', 'BEA', 'BEA_A', 'Sn', 'S2n', 'Sp', 'S2p', 'Shell', 'Z_even', 'N_even', 'gamma_deformation', 'n_rms_radius', 'n_gap_erg', 'p_gap_erg', 'n_chem_erg', 'p_chem_erg', 'Sn_compound', 'Sn_daughter', 'Radius_daughter', 'ME_daughter', 'Spin_compound', 'Spin_daughter', 'ERG']","{'n_estimators': 950, 'max_depth': 12, 'learning_rate': 0.023387395380801576, 'subsample': 0.51735171792841, 'colsample_bytree': 0.9288234523314991, 'reg_lambda': 0.0014623166653720773, 'reg_alpha': 0.011838563687274007}"
25,0.0003581881665389889,"['Z', 'A', 'N', 'ME', 'BEA', 'BEA_A', 'Sn', 'S2n', 'Sp', 'S2p', 'Shell', 'Z_even', 'N_even', 'gamma_deformation', 'n_rms_radius', 'n_gap_erg', 'p_gap_erg', 'n_chem_erg', 'p_chem_erg', 'Sn_compound', 'Sn_daughter', 'Radius_daughter', 'ME_daughter', 'Spin_daughter', 'ERG']","{'n_estimators': 950, 'max_depth': 7, 'learning_rate': 0.15225654389482135, 'subsample': 0.8141476914816346, 'colsample_bytree': 0.7053679771138108, 'reg_lambda': 9.189007524126804, 'reg_alpha': 0.006025415786548301}"
24,0.0003976306294249781,"['Z', 'A', 'N', 'ME', 'BEA', 'BEA_A', 'Sn', 'S2n', 'Sp', 'S2p', 'Shell', 'N_even', 'gamma_deformation', 'n_rms_radius', 'n_gap_erg', 'p_gap_erg', 'n_chem_erg', 'p_chem_erg', 'Sn_compound', 'Sn_daughter', 'Radius_daughter', 'ME_daughter', 'Spin_daughter', 'ERG']","{'n_estimators': 950, 'max_depth': 7, 'learning_rate': 0.15225654389482135, 'subsample': 0.8141476914816346, 'colsample_bytree': 0.7053679771138108, 'reg_lambda': 9.189007524126804, 'reg_alpha': 0.006025415786548301}"
23,0.00035993868837622806,"['Z', 'A', 'N', 'ME', 'BEA', 'BEA_A', 'Sn', 'S2n', 'Sp', 'S2p', 'Shell', 'N_even', 'gamma_deformation', 'n_rms_radius', 'p_gap_erg', 'n_chem_erg', 'p_chem_erg', 'Sn_compound', 'Sn_daughter', 'Radius_daughter', 'ME_daughter', 'Spin_daughter', 'ERG']","{'n_estimators': 950, 'max_depth': 7, 'learning_rate': 0.15225654389482135, 'subsample': 0.8141476914816346, 'colsample_bytree': 0.7053679771138108, 'reg_lambda': 9.189007524126804, 'reg_alpha': 0.006025415786548301}"
22,0.0003671748875725529,"['Z', 'A', 'N', 'ME', 'BEA', 'BEA_A', 'Sn', 'S2n', 'Sp', 'S2p', 'Shell', 'N_even', 'n_rms_radius', 'p_gap_erg', 'n_chem_erg', 'p_chem_erg', 'Sn_compound', 'Sn_daughter', 'Radius_daughter', 'ME_daughter', 'Spin_daughter', 'ERG']","{'n_estimators': 950, 'max_depth': 7, 'learning_rate': 0.15225654389482135, 'subsample': 0.8141476914816346, 'colsample_bytree': 0.7053679771138108, 'reg_lambda': 9.189007524126804, 'reg_alpha': 0.006025415786548301}"
21,0.00038644770745568257,"['Z', 'A', 'N', 'ME', 'BEA', 'BEA_A', 'Sn', 'S2n', 'Sp', 'S2p', 'Shell', 'N_even', 'n_rms_radius', 'p_gap_erg', 'n_chem_erg', 'p_chem_erg', 'Sn_compound', 'Sn_daughter', 'Radius_daughter', 'ME_daughter', 'ERG']","{'n_estimators': 950, 'max_depth': 12, 'learning_rate': 0.023387395380801576, 'subsample': 0.51735171792841, 'colsample_bytree': 0.9288234523314991, 'reg_lambda': 0.0014623166653720773, 'reg_alpha': 0.011838563687274007}"
20,0.0003957901162196974,"['Z', 'A', 'N', 'ME', 'BEA', 'BEA_A', 'Sn', 'S2n', 'Sp', 'S2p', 'Shell', 'n_rms_radius', 'p_gap_erg', 'n_chem_erg', 'p_chem_erg', 'Sn_compound', 'Sn_daughter', 'Radius_daughter', 'ME_daughter', 'ERG']","{'n_estimators': 950, 'max_depth': 7, 'learning_rate': 0.15225654389482135, 'subsample': 0.8141476914816346, 'colsample_bytree': 0.7053679771138108, 'reg_lambda': 9.189007524126804, 'reg_alpha': 0.006025415786548301}"
19,0.00033953130475964955,"['Z', 'A', 'N', 'ME', 'BEA', 'BEA_A', 'Sn', 'S2n', 'Sp', 'S2p', 'Shell', 'n_rms_radius', 'p_gap_erg', 'n_chem_erg', 'p_chem_erg', 'Sn_compound', 'Sn_daughter', 'ME_daughter', 'ERG']","{'n_estimators': 950, 'max_depth': 7, 'learning_rate': 0.15225654389482135, 'subsample': 0.8141476914816346, 'colsample_bytree': 0.7053679771138108, 'reg_lambda': 9.189007524126804, 'reg_alpha': 0.006025415786548301}"
18,0.00037800111206764313,"['Z', 'A', 'N', 'ME', 'BEA', 'BEA_A', 'Sn', 'S2n', 'Sp', 'S2p', 'Shell', 'n_rms_radius', 'p_gap_erg', 'n_chem_erg', 'Sn_compound', 'Sn_daughter', 'ME_daughter', 'ERG']","{'n_estimators': 950, 'max_depth': 7, 'learning_rate': 0.15225654389482135, 'subsample': 0.8141476914816346, 'colsample_bytree': 0.7053679771138108, 'reg_lambda': 9.189007524126804, 'reg_alpha': 0.006025415786548301}"
17,0.00036480891891473575,"['Z', 'A', 'N', 'ME', 'BEA', 'BEA_A', 'Sn', 'S2n', 'Sp', 'S2p', 'Shell', 'p_gap_erg', 'n_chem_erg', 'Sn_compound', 'Sn_daughter', 'ME_daughter', 'ERG']","{'n_estimators': 950, 'max_depth': 7, 'learning_rate': 0.15225654389482135, 'subsample': 0.8141476914816346, 'colsample_bytree': 0.7053679771138108, 'reg_lambda': 9.189007524126804, 'reg_alpha': 0.006025415786548301}"
16,0.00039158038518305444,"['Z', 'A', 'N', 'ME', 'BEA', 'BEA_A', 'Sn', 'S2n', 'Sp', 'S2p', 'Shell', 'p_gap_erg', 'n_chem_erg', 'Sn_daughter', 'ME_daughter', 'ERG']","{'n_estimators': 950, 'max_depth': 12, 'learning_rate': 0.023387395380801576, 'subsample': 0.51735171792841, 'colsample_bytree': 0.9288234523314991, 'reg_lambda': 0.0014623166653720773, 'reg_alpha': 0.011838563687274007}"
15,0.00037285510318425666,"['Z', 'A', 'N', 'ME', 'BEA', 'BEA_A', 'Sn', 'S2n', 'Sp', 'S2p', 'Shell', 'n_chem_erg', 'Sn_daughter', 'ME_daughter', 'ERG']","{'n_estimators': 950, 'max_depth': 7, 'learning_rate': 0.15225654389482135, 'subsample': 0.8141476914816346, 'colsample_bytree': 0.7053679771138108, 'reg_lambda': 9.189007524126804, 'reg_alpha': 0.006025415786548301}"
14,0.00036936531317545375,"['Z', 'A', 'N', 'ME', 'BEA', 'BEA_A', 'Sn', 'S2n', 'Sp', 'S2p', 'n_chem_erg', 'Sn_daughter', 'ME_daughter', 'ERG']","{'n_estimators': 950, 'max_depth': 7, 'learning_rate': 0.15225654389482135, 'subsample': 0.8141476914816346, 'colsample_bytree': 0.7053679771138108, 'reg_lambda': 9.189007524126804, 'reg_alpha': 0.006025415786548301}"
13,0.00037645921038228234,"['Z', 'A', 'N', 'ME', 'BEA', 'BEA_A', 'Sn', 'S2n', 'Sp', 'S2p', 'n_chem_erg', 'ME_daughter', 'ERG']","{'n_estimators': 950, 'max_depth': 7, 'learning_rate': 0.15225654389482135, 'subsample': 0.8141476914816346, 'colsample_bytree': 0.7053679771138108, 'reg_lambda': 9.189007524126804, 'reg_alpha': 0.006025415786548301}"
12,0.0003376184527651523,"['Z', 'A', 'N', 'ME', 'BEA', 'BEA_A', 'Sn', 'S2n', 'S2p', 'n_chem_erg', 'ME_daughter', 'ERG']","{'n_estimators': 950, 'max_depth': 7, 'learning_rate': 0.15225654389482135, 'subsample': 0.8141476914816346, 'colsample_bytree': 0.7053679771138108, 'reg_lambda': 9.189007524126804, 'reg_alpha': 0.006025415786548301}"
11,0.0003578143263690806,"['Z', 'A', 'N', 'ME', 'BEA_A', 'Sn', 'S2n', 'S2p', 'n_chem_erg', 'ME_daughter', 'ERG']","{'n_estimators': 950, 'max_depth': 7, 'learning_rate': 0.15225654389482135, 'subsample': 0.8141476914816346, 'colsample_bytree': 0.7053679771138108, 'reg_lambda': 9.189007524126804, 'reg_alpha': 0.006025415786548301}"
10,0.0003340878752328156,"['Z', 'A', 'N', 'ME', 'BEA_A', 'Sn', 'S2n', 'S2p', 'n_chem_erg', 'ERG']","{'n_estimators': 950, 'max_depth': 7, 'learning_rate': 0.15225654389482135, 'subsample': 0.8141476914816346, 'colsample_bytree': 0.7053679771138108, 'reg_lambda': 9.189007524126804, 'reg_alpha': 0.006025415786548301}"
9,0.0003592255979589646,"['Z', 'A', 'N', 'ME', 'BEA_A', 'Sn', 'S2n', 'n_chem_erg', 'ERG']","{'n_estimators': 850, 'max_depth': 7, 'learning_rate': 0.1664358171641522, 'subsample': 0.821447298916576, 'colsample_bytree': 0.6877034815121884, 'reg_lambda': 9.828916231690933, 'reg_alpha': 0.001068961211537492}"
8,0.0003666484810523781,"['Z', 'A', 'N', 'BEA_A', 'Sn', 'S2n', 'n_chem_erg', 'ERG']","{'n_estimators': 950, 'max_depth': 7, 'learning_rate': 0.15225654389482135, 'subsample': 0.8141476914816346, 'colsample_bytree': 0.7053679771138108, 'reg_lambda': 9.189007524126804, 'reg_alpha': 0.006025415786548301}"
7,0.00035817805317925214,"['Z', 'A', 'N', 'Sn', 'S2n', 'n_chem_erg', 'ERG']","{'n_estimators': 800, 'max_depth': 8, 'learning_rate': 0.13776787423917378, 'subsample': 0.789687116492217, 'colsample_bytree': 0.6831433775632743, 'reg_lambda': 8.464112710934824, 'reg_alpha': 0.005219129014305573}"
6,0.0003554542963937101,"['Z', 'A', 'N', 'Sn', 'S2n', 'ERG']","{'n_estimators': 800, 'max_depth': 8, 'learning_rate': 0.13776787423917378, 'subsample': 0.789687116492217, 'colsample_bytree': 0.6831433775632743, 'reg_lambda': 8.464112710934824, 'reg_alpha': 0.005219129014305573}"
5,0.0005197301965895179,"['A', 'N', 'Sn', 'S2n', 'ERG']","{'n_estimators': 950, 'max_depth': 12, 'learning_rate': 0.023387395380801576, 'subsample': 0.51735171792841, 'colsample_bytree': 0.9288234523314991, 'reg_lambda': 0.0014623166653720773, 'reg_alpha': 0.011838563687274007}"
4,0.0009744193103181122,"['A', 'N', 'S2n', 'ERG']","{'n_estimators': 900, 'max_depth': 7, 'learning_rate': 0.22263168980708117, 'subsample': 0.8495392973707541, 'colsample_bytree': 0.5776778270118749, 'reg_lambda': 9.726326397617608, 'reg_alpha': 0.0021231846602575636}"
