n_features,mse,kept_cols,best_params
60,0.0011448549286750282,"['Z', 'A', 'N', 'ME', 'BEA', 'BEA_A', 'AM', 'Sn', 'S2n', 'Sp', 'S2p', 'Radius', 'Pairing', 'Shell', 'Spin', 'Parity', 'Deform', 'Decay_Const', 'Z_even', 'A_even', 'N_even', 'beta_deformation', 'gamma_deformation', 'octopole_deformation', 'rms_radius', 'n_rms_radius', 'p_rms_radius', 'n_gap_erg', 'p_gap_erg', 'n_chem_erg', 'p_chem_erg', 'Sn_compound', 'S2n_compound', 'Sp_compound', 'S2p_compound', 'Radius_compound', 'ME_compound', 'BEA_compound', 'BEA_A_compound', 'Sn_daughter', 'S2n_daughter', 'Sp_daughter', 'S2p_daughter', 'Radius_daughter', 'ME_daughter', 'BEA_daughter', 'BEA_A_daughter', 'Pairing_compound', 'Shell_compound', 'Spin_compound', 'Parity_compound', 'Deform_compound', 'Decay_compound', 'Pairing_daughter', 'Shell_daughter', 'Spin_daughter', 'Parity_daughter', 'Deform_daughter', 'Decay_daughter', 'ERG']","{'n_estimators': 1600, 'max_depth': 75, 'min_samples_leaf': 1, 'max_features': 0.75}"
59,0.001137166014536255,"['Z', 'A', 'N', 'ME', 'BEA', 'BEA_A', 'AM', 'Sn', 'S2n', 'Sp', 'S2p', 'Radius', 'Pairing', 'Shell', 'Spin', 'Parity', 'Deform', 'Decay_Const', 'Z_even', 'A_even', 'N_even', 'beta_deformation', 'gamma_deformation', 'rms_radius', 'n_rms_radius', 'p_rms_radius', 'n_gap_erg', 'p_gap_erg', 'n_chem_erg', 'p_chem_erg', 'Sn_compound', 'S2n_compound', 'Sp_compound', 'S2p_compound', 'Radius_compound', 'ME_compound', 'BEA_compound', 'BEA_A_compound', 'Sn_daughter', 'S2n_daughter', 'Sp_daughter', 'S2p_daughter', 'Radius_daughter', 'ME_daughter', 'BEA_daughter', 'BEA_A_daughter', 'Pairing_compound', 'Shell_compound', 'Spin_compound', 'Parity_compound', 'Deform_compound', 'Decay_compound', 'Pairing_daughter', 'Shell_daughter', 'Spin_daughter', 'Parity_daughter', 'Deform_daughter', 'Decay_daughter', 'ERG']","{'n_estimators': 1600, 'max_depth': 75, 'min_samples_leaf': 1, 'max_features': 0.75}"
58,0.0011402592427093617,"['Z', 'A', 'N', 'ME', 'BEA', 'BEA_A', 'AM', 'Sn', 'S2n', 'Sp', 'S2p', 'Radius', 'Pairing', 'Shell', 'Spin', 'Parity', 'Deform', 'Decay_Const', 'Z_even', 'A_even', 'N_even', 'beta_deformation', 'gamma_deformation', 'rms_radius', 'n_rms_radius', 'p_rms_radius', 'n_gap_erg', 'p_gap_erg', 'n_chem_erg', 'p_chem_erg', 'Sn_compound', 'S2n_compound', 'Sp_compound', 'S2p_compound', 'Radius_compound', 'ME_compound', 'BEA_compound', 'BEA_A_compound', 'Sn_daughter', 'S2n_daughter', 'Sp_daughter', 'S2p_daughter', 'Radius_daughter', 'ME_daughter', 'BEA_daughter', 'BEA_A_daughter', 'Pairing_compound', 'Shell_compound', 'Spin_compound', 'Deform_compound', 'Decay_compound', 'Pairing_daughter', 'Shell_daughter', 'Spin_daughter', 'Parity_daughter', 'Deform_daughter', 'Decay_daughter', 'ERG']","{'n_estimators': 1000, 'max_depth': 80, 'min_samples_leaf': 1, 'max_features': 0.75}"
57,0.0011404725778488764,"['Z', 'A', 'N', 'ME', 'BEA', 'BEA_A', 'AM', 'Sn', 'S2n', 'Sp', 'S2p', 'Radius', 'Pairing', 'Shell', 'Spin', 'Parity', 'Deform', 'Decay_Const', 'Z_even', 'A_even', 'N_even', 'beta_deformation', 'gamma_deformation', 'rms_radius', 'n_rms_radius', 'p_rms_radius', 'n_gap_erg', 'p_gap_erg', 'n_chem_erg', 'p_chem_erg', 'Sn_compound', 'S2n_compound', 'Sp_compound', 'S2p_compound', 'Radius_compound', 'ME_compound', 'BEA_compound', 'BEA_A_compound', 'Sn_daughter', 'S2n_daughter', 'Sp_daughter', 'S2p_daughter', 'Radius_daughter', 'ME_daughter', 'BEA_daughter', 'BEA_A_daughter', 'Pairing_compound', 'Shell_compound', 'Spin_compound', 'Deform_compound', 'Decay_compound', 'Pairing_daughter', 'Shell_daughter', 'Spin_daughter', 'Deform_daughter', 'Decay_daughter', 'ERG']","{'n_estimators': 1600, 'max_depth': 75, 'min_samples_leaf': 1, 'max_features': 0.75}"
56,0.0011406102734256849,"['Z', 'A', 'N', 'ME', 'BEA', 'BEA_A', 'AM', 'Sn', 'S2n', 'Sp', 'S2p', 'Radius', 'Pairing', 'Shell', 'Spin', 'Parity', 'Deform', 'Decay_Const', 'Z_even', 'N_even', 'beta_deformation', 'gamma_deformation', 'rms_radius', 'n_rms_radius', 'p_rms_radius', 'n_gap_erg', 'p_gap_erg', 'n_chem_erg', 'p_chem_erg', 'Sn_compound', 'S2n_compound', 'Sp_compound', 'S2p_compound', 'Radius_compound', 'ME_compound', 'BEA_compound', 'BEA_A_compound', 'Sn_daughter', 'S2n_daughter', 'Sp_daughter', 'S2p_daughter', 'Radius_daughter', 'ME_daughter', 'BEA_daughter', 'BEA_A_daughter', 'Pairing_compound', 'Shell_compound', 'Spin_compound', 'Deform_compound', 'Decay_compound', 'Pairing_daughter', 'Shell_daughter', 'Spin_daughter', 'Deform_daughter', 'Decay_daughter', 'ERG']","{'n_estimators': 1600, 'max_depth': 75, 'min_samples_leaf': 1, 'max_features': 0.75}"
55,0.0011421649688431498,"['Z', 'A', 'N', 'ME', 'BEA', 'BEA_A', 'AM', 'Sn', 'S2n', 'Sp', 'S2p', 'Radius', 'Pairing', 'Shell', 'Spin', 'Parity', 'Deform', 'Decay_Const', 'Z_even', 'N_even', 'beta_deformation', 'gamma_deformation', 'rms_radius', 'n_rms_radius', 'p_rms_radius', 'n_gap_erg', 'p_gap_erg', 'n_chem_erg', 'p_chem_erg', 'Sn_compound', 'S2n_compound', 'Sp_compound', 'S2p_compound', 'Radius_compound', 'ME_compound', 'BEA_compound', 'BEA_A_compound', 'Sn_daughter', 'S2n_daughter', 'Sp_daughter', 'S2p_daughter', 'Radius_daughter', 'ME_daughter', 'BEA_daughter', 'BEA_A_daughter', 'Pairing_compound', 'Shell_compound', 'Spin_compound', 'Deform_compound', 'Decay_compound', 'Shell_daughter', 'Spin_daughter', 'Deform_daughter', 'Decay_daughter', 'ERG']","{'n_estimators': 1500, 'max_depth': 75, 'min_samples_leaf': 1, 'max_features': 0.75}"
54,0.0011431058610024978,"['Z', 'A', 'N', 'ME', 'BEA', 'BEA_A', 'AM', 'Sn', 'S2n', 'Sp', 'S2p', 'Radius', 'Pairing', 'Shell', 'Spin', 'Parity', 'Deform', 'Decay_Const', 'Z_even', 'N_even', 'beta_deformation', 'gamma_deformation', 'rms_radius', 'n_rms_radius', 'p_rms_radius', 'n_gap_erg', 'p_gap_erg', 'n_chem_erg', 'p_chem_erg', 'Sn_compound', 'S2n_compound', 'Sp_compound', 'S2p_compound', 'Radius_compound', 'ME_compound', 'BEA_compound', 'BEA_A_compound', 'Sn_daughter', 'S2n_daughter', 'Sp_daughter', 'S2p_daughter', 'Radius_daughter', 'ME_daughter', 'BEA_daughter', 'BEA_A_daughter', 'Shell_compound', 'Spin_compound', 'Deform_compound', 'Decay_compound', 'Shell_daughter', 'Spin_daughter', 'Deform_daughter', 'Decay_daughter', 'ERG']","{'n_estimators': 1600, 'max_depth': 75, 'min_samples_leaf': 1, 'max_features': 0.75}"
53,0.0011222447881482527,"['Z', 'A', 'N', 'ME', 'BEA', 'BEA_A', 'AM', 'Sn', 'S2n', 'Sp', 'S2p', 'Radius', 'Pairing', 'Shell', 'Spin', 'Deform', 'Decay_Const', 'Z_even', 'N_even', 'beta_deformation', 'gamma_deformation', 'rms_radius', 'n_rms_radius', 'p_rms_radius', 'n_gap_erg', 'p_gap_erg', 'n_chem_erg', 'p_chem_erg', 'Sn_compound', 'S2n_compound', 'Sp_compound', 'S2p_compound', 'Radius_compound', 'ME_compound', 'BEA_compound', 'BEA_A_compound', 'Sn_daughter', 'S2n_daughter', 'Sp_daughter', 'S2p_daughter', 'Radius_daughter', 'ME_daughter', 'BEA_daughter', 'BEA_A_daughter', 'Shell_compound', 'Spin_compound', 'Deform_compound', 'Decay_compound', 'Shell_daughter', 'Spin_daughter', 'Deform_daughter', 'Decay_daughter', 'ERG']","{'n_estimators': 1600, 'max_depth': 75, 'min_samples_leaf': 1, 'max_features': 0.75}"
52,0.0011331354882846076,"['Z', 'A', 'N', 'ME', 'BEA', 'BEA_A', 'AM', 'Sn', 'S2n', 'Sp', 'S2p', 'Radius', 'Pairing', 'Shell', 'Spin', 'Deform', 'Decay_Const', 'Z_even', 'N_even', 'beta_deformation', 'gamma_deformation', 'rms_radius', 'n_rms_radius', 'p_rms_radius', 'n_gap_erg', 'p_gap_erg', 'n_chem_erg', 'p_chem_erg', 'Sn_compound', 'S2n_compound', 'Sp_compound', 'Radius_compound', 'ME_compound', 'BEA_compound', 'BEA_A_compound', 'Sn_daughter', 'S2n_daughter', 'Sp_daughter', 'S2p_daughter', 'Radius_daughter', 'ME_daughter', 'BEA_daughter', 'BEA_A_daughter', 'Shell_compound', 'Spin_compound', 'Deform_compound', 'Decay_compound', 'Shell_daughter', 'Spin_daughter', 'Deform_daughter', 'Decay_daughter', 'ERG']","{'n_estimators': 1600, 'max_depth': 75, 'min_samples_leaf': 1, 'max_features': 0.75}"
51,0.001128151556119209,"['Z', 'A', 'N', 'ME', 'BEA', 'BEA_A', 'AM', 'Sn', 'S2n', 'Sp', 'S2p', 'Radius', 'Pairing', 'Shell', 'Spin', 'Deform', 'Decay_Const', 'Z_even', 'N_even', 'beta_deformation', 'gamma_deformation', 'rms_radius', 'n_rms_radius', 'p_rms_radius', 'n_gap_erg', 'p_gap_erg', 'n_chem_erg', 'p_chem_erg', 'Sn_compound', 'S2n_compound', 'Sp_compound', 'Radius_compound', 'ME_compound', 'BEA_compound', 'BEA_A_compound', 'Sn_daughter', 'S2n_daughter', 'Sp_daughter', 'Radius_daughter', 'ME_daughter', 'BEA_daughter', 'BEA_A_daughter', 'Shell_compound', 'Spin_compound', 'Deform_compound', 'Decay_compound', 'Shell_daughter', 'Spin_daughter', 'Deform_daughter', 'Decay_daughter', 'ERG']","{'n_estimators': 1600, 'max_depth': 75, 'min_samples_leaf': 1, 'max_features': 0.75}"
50,0.0011209003268339113,"['Z', 'A', 'N', 'ME', 'BEA', 'BEA_A', 'AM', 'Sn', 'S2n', 'Sp', 'S2p', 'Radius', 'Pairing', 'Shell', 'Spin', 'Decay_Const', 'Z_even', 'N_even', 'beta_deformation', 'gamma_deformation', 'rms_radius', 'n_rms_radius', 'p_rms_radius', 'n_gap_erg', 'p_gap_erg', 'n_chem_erg', 'p_chem_erg', 'Sn_compound', 'S2n_compound', 'Sp_compound', 'Radius_compound', 'ME_compound', 'BEA_compound', 'BEA_A_compound', 'Sn_daughter', 'S2n_daughter', 'Sp_daughter', 'Radius_daughter', 'ME_daughter', 'BEA_daughter', 'BEA_A_daughter', 'Shell_compound', 'Spin_compound', 'Deform_compound', 'Decay_compound', 'Shell_daughter', 'Spin_daughter', 'Deform_daughter', 'Decay_daughter', 'ERG']","{'n_estimators': 1500, 'max_depth': 75, 'min_samples_leaf': 1, 'max_features': 0.75}"
49,0.0011354323008985333,"['Z', 'A', 'N', 'ME', 'BEA', 'BEA_A', 'AM', 'Sn', 'S2n', 'Sp', 'S2p', 'Radius', 'Pairing', 'Shell', 'Spin', 'Decay_Const', 'Z_even', 'N_even', 'beta_deformation', 'gamma_deformation', 'rms_radius', 'n_rms_radius', 'p_rms_radius', 'n_gap_erg', 'p_gap_erg', 'n_chem_erg', 'p_chem_erg', 'Sn_compound', 'Sp_compound', 'Radius_compound', 'ME_compound', 'BEA_compound', 'BEA_A_compound', 'Sn_daughter', 'S2n_daughter', 'Sp_daughter', 'Radius_daughter', 'ME_daughter', 'BEA_daughter', 'BEA_A_daughter', 'Shell_compound', 'Spin_compound', 'Deform_compound', 'Decay_compound', 'Shell_daughter', 'Spin_daughter', 'Deform_daughter', 'Decay_daughter', 'ERG']","{'n_estimators': 1500, 'max_depth': 75, 'min_samples_leaf': 1, 'max_features': 0.75}"
48,0.0011301966324196132,"['Z', 'A', 'N', 'ME', 'BEA', 'BEA_A', 'AM', 'Sn', 'S2n', 'Sp', 'S2p', 'Radius', 'Shell', 'Spin', 'Decay_Const', 'Z_even', 'N_even', 'beta_deformation', 'gamma_deformation', 'rms_radius', 'n_rms_radius', 'p_rms_radius', 'n_gap_erg', 'p_gap_erg', 'n_chem_erg', 'p_chem_erg', 'Sn_compound', 'Sp_compound', 'Radius_compound', 'ME_compound', 'BEA_compound', 'BEA_A_compound', 'Sn_daughter', 'S2n_daughter', 'Sp_daughter', 'Radius_daughter', 'ME_daughter', 'BEA_daughter', 'BEA_A_daughter', 'Shell_compound', 'Spin_compound', 'Deform_compound', 'Decay_compound', 'Shell_daughter', 'Spin_daughter', 'Deform_daughter', 'Decay_daughter', 'ERG']","{'n_estimators': 1500, 'max_depth': 75, 'min_samples_leaf': 1, 'max_features': 0.75}"
47,0.0011188673645760104,"['Z', 'A', 'N', 'ME', 'BEA', 'BEA_A', 'AM', 'Sn', 'S2n', 'Sp', 'S2p', 'Radius', 'Shell', 'Spin', 'Decay_Const', 'Z_even', 'N_even', 'beta_deformation', 'gamma_deformation', 'rms_radius', 'n_rms_radius', 'p_rms_radius', 'n_gap_erg', 'p_gap_erg', 'n_chem_erg', 'p_chem_erg', 'Sn_compound', 'Sp_compound', 'Radius_compound', 'ME_compound', 'BEA_compound', 'BEA_A_compound', 'Sn_daughter', 'Sp_daughter', 'Radius_daughter', 'ME_daughter', 'BEA_daughter', 'BEA_A_daughter', 'Shell_compound', 'Spin_compound', 'Deform_compound', 'Decay_compound', 'Shell_daughter', 'Spin_daughter', 'Deform_daughter', 'Decay_daughter', 'ERG']","{'n_estimators': 1500, 'max_depth': 75, 'min_samples_leaf': 1, 'max_features': 0.75}"
46,0.0011311882134432522,"['Z', 'A', 'N', 'ME', 'BEA', 'BEA_A', 'AM', 'Sn', 'S2n', 'Sp', 'S2p', 'Radius', 'Shell', 'Spin', 'Decay_Const', 'Z_even', 'N_even', 'beta_deformation', 'gamma_deformation', 'rms_radius', 'n_rms_radius', 'p_rms_radius', 'n_gap_erg', 'p_gap_erg', 'n_chem_erg', 'p_chem_erg', 'Sn_compound', 'Radius_compound', 'ME_compound', 'BEA_compound', 'BEA_A_compound', 'Sn_daughter', 'Sp_daughter', 'Radius_daughter', 'ME_daughter', 'BEA_daughter', 'BEA_A_daughter', 'Shell_compound', 'Spin_compound', 'Deform_compound', 'Decay_compound', 'Shell_daughter', 'Spin_daughter', 'Deform_daughter', 'Decay_daughter', 'ERG']","{'n_estimators': 1600, 'max_depth': 75, 'min_samples_leaf': 1, 'max_features': 0.75}"
45,0.001111592478201033,"['Z', 'A', 'N', 'ME', 'BEA', 'BEA_A', 'AM', 'Sn', 'S2n', 'Sp', 'S2p', 'Radius', 'Shell', 'Spin', 'Decay_Const', 'Z_even', 'N_even', 'beta_deformation', 'gamma_deformation', 'rms_radius', 'n_rms_radius', 'p_rms_radius', 'n_gap_erg', 'p_gap_erg', 'n_chem_erg', 'p_chem_erg', 'Sn_compound', 'Radius_compound', 'ME_compound', 'BEA_compound', 'BEA_A_compound', 'Sn_daughter', 'Sp_daughter', 'Radius_daughter', 'ME_daughter', 'BEA_daughter', 'BEA_A_daughter', 'Spin_compound', 'Deform_compound', 'Decay_compound', 'Shell_daughter', 'Spin_daughter', 'Deform_daughter', 'Decay_daughter', 'ERG']","{'n_estimators': 1500, 'max_depth': 75, 'min_samples_leaf': 1, 'max_features': 0.75}"
44,0.001118204576995125,"['Z', 'A', 'N', 'ME', 'BEA', 'BEA_A', 'AM', 'Sn', 'S2n', 'Sp', 'S2p', 'Radius', 'Shell', 'Spin', 'Decay_Const', 'Z_even', 'N_even', 'beta_deformation', 'gamma_deformation', 'rms_radius', 'n_rms_radius', 'p_rms_radius', 'n_gap_erg', 'p_gap_erg', 'n_chem_erg', 'p_chem_erg', 'Sn_compound', 'Radius_compound', 'ME_compound', 'BEA_compound', 'BEA_A_compound', 'Sn_daughter', 'Sp_daughter', 'Radius_daughter', 'ME_daughter', 'BEA_daughter', 'BEA_A_daughter', 'Spin_compound', 'Deform_compound', 'Shell_daughter', 'Spin_daughter', 'Deform_daughter', 'Decay_daughter', 'ERG']","{'n_estimators': 1500, 'max_depth': 75, 'min_samples_leaf': 1, 'max_features': 0.75}"
43,0.001125872850633989,"['Z', 'A', 'N', 'ME', 'BEA', 'BEA_A', 'AM', 'Sn', 'S2n', 'Sp', 'S2p', 'Radius', 'Shell', 'Spin', 'Decay_Const', 'Z_even', 'N_even', 'beta_deformation', 'gamma_deformation', 'rms_radius', 'n_rms_radius', 'p_rms_radius', 'n_gap_erg', 'p_gap_erg', 'n_chem_erg', 'p_chem_erg', 'Sn_compound', 'Radius_compound', 'BEA_compound', 'BEA_A_compound', 'Sn_daughter', 'Sp_daughter', 'Radius_daughter', 'ME_daughter', 'BEA_daughter', 'BEA_A_daughter', 'Spin_compound', 'Deform_compound', 'Shell_daughter', 'Spin_daughter', 'Deform_daughter', 'Decay_daughter', 'ERG']","{'n_estimators': 1600, 'max_depth': 75, 'min_samples_leaf': 1, 'max_features': 0.75}"
42,0.0011121503479635925,"['Z', 'A', 'N', 'ME', 'BEA', 'BEA_A', 'AM', 'Sn', 'S2n', 'Sp', 'S2p', 'Radius', 'Shell', 'Spin', 'Decay_Const', 'Z_even', 'N_even', 'beta_deformation', 'gamma_deformation', 'rms_radius', 'n_rms_radius', 'p_rms_radius', 'n_gap_erg', 'p_gap_erg', 'n_chem_erg', 'p_chem_erg', 'Sn_compound', 'Radius_compound', 'BEA_compound', 'BEA_A_compound', 'Sn_daughter', 'Sp_daughter', 'Radius_daughter', 'ME_daughter', 'BEA_daughter', 'BEA_A_daughter', 'Spin_compound', 'Shell_daughter', 'Spin_daughter', 'Deform_daughter', 'Decay_daughter', 'ERG']","{'n_estimators': 1600, 'max_depth': 75, 'min_samples_leaf': 1, 'max_features': 0.75}"
41,0.0011014148894910598,"['Z', 'A', 'N', 'ME', 'BEA', 'BEA_A', 'AM', 'Sn', 'S2n', 'Sp', 'S2p', 'Radius', 'Shell', 'Spin', 'Decay_Const', 'Z_even', 'N_even', 'gamma_deformation', 'rms_radius', 'n_rms_radius', 'p_rms_radius', 'n_gap_erg', 'p_gap_erg', 'n_chem_erg', 'p_chem_erg', 'Sn_compound', 'Radius_compound', 'BEA_compound', 'BEA_A_compound', 'Sn_daughter', 'Sp_daughter', 'Radius_daughter', 'ME_daughter', 'BEA_daughter', 'BEA_A_daughter', 'Spin_compound', 'Shell_daughter', 'Spin_daughter', 'Deform_daughter', 'Decay_daughter', 'ERG']","{'n_estimators': 1600, 'max_depth': 75, 'min_samples_leaf': 1, 'max_features': 0.75}"
40,0.0011143973644858855,"['A', 'N', 'ME', 'BEA', 'BEA_A', 'AM', 'Sn', 'S2n', 'Sp', 'S2p', 'Radius', 'Shell', 'Spin', 'Decay_Const', 'Z_even', 'N_even', 'gamma_deformation', 'rms_radius', 'n_rms_radius', 'p_rms_radius', 'n_gap_erg', 'p_gap_erg', 'n_chem_erg', 'p_chem_erg', 'Sn_compound', 'Radius_compound', 'BEA_compound', 'BEA_A_compound', 'Sn_daughter', 'Sp_daughter', 'Radius_daughter', 'ME_daughter', 'BEA_daughter', 'BEA_A_daughter', 'Spin_compound', 'Shell_daughter', 'Spin_daughter', 'Deform_daughter', 'Decay_daughter', 'ERG']","{'n_estimators': 1600, 'max_depth': 75, 'min_samples_leaf': 1, 'max_features': 0.75}"
39,0.0011249419326812375,"['A', 'N', 'ME', 'BEA', 'BEA_A', 'AM', 'Sn', 'S2n', 'Sp', 'S2p', 'Radius', 'Shell', 'Spin', 'Decay_Const', 'Z_even', 'N_even', 'gamma_deformation', 'rms_radius', 'n_rms_radius', 'p_rms_radius', 'n_gap_erg', 'p_gap_erg', 'n_chem_erg', 'p_chem_erg', 'Sn_compound', 'Radius_compound', 'BEA_compound', 'BEA_A_compound', 'Sn_daughter', 'Sp_daughter', 'Radius_daughter', 'ME_daughter', 'BEA_daughter', 'BEA_A_daughter', 'Shell_daughter', 'Spin_daughter', 'Deform_daughter', 'Decay_daughter', 'ERG']","{'n_estimators': 1600, 'max_depth': 75, 'min_samples_leaf': 1, 'max_features': 0.75}"
38,0.0011198967670052557,"['A', 'N', 'ME', 'BEA', 'BEA_A', 'AM', 'Sn', 'S2n', 'Sp', 'S2p', 'Radius', 'Shell', 'Decay_Const', 'Z_even', 'N_even', 'gamma_deformation', 'rms_radius', 'n_rms_radius', 'p_rms_radius', 'n_gap_erg', 'p_gap_erg', 'n_chem_erg', 'p_chem_erg', 'Sn_compound', 'Radius_compound', 'BEA_compound', 'BEA_A_compound', 'Sn_daughter', 'Sp_daughter', 'Radius_daughter', 'ME_daughter', 'BEA_daughter', 'BEA_A_daughter', 'Shell_daughter', 'Spin_daughter', 'Deform_daughter', 'Decay_daughter', 'ERG']","{'n_estimators': 1000, 'max_depth': 80, 'min_samples_leaf': 1, 'max_features': 0.75}"
37,0.00112626960851012,"['A', 'N', 'ME', 'BEA', 'BEA_A', 'AM', 'Sn', 'S2n', 'Sp', 'S2p', 'Radius', 'Shell', 'Decay_Const', 'Z_even', 'N_even', 'gamma_deformation', 'rms_radius', 'n_rms_radius', 'p_rms_radius', 'n_gap_erg', 'p_gap_erg', 'n_chem_erg', 'p_chem_erg', 'Sn_compound', 'Radius_compound', 'BEA_compound', 'BEA_A_compound', 'Sn_daughter', 'Radius_daughter', 'ME_daughter', 'BEA_daughter', 'BEA_A_daughter', 'Shell_daughter', 'Spin_daughter', 'Deform_daughter', 'Decay_daughter', 'ERG']","{'n_estimators': 1600, 'max_depth': 75, 'min_samples_leaf': 1, 'max_features': 0.75}"
36,0.0011407171870748017,"['A', 'N', 'ME', 'BEA', 'BEA_A', 'AM', 'Sn', 'S2n', 'Sp', 'S2p', 'Radius', 'Shell', 'Decay_Const', 'Z_even', 'N_even', 'gamma_deformation', 'rms_radius', 'n_rms_radius', 'p_rms_radius', 'p_gap_erg', 'n_chem_erg', 'p_chem_erg', 'Sn_compound', 'Radius_compound', 'BEA_compound', 'BEA_A_compound', 'Sn_daughter', 'Radius_daughter', 'ME_daughter', 'BEA_daughter', 'BEA_A_daughter', 'Shell_daughter', 'Spin_daughter', 'Deform_daughter', 'Decay_daughter', 'ERG']","{'n_estimators': 1600, 'max_depth': 75, 'min_samples_leaf': 1, 'max_features': 0.75}"
35,0.00113866581974006,"['A', 'N', 'ME', 'BEA', 'BEA_A', 'AM', 'Sn', 'S2n', 'Sp', 'S2p', 'Radius', 'Shell', 'Z_even', 'N_even', 'gamma_deformation', 'rms_radius', 'n_rms_radius', 'p_rms_radius', 'p_gap_erg', 'n_chem_erg', 'p_chem_erg', 'Sn_compound', 'Radius_compound', 'BEA_compound', 'BEA_A_compound', 'Sn_daughter', 'Radius_daughter', 'ME_daughter', 'BEA_daughter', 'BEA_A_daughter', 'Shell_daughter', 'Spin_daughter', 'Deform_daughter', 'Decay_daughter', 'ERG']","{'n_estimators': 1500, 'max_depth': 75, 'min_samples_leaf': 1, 'max_features': 0.75}"
34,0.001141786970227347,"['A', 'N', 'ME', 'BEA', 'BEA_A', 'AM', 'Sn', 'S2n', 'Sp', 'S2p', 'Radius', 'Shell', 'Z_even', 'N_even', 'gamma_deformation', 'rms_radius', 'n_rms_radius', 'p_rms_radius', 'p_gap_erg', 'n_chem_erg', 'p_chem_erg', 'Sn_compound', 'Radius_compound', 'BEA_compound', 'BEA_A_compound', 'Sn_daughter', 'Radius_daughter', 'ME_daughter', 'BEA_daughter', 'BEA_A_daughter', 'Shell_daughter', 'Spin_daughter', 'Decay_daughter', 'ERG']","{'n_estimators': 1600, 'max_depth': 75, 'min_samples_leaf': 1, 'max_features': 0.75}"
33,0.0011223373040958834,"['A', 'N', 'ME', 'BEA', 'BEA_A', 'AM', 'Sn', 'S2n', 'Sp', 'S2p', 'Radius', 'Shell', 'Z_even', 'N_even', 'gamma_deformation', 'rms_radius', 'n_rms_radius', 'p_rms_radius', 'p_gap_erg', 'n_chem_erg', 'p_chem_erg', 'Sn_compound', 'Radius_compound', 'BEA_compound', 'BEA_A_compound', 'Sn_daughter', 'Radius_daughter', 'ME_daughter', 'BEA_daughter', 'BEA_A_daughter', 'Shell_daughter', 'Spin_daughter', 'ERG']","{'n_estimators': 1000, 'max_depth': 80, 'min_samples_leaf': 1, 'max_features': 0.75}"
32,0.0011478001167118134,"['A', 'N', 'ME', 'BEA', 'BEA_A', 'AM', 'Sn', 'S2n', 'Sp', 'S2p', 'Radius', 'Shell', 'Z_even', 'N_even', 'gamma_deformation', 'rms_radius', 'n_rms_radius', 'p_rms_radius', 'n_chem_erg', 'p_chem_erg', 'Sn_compound', 'Radius_compound', 'BEA_compound', 'BEA_A_compound', 'Sn_daughter', 'Radius_daughter', 'ME_daughter', 'BEA_daughter', 'BEA_A_daughter', 'Shell_daughter', 'Spin_daughter', 'ERG']","{'n_estimators': 1600, 'max_depth': 75, 'min_samples_leaf': 1, 'max_features': 0.75}"
31,0.0011518542662369141,"['A', 'N', 'ME', 'BEA', 'BEA_A', 'AM', 'Sn', 'S2n', 'Sp', 'S2p', 'Radius', 'Z_even', 'N_even', 'gamma_deformation', 'rms_radius', 'n_rms_radius', 'p_rms_radius', 'n_chem_erg', 'p_chem_erg', 'Sn_compound', 'Radius_compound', 'BEA_compound', 'BEA_A_compound', 'Sn_daughter', 'Radius_daughter', 'ME_daughter', 'BEA_daughter', 'BEA_A_daughter', 'Shell_daughter', 'Spin_daughter', 'ERG']","{'n_estimators': 1600, 'max_depth': 75, 'min_samples_leaf': 1, 'max_features': 0.75}"
30,0.0011437391198125546,"['A', 'N', 'ME', 'BEA', 'BEA_A', 'AM', 'Sn', 'S2n', 'Sp', 'S2p', 'Radius', 'N_even', 'gamma_deformation', 'rms_radius', 'n_rms_radius', 'p_rms_radius', 'n_chem_erg', 'p_chem_erg', 'Sn_compound', 'Radius_compound', 'BEA_compound', 'BEA_A_compound', 'Sn_daughter', 'Radius_daughter', 'ME_daughter', 'BEA_daughter', 'BEA_A_daughter', 'Shell_daughter', 'Spin_daughter', 'ERG']","{'n_estimators': 1500, 'max_depth': 75, 'min_samples_leaf': 1, 'max_features': 0.75}"
29,0.0011333941811755856,"['A', 'N', 'ME', 'BEA', 'BEA_A', 'AM', 'Sn', 'S2n', 'Sp', 'S2p', 'Radius', 'N_even', 'gamma_deformation', 'rms_radius', 'n_rms_radius', 'p_rms_radius', 'n_chem_erg', 'p_chem_erg', 'Sn_compound', 'Radius_compound', 'BEA_A_compound', 'Sn_daughter', 'Radius_daughter', 'ME_daughter', 'BEA_daughter', 'BEA_A_daughter', 'Shell_daughter', 'Spin_daughter', 'ERG']","{'n_estimators': 1000, 'max_depth': 80, 'min_samples_leaf': 1, 'max_features': 0.75}"
28,0.0011699336288326242,"['A', 'N', 'ME', 'BEA', 'BEA_A', 'AM', 'Sn', 'S2n', 'Sp', 'S2p', 'Radius', 'N_even', 'gamma_deformation', 'rms_radius', 'n_rms_radius', 'p_rms_radius', 'n_chem_erg', 'p_chem_erg', 'Radius_compound', 'BEA_A_compound', 'Sn_daughter', 'Radius_daughter', 'ME_daughter', 'BEA_daughter', 'BEA_A_daughter', 'Shell_daughter', 'Spin_daughter', 'ERG']","{'n_estimators': 1500, 'max_depth': 75, 'min_samples_leaf': 1, 'max_features': 0.75}"
27,0.0011276426371074019,"['A', 'N', 'ME', 'BEA', 'BEA_A', 'AM', 'Sn', 'S2n', 'Sp', 'S2p', 'Radius', 'N_even', 'gamma_deformation', 'rms_radius', 'n_rms_radius', 'p_rms_radius', 'n_chem_erg', 'p_chem_erg', 'Radius_compound', 'BEA_A_compound', 'Sn_daughter', 'Radius_daughter', 'ME_daughter', 'BEA_daughter', 'BEA_A_daughter', 'Spin_daughter', 'ERG']","{'n_estimators': 1600, 'max_depth': 75, 'min_samples_leaf': 1, 'max_features': 0.75}"
26,0.0011291046162761795,"['A', 'N', 'ME', 'BEA', 'BEA_A', 'AM', 'Sn', 'S2n', 'Sp', 'S2p', 'Radius', 'N_even', 'rms_radius', 'n_rms_radius', 'p_rms_radius', 'n_chem_erg', 'p_chem_erg', 'Radius_compound', 'BEA_A_compound', 'Sn_daughter', 'Radius_daughter', 'ME_daughter', 'BEA_daughter', 'BEA_A_daughter', 'Spin_daughter', 'ERG']","{'n_estimators': 1500, 'max_depth': 75, 'min_samples_leaf': 1, 'max_features': 0.75}"
25,0.0011136883310420517,"['A', 'N', 'ME', 'BEA', 'BEA_A', 'AM', 'Sn', 'S2n', 'Sp', 'S2p', 'Radius', 'N_even', 'rms_radius', 'n_rms_radius', 'p_rms_radius', 'n_chem_erg', 'p_chem_erg', 'Radius_compound', 'BEA_A_compound', 'Radius_daughter', 'ME_daughter', 'BEA_daughter', 'BEA_A_daughter', 'Spin_daughter', 'ERG']","{'n_estimators': 1600, 'max_depth': 75, 'min_samples_leaf': 1, 'max_features': 0.75}"
24,0.0011344001974991963,"['A', 'N', 'ME', 'BEA', 'BEA_A', 'AM', 'Sn', 'S2n', 'Sp', 'S2p', 'Radius', 'rms_radius', 'n_rms_radius', 'p_rms_radius', 'n_chem_erg', 'p_chem_erg', 'Radius_compound', 'BEA_A_compound', 'Radius_daughter', 'ME_daughter', 'BEA_daughter', 'BEA_A_daughter', 'Spin_daughter', 'ERG']","{'n_estimators': 1600, 'max_depth': 75, 'min_samples_leaf': 1, 'max_features': 0.75}"
23,0.0011266068167903847,"['A', 'N', 'ME', 'BEA', 'BEA_A', 'AM', 'Sn', 'S2n', 'Sp', 'S2p', 'Radius', 'rms_radius', 'n_rms_radius', 'p_rms_radius', 'n_chem_erg', 'p_chem_erg', 'Radius_compound', 'BEA_A_compound', 'Radius_daughter', 'BEA_daughter', 'BEA_A_daughter', 'Spin_daughter', 'ERG']","{'n_estimators': 1600, 'max_depth': 75, 'min_samples_leaf': 1, 'max_features': 0.75}"
22,0.0011031938883806255,"['A', 'N', 'ME', 'BEA', 'BEA_A', 'AM', 'Sn', 'S2n', 'Sp', 'S2p', 'Radius', 'rms_radius', 'n_rms_radius', 'p_rms_radius', 'n_chem_erg', 'Radius_compound', 'BEA_A_compound', 'Radius_daughter', 'BEA_daughter', 'BEA_A_daughter', 'Spin_daughter', 'ERG']","{'n_estimators': 1600, 'max_depth': 75, 'min_samples_leaf': 1, 'max_features': 0.75}"
21,0.001108039033322215,"['A', 'N', 'ME', 'BEA', 'BEA_A', 'AM', 'Sn', 'S2n', 'Sp', 'S2p', 'Radius', 'rms_radius', 'n_rms_radius', 'p_rms_radius', 'n_chem_erg', 'BEA_A_compound', 'Radius_daughter', 'BEA_daughter', 'BEA_A_daughter', 'Spin_daughter', 'ERG']","{'n_estimators': 1500, 'max_depth': 75, 'min_samples_leaf': 1, 'max_features': 0.75}"
20,0.0011382166559436482,"['A', 'N', 'ME', 'BEA', 'BEA_A', 'AM', 'Sn', 'S2n', 'Sp', 'S2p', 'Radius', 'rms_radius', 'n_rms_radius', 'p_rms_radius', 'n_chem_erg', 'BEA_A_compound', 'Radius_daughter', 'BEA_A_daughter', 'Spin_daughter', 'ERG']","{'n_estimators': 1500, 'max_depth': 75, 'min_samples_leaf': 1, 'max_features': 0.75}"
19,0.0011330301038663102,"['A', 'N', 'ME', 'BEA', 'BEA_A', 'AM', 'Sn', 'S2n', 'Sp', 'S2p', 'Radius', 'rms_radius', 'n_rms_radius', 'p_rms_radius', 'n_chem_erg', 'BEA_A_compound', 'Radius_daughter', 'BEA_A_daughter', 'ERG']","{'n_estimators': 1600, 'max_depth': 75, 'min_samples_leaf': 1, 'max_features': 0.75}"
18,0.001150278634244946,"['A', 'N', 'ME', 'BEA', 'BEA_A', 'AM', 'Sn', 'S2n', 'Sp', 'Radius', 'rms_radius', 'n_rms_radius', 'p_rms_radius', 'n_chem_erg', 'BEA_A_compound', 'Radius_daughter', 'BEA_A_daughter', 'ERG']","{'n_estimators': 1500, 'max_depth': 75, 'min_samples_leaf': 1, 'max_features': 0.75}"
17,0.0011374296281172168,"['A', 'N', 'BEA', 'BEA_A', 'AM', 'Sn', 'S2n', 'Sp', 'Radius', 'rms_radius', 'n_rms_radius', 'p_rms_radius', 'n_chem_erg', 'BEA_A_compound', 'Radius_daughter', 'BEA_A_daughter', 'ERG']","{'n_estimators': 1600, 'max_depth': 75, 'min_samples_leaf': 1, 'max_features': 0.75}"
16,0.0012090368380438666,"['A', 'N', 'BEA', 'BEA_A', 'AM', 'Sn', 'S2n', 'Radius', 'rms_radius', 'n_rms_radius', 'p_rms_radius', 'n_chem_erg', 'BEA_A_compound', 'Radius_daughter', 'BEA_A_daughter', 'ERG']","{'n_estimators': 1500, 'max_depth': 75, 'min_samples_leaf': 1, 'max_features': 0.75}"
15,0.0011802223740799722,"['N', 'BEA', 'BEA_A', 'AM', 'Sn', 'S2n', 'Radius', 'rms_radius', 'n_rms_radius', 'p_rms_radius', 'n_chem_erg', 'BEA_A_compound', 'Radius_daughter', 'BEA_A_daughter', 'ERG']","{'n_estimators': 1600, 'max_depth': 75, 'min_samples_leaf': 1, 'max_features': 0.75}"
14,0.0011694107712255206,"['N', 'BEA', 'BEA_A', 'AM', 'Sn', 'S2n', 'Radius', 'n_rms_radius', 'p_rms_radius', 'n_chem_erg', 'BEA_A_compound', 'Radius_daughter', 'BEA_A_daughter', 'ERG']","{'n_estimators': 1600, 'max_depth': 75, 'min_samples_leaf': 1, 'max_features': 0.75}"
13,0.001157761335614068,"['N', 'BEA', 'BEA_A', 'AM', 'Sn', 'S2n', 'Radius', 'n_rms_radius', 'p_rms_radius', 'n_chem_erg', 'BEA_A_compound', 'BEA_A_daughter', 'ERG']","{'n_estimators': 1000, 'max_depth': 80, 'min_samples_leaf': 1, 'max_features': 0.75}"
12,0.001199441705313915,"['N', 'BEA', 'BEA_A', 'Sn', 'S2n', 'Radius', 'n_rms_radius', 'p_rms_radius', 'n_chem_erg', 'BEA_A_compound', 'BEA_A_daughter', 'ERG']","{'n_estimators': 1600, 'max_depth': 75, 'min_samples_leaf': 1, 'max_features': 0.75}"
11,0.0012040697177463293,"['N', 'BEA_A', 'Sn', 'S2n', 'Radius', 'n_rms_radius', 'p_rms_radius', 'n_chem_erg', 'BEA_A_compound', 'BEA_A_daughter', 'ERG']","{'n_estimators': 1500, 'max_depth': 75, 'min_samples_leaf': 1, 'max_features': 0.75}"
10,0.0011780602540018134,"['N', 'BEA_A', 'Sn', 'S2n', 'Radius', 'n_rms_radius', 'n_chem_erg', 'BEA_A_compound', 'BEA_A_daughter', 'ERG']","{'n_estimators': 1600, 'max_depth': 75, 'min_samples_leaf': 1, 'max_features': 0.75}"
9,0.001182450751140858,"['N', 'BEA_A', 'Sn', 'S2n', 'Radius', 'n_rms_radius', 'BEA_A_compound', 'BEA_A_daughter', 'ERG']","{'n_estimators': 1000, 'max_depth': 80, 'min_samples_leaf': 1, 'max_features': 0.75}"
8,0.0011359254006034698,"['N', 'BEA_A', 'Sn', 'S2n', 'Radius', 'n_rms_radius', 'BEA_A_daughter', 'ERG']","{'n_estimators': 1500, 'max_depth': 65, 'min_samples_leaf': 1, 'max_features': 'log2'}"
7,0.0013141235281220892,"['N', 'BEA_A', 'Sn', 'Radius', 'n_rms_radius', 'BEA_A_daughter', 'ERG']","{'n_estimators': 1500, 'max_depth': 75, 'min_samples_leaf': 1, 'max_features': 0.5}"
6,0.0014563173224315118,"['N', 'BEA_A', 'Sn', 'n_rms_radius', 'BEA_A_daughter', 'ERG']","{'n_estimators': 1500, 'max_depth': 55, 'min_samples_leaf': 1, 'max_features': 0.5}"
5,0.002298312906026863,"['N', 'BEA_A', 'n_rms_radius', 'BEA_A_daughter', 'ERG']","{'n_estimators': 1000, 'max_depth': 50, 'min_samples_leaf': 1, 'max_features': 0.25}"
4,0.003213617996011637,"['N', 'BEA_A', 'n_rms_radius', 'ERG']","{'n_estimators': 1000, 'max_depth': 50, 'min_samples_leaf': 1, 'max_features': 0.25}"
