n_features,mse,kept_cols,best_params
60,0.00039847241783926804,"['Z', 'A', 'N', 'ME', 'BEA', 'BEA_A', 'AM', 'Sn', 'S2n', 'Sp', 'S2p', 'Radius', 'Pairing', 'Shell', 'Spin', 'Parity', 'Deform', 'Decay_Const', 'Z_even', 'A_even', 'N_even', 'beta_deformation', 'gamma_deformation', 'octopole_deformation', 'rms_radius', 'n_rms_radius', 'p_rms_radius', 'n_gap_erg', 'p_gap_erg', 'n_chem_erg', 'p_chem_erg', 'Sn_compound', 'S2n_compound', 'Sp_compound', 'S2p_compound', 'Radius_compound', 'ME_compound', 'BEA_compound', 'BEA_A_compound', 'Sn_daughter', 'S2n_daughter', 'Sp_daughter', 'S2p_daughter', 'Radius_daughter', 'ME_daughter', 'BEA_daughter', 'BEA_A_daughter', 'Pairing_compound', 'Shell_compound', 'Spin_compound', 'Parity_compound', 'Deform_compound', 'Decay_compound', 'Pairing_daughter', 'Shell_daughter', 'Spin_daughter', 'Parity_daughter', 'Deform_daughter', 'Decay_daughter', 'ERG']","{'n_estimators': 950, 'max_depth': 12, 'learning_rate': 0.023387395380801576, 'subsample': 0.51735171792841, 'colsample_bytree': 0.9288234523314991, 'reg_lambda': 0.0014623166653720773, 'reg_alpha': 0.011838563687274007}"
59,0.0004125103600586103,"['Z', 'A', 'N', 'ME', 'BEA', 'BEA_A', 'AM', 'Sn', 'S2n', 'Sp', 'S2p', 'Radius', 'Pairing', 'Shell', 'Spin', 'Parity', 'Deform', 'Decay_Const', 'Z_even', 'A_even', 'N_even', 'beta_deformation', 'gamma_deformation', 'octopole_deformation', 'rms_radius', 'n_rms_radius', 'p_rms_radius', 'n_gap_erg', 'p_gap_erg', 'n_chem_erg', 'p_chem_erg', 'Sn_compound', 'S2n_compound', 'Sp_compound', 'S2p_compound', 'Radius_compound', 'ME_compound', 'BEA_compound', 'BEA_A_compound', 'Sn_daughter', 'S2n_daughter', 'Sp_daughter', 'S2p_daughter', 'Radius_daughter', 'ME_daughter', 'BEA_daughter', 'Pairing_compound', 'Shell_compound', 'Spin_compound', 'Parity_compound', 'Deform_compound', 'Decay_compound', 'Pairing_daughter', 'Shell_daughter', 'Spin_daughter', 'Parity_daughter', 'Deform_daughter', 'Decay_daughter', 'ERG']","{'n_estimators': 950, 'max_depth': 12, 'learning_rate': 0.023387395380801576, 'subsample': 0.51735171792841, 'colsample_bytree': 0.9288234523314991, 'reg_lambda': 0.0014623166653720773, 'reg_alpha': 0.011838563687274007}"
58,0.0003964545677811149,"['Z', 'A', 'N', 'ME', 'BEA', 'BEA_A', 'AM', 'Sn', 'S2n', 'Sp', 'S2p', 'Radius', 'Pairing', 'Shell', 'Spin', 'Parity', 'Deform', 'Decay_Const', 'Z_even', 'A_even', 'N_even', 'beta_deformation', 'gamma_deformation', 'octopole_deformation', 'rms_radius', 'n_rms_radius', 'p_rms_radius', 'n_gap_erg', 'p_gap_erg', 'n_chem_erg', 'p_chem_erg', 'Sn_compound', 'S2n_compound', 'Sp_compound', 'S2p_compound', 'Radius_compound', 'ME_compound', 'BEA_compound', 'BEA_A_compound', 'Sn_daughter', 'S2n_daughter', 'Sp_daughter', 'Radius_daughter', 'ME_daughter', 'BEA_daughter', 'Pairing_compound', 'Shell_compound', 'Spin_compound', 'Parity_compound', 'Deform_compound', 'Decay_compound', 'Pairing_daughter', 'Shell_daughter', 'Spin_daughter', 'Parity_daughter', 'Deform_daughter', 'Decay_daughter', 'ERG']","{'n_estimators': 950, 'max_depth': 12, 'learning_rate': 0.023387395380801576, 'subsample': 0.51735171792841, 'colsample_bytree': 0.9288234523314991, 'reg_lambda': 0.0014623166653720773, 'reg_alpha': 0.011838563687274007}"
57,0.0003862631275840695,"['Z', 'A', 'N', 'ME', 'BEA', 'BEA_A', 'AM', 'Sn', 'S2n', 'Sp', 'S2p', 'Radius', 'Pairing', 'Shell', 'Spin', 'Parity', 'Deform', 'Decay_Const', 'Z_even', 'N_even', 'beta_deformation', 'gamma_deformation', 'octopole_deformation', 'rms_radius', 'n_rms_radius', 'p_rms_radius', 'n_gap_erg', 'p_gap_erg', 'n_chem_erg', 'p_chem_erg', 'Sn_compound', 'S2n_compound', 'Sp_compound', 'S2p_compound', 'Radius_compound', 'ME_compound', 'BEA_compound', 'BEA_A_compound', 'Sn_daughter', 'S2n_daughter', 'Sp_daughter', 'Radius_daughter', 'ME_daughter', 'BEA_daughter', 'Pairing_compound', 'Shell_compound', 'Spin_compound', 'Parity_compound', 'Deform_compound', 'Decay_compound', 'Pairing_daughter', 'Shell_daughter', 'Spin_daughter', 'Parity_daughter', 'Deform_daughter', 'Decay_daughter', 'ERG']","{'n_estimators': 950, 'max_depth': 12, 'learning_rate': 0.023387395380801576, 'subsample': 0.51735171792841, 'colsample_bytree': 0.9288234523314991, 'reg_lambda': 0.0014623166653720773, 'reg_alpha': 0.011838563687274007}"
56,0.0003969325182891786,"['Z', 'A', 'N', 'ME', 'BEA', 'BEA_A', 'AM', 'Sn', 'S2n', 'Sp', 'S2p', 'Radius', 'Pairing', 'Shell', 'Spin', 'Parity', 'Deform', 'Decay_Const', 'Z_even', 'N_even', 'beta_deformation', 'gamma_deformation', 'octopole_deformation', 'rms_radius', 'n_rms_radius', 'p_rms_radius', 'n_gap_erg', 'p_gap_erg', 'n_chem_erg', 'p_chem_erg', 'Sn_compound', 'S2n_compound', 'Sp_compound', 'S2p_compound', 'Radius_compound', 'ME_compound', 'BEA_compound', 'BEA_A_compound', 'Sn_daughter', 'S2n_daughter', 'Sp_daughter', 'Radius_daughter', 'ME_daughter', 'BEA_daughter', 'Pairing_compound', 'Shell_compound', 'Spin_compound', 'Parity_compound', 'Deform_compound', 'Decay_compound', 'Pairing_daughter', 'Shell_daughter', 'Spin_daughter', 'Deform_daughter', 'Decay_daughter', 'ERG']","{'n_estimators': 950, 'max_depth': 12, 'learning_rate': 0.023387395380801576, 'subsample': 0.51735171792841, 'colsample_bytree': 0.9288234523314991, 'reg_lambda': 0.0014623166653720773, 'reg_alpha': 0.011838563687274007}"
55,0.0003893632050297127,"['Z', 'A', 'N', 'ME', 'BEA', 'BEA_A', 'AM', 'Sn', 'S2n', 'Sp', 'S2p', 'Radius', 'Pairing', 'Shell', 'Spin', 'Parity', 'Deform', 'Decay_Const', 'Z_even', 'N_even', 'beta_deformation', 'gamma_deformation', 'octopole_deformation', 'rms_radius', 'n_rms_radius', 'p_rms_radius', 'n_gap_erg', 'p_gap_erg', 'n_chem_erg', 'p_chem_erg', 'Sn_compound', 'S2n_compound', 'Sp_compound', 'S2p_compound', 'Radius_compound', 'ME_compound', 'BEA_compound', 'BEA_A_compound', 'Sn_daughter', 'S2n_daughter', 'Sp_daughter', 'Radius_daughter', 'ME_daughter', 'BEA_daughter', 'Pairing_compound', 'Shell_compound', 'Spin_compound', 'Deform_compound', 'Decay_compound', 'Pairing_daughter', 'Shell_daughter', 'Spin_daughter', 'Deform_daughter', 'Decay_daughter', 'ERG']","{'n_estimators': 950, 'max_depth': 12, 'learning_rate': 0.023387395380801576, 'subsample': 0.51735171792841, 'colsample_bytree': 0.9288234523314991, 'reg_lambda': 0.0014623166653720773, 'reg_alpha': 0.011838563687274007}"
54,0.0003982731126377143,"['Z', 'A', 'N', 'ME', 'BEA', 'BEA_A', 'Sn', 'S2n', 'Sp', 'S2p', 'Radius', 'Pairing', 'Shell', 'Spin', 'Parity', 'Deform', 'Decay_Const', 'Z_even', 'N_even', 'beta_deformation', 'gamma_deformation', 'octopole_deformation', 'rms_radius', 'n_rms_radius', 'p_rms_radius', 'n_gap_erg', 'p_gap_erg', 'n_chem_erg', 'p_chem_erg', 'Sn_compound', 'S2n_compound', 'Sp_compound', 'S2p_compound', 'Radius_compound', 'ME_compound', 'BEA_compound', 'BEA_A_compound', 'Sn_daughter', 'S2n_daughter', 'Sp_daughter', 'Radius_daughter', 'ME_daughter', 'BEA_daughter', 'Pairing_compound', 'Shell_compound', 'Spin_compound', 'Deform_compound', 'Decay_compound', 'Pairing_daughter', 'Shell_daughter', 'Spin_daughter', 'Deform_daughter', 'Decay_daughter', 'ERG']","{'n_estimators': 950, 'max_depth': 12, 'learning_rate': 0.023387395380801576, 'subsample': 0.51735171792841, 'colsample_bytree': 0.9288234523314991, 'reg_lambda': 0.0014623166653720773, 'reg_alpha': 0.011838563687274007}"
53,0.0003866129229187717,"['Z', 'A', 'N', 'ME', 'BEA', 'BEA_A', 'Sn', 'S2n', 'Sp', 'S2p', 'Radius', 'Pairing', 'Shell', 'Spin', 'Parity', 'Deform', 'Decay_Const', 'Z_even', 'N_even', 'beta_deformation', 'gamma_deformation', 'octopole_deformation', 'rms_radius', 'n_rms_radius', 'n_gap_erg', 'p_gap_erg', 'n_chem_erg', 'p_chem_erg', 'Sn_compound', 'S2n_compound', 'Sp_compound', 'S2p_compound', 'Radius_compound', 'ME_compound', 'BEA_compound', 'BEA_A_compound', 'Sn_daughter', 'S2n_daughter', 'Sp_daughter', 'Radius_daughter', 'ME_daughter', 'BEA_daughter', 'Pairing_compound', 'Shell_compound', 'Spin_compound', 'Deform_compound', 'Decay_compound', 'Pairing_daughter', 'Shell_daughter', 'Spin_daughter', 'Deform_daughter', 'Decay_daughter', 'ERG']","{'n_estimators': 950, 'max_depth': 12, 'learning_rate': 0.023387395380801576, 'subsample': 0.51735171792841, 'colsample_bytree': 0.9288234523314991, 'reg_lambda': 0.0014623166653720773, 'reg_alpha': 0.011838563687274007}"
52,0.0003888082266829718,"['Z', 'A', 'N', 'ME', 'BEA', 'BEA_A', 'Sn', 'S2n', 'Sp', 'S2p', 'Radius', 'Pairing', 'Shell', 'Spin', 'Parity', 'Deform', 'Decay_Const', 'Z_even', 'N_even', 'beta_deformation', 'gamma_deformation', 'octopole_deformation', 'rms_radius', 'n_rms_radius', 'n_gap_erg', 'p_gap_erg', 'n_chem_erg', 'p_chem_erg', 'Sn_compound', 'S2n_compound', 'Sp_compound', 'S2p_compound', 'Radius_compound', 'ME_compound', 'BEA_compound', 'BEA_A_compound', 'Sn_daughter', 'S2n_daughter', 'Sp_daughter', 'Radius_daughter', 'ME_daughter', 'BEA_daughter', 'Pairing_compound', 'Shell_compound', 'Spin_compound', 'Deform_compound', 'Decay_compound', 'Shell_daughter', 'Spin_daughter', 'Deform_daughter', 'Decay_daughter', 'ERG']","{'n_estimators': 950, 'max_depth': 7, 'learning_rate': 0.15225654389482135, 'subsample': 0.8141476914816346, 'colsample_bytree': 0.7053679771138108, 'reg_lambda': 9.189007524126804, 'reg_alpha': 0.006025415786548301}"
51,0.0003817705237479133,"['Z', 'A', 'N', 'ME', 'BEA', 'BEA_A', 'Sn', 'S2n', 'Sp', 'S2p', 'Radius', 'Pairing', 'Shell', 'Spin', 'Deform', 'Decay_Const', 'Z_even', 'N_even', 'beta_deformation', 'gamma_deformation', 'octopole_deformation', 'rms_radius', 'n_rms_radius', 'n_gap_erg', 'p_gap_erg', 'n_chem_erg', 'p_chem_erg', 'Sn_compound', 'S2n_compound', 'Sp_compound', 'S2p_compound', 'Radius_compound', 'ME_compound', 'BEA_compound', 'BEA_A_compound', 'Sn_daughter', 'S2n_daughter', 'Sp_daughter', 'Radius_daughter', 'ME_daughter', 'BEA_daughter', 'Pairing_compound', 'Shell_compound', 'Spin_compound', 'Deform_compound', 'Decay_compound', 'Shell_daughter', 'Spin_daughter', 'Deform_daughter', 'Decay_daughter', 'ERG']","{'n_estimators': 950, 'max_depth': 12, 'learning_rate': 0.023387395380801576, 'subsample': 0.51735171792841, 'colsample_bytree': 0.9288234523314991, 'reg_lambda': 0.0014623166653720773, 'reg_alpha': 0.011838563687274007}"
50,0.0003892492419740434,"['Z', 'A', 'N', 'ME', 'BEA', 'BEA_A', 'Sn', 'S2n', 'Sp', 'S2p', 'Radius', 'Pairing', 'Shell', 'Spin', 'Deform', 'Decay_Const', 'Z_even', 'N_even', 'beta_deformation', 'gamma_deformation', 'octopole_deformation', 'n_rms_radius', 'n_gap_erg', 'p_gap_erg', 'n_chem_erg', 'p_chem_erg', 'Sn_compound', 'S2n_compound', 'Sp_compound', 'S2p_compound', 'Radius_compound', 'ME_compound', 'BEA_compound', 'BEA_A_compound', 'Sn_daughter', 'S2n_daughter', 'Sp_daughter', 'Radius_daughter', 'ME_daughter', 'BEA_daughter', 'Pairing_compound', 'Shell_compound', 'Spin_compound', 'Deform_compound', 'Decay_compound', 'Shell_daughter', 'Spin_daughter', 'Deform_daughter', 'Decay_daughter', 'ERG']","{'n_estimators': 950, 'max_depth': 12, 'learning_rate': 0.023387395380801576, 'subsample': 0.51735171792841, 'colsample_bytree': 0.9288234523314991, 'reg_lambda': 0.0014623166653720773, 'reg_alpha': 0.011838563687274007}"
49,0.0004043826179892139,"['Z', 'A', 'N', 'ME', 'BEA', 'BEA_A', 'Sn', 'S2n', 'Sp', 'S2p', 'Radius', 'Pairing', 'Shell', 'Spin', 'Deform', 'Decay_Const', 'Z_even', 'N_even', 'beta_deformation', 'gamma_deformation', 'octopole_deformation', 'n_rms_radius', 'n_gap_erg', 'p_gap_erg', 'n_chem_erg', 'p_chem_erg', 'Sn_compound', 'S2n_compound', 'Sp_compound', 'S2p_compound', 'Radius_compound', 'ME_compound', 'BEA_compound', 'BEA_A_compound', 'Sn_daughter', 'Sp_daughter', 'Radius_daughter', 'ME_daughter', 'BEA_daughter', 'Pairing_compound', 'Shell_compound', 'Spin_compound', 'Deform_compound', 'Decay_compound', 'Shell_daughter', 'Spin_daughter', 'Deform_daughter', 'Decay_daughter', 'ERG']","{'n_estimators': 950, 'max_depth': 12, 'learning_rate': 0.023387395380801576, 'subsample': 0.51735171792841, 'colsample_bytree': 0.9288234523314991, 'reg_lambda': 0.0014623166653720773, 'reg_alpha': 0.011838563687274007}"
48,0.00040011729283444275,"['Z', 'A', 'N', 'ME', 'BEA', 'BEA_A', 'Sn', 'S2n', 'Sp', 'S2p', 'Radius', 'Pairing', 'Shell', 'Spin', 'Deform', 'Decay_Const', 'Z_even', 'N_even', 'beta_deformation', 'gamma_deformation', 'octopole_deformation', 'n_rms_radius', 'n_gap_erg', 'p_gap_erg', 'n_chem_erg', 'p_chem_erg', 'Sn_compound', 'S2n_compound', 'Sp_compound', 'S2p_compound', 'Radius_compound', 'ME_compound', 'BEA_compound', 'BEA_A_compound', 'Sn_daughter', 'Sp_daughter', 'Radius_daughter', 'ME_daughter', 'BEA_daughter', 'Shell_compound', 'Spin_compound', 'Deform_compound', 'Decay_compound', 'Shell_daughter', 'Spin_daughter', 'Deform_daughter', 'Decay_daughter', 'ERG']","{'n_estimators': 950, 'max_depth': 12, 'learning_rate': 0.023387395380801576, 'subsample': 0.51735171792841, 'colsample_bytree': 0.9288234523314991, 'reg_lambda': 0.0014623166653720773, 'reg_alpha': 0.011838563687274007}"
47,0.0003809926851238425,"['Z', 'A', 'N', 'ME', 'BEA', 'BEA_A', 'Sn', 'S2n', 'Sp', 'S2p', 'Radius', 'Pairing', 'Shell', 'Spin', 'Deform', 'Decay_Const', 'Z_even', 'N_even', 'beta_deformation', 'gamma_deformation', 'octopole_deformation', 'n_rms_radius', 'n_gap_erg', 'p_gap_erg', 'n_chem_erg', 'p_chem_erg', 'Sn_compound', 'S2n_compound', 'Sp_compound', 'Radius_compound', 'ME_compound', 'BEA_compound', 'BEA_A_compound', 'Sn_daughter', 'Sp_daughter', 'Radius_daughter', 'ME_daughter', 'BEA_daughter', 'Shell_compound', 'Spin_compound', 'Deform_compound', 'Decay_compound', 'Shell_daughter', 'Spin_daughter', 'Deform_daughter', 'Decay_daughter', 'ERG']","{'n_estimators': 950, 'max_depth': 7, 'learning_rate': 0.15225654389482135, 'subsample': 0.8141476914816346, 'colsample_bytree': 0.7053679771138108, 'reg_lambda': 9.189007524126804, 'reg_alpha': 0.006025415786548301}"
46,0.0004142932407825803,"['Z', 'A', 'N', 'ME', 'BEA', 'BEA_A', 'Sn', 'S2n', 'Sp', 'S2p', 'Radius', 'Pairing', 'Shell', 'Spin', 'Deform', 'Decay_Const', 'Z_even', 'N_even', 'beta_deformation', 'gamma_deformation', 'octopole_deformation', 'n_rms_radius', 'n_gap_erg', 'p_gap_erg', 'n_chem_erg', 'p_chem_erg', 'Sn_compound', 'S2n_compound', 'Sp_compound', 'Radius_compound', 'ME_compound', 'BEA_compound', 'Sn_daughter', 'Sp_daughter', 'Radius_daughter', 'ME_daughter', 'BEA_daughter', 'Shell_compound', 'Spin_compound', 'Deform_compound', 'Decay_compound', 'Shell_daughter', 'Spin_daughter', 'Deform_daughter', 'Decay_daughter', 'ERG']","{'n_estimators': 950, 'max_depth': 12, 'learning_rate': 0.023387395380801576, 'subsample': 0.51735171792841, 'colsample_bytree': 0.9288234523314991, 'reg_lambda': 0.0014623166653720773, 'reg_alpha': 0.011838563687274007}"
45,0.00039861682936705243,"['Z', 'A', 'N', 'ME', 'BEA', 'BEA_A', 'Sn', 'S2n', 'Sp', 'S2p', 'Radius', 'Pairing', 'Shell', 'Spin', 'Deform', 'Decay_Const', 'Z_even', 'N_even', 'beta_deformation', 'gamma_deformation', 'n_rms_radius', 'n_gap_erg', 'p_gap_erg', 'n_chem_erg', 'p_chem_erg', 'Sn_compound', 'S2n_compound', 'Sp_compound', 'Radius_compound', 'ME_compound', 'BEA_compound', 'Sn_daughter', 'Sp_daughter', 'Radius_daughter', 'ME_daughter', 'BEA_daughter', 'Shell_compound', 'Spin_compound', 'Deform_compound', 'Decay_compound', 'Shell_daughter', 'Spin_daughter', 'Deform_daughter', 'Decay_daughter', 'ERG']","{'n_estimators': 950, 'max_depth': 12, 'learning_rate': 0.023387395380801576, 'subsample': 0.51735171792841, 'colsample_bytree': 0.9288234523314991, 'reg_lambda': 0.0014623166653720773, 'reg_alpha': 0.011838563687274007}"
44,0.00040731512526825714,"['Z', 'A', 'N', 'ME', 'BEA', 'BEA_A', 'Sn', 'S2n', 'Sp', 'S2p', 'Radius', 'Pairing', 'Shell', 'Spin', 'Deform', 'Decay_Const', 'Z_even', 'N_even', 'beta_deformation', 'gamma_deformation', 'n_rms_radius', 'n_gap_erg', 'p_gap_erg', 'n_chem_erg', 'p_chem_erg', 'Sn_compound', 'S2n_compound', 'Sp_compound', 'Radius_compound', 'ME_compound', 'BEA_compound', 'Sn_daughter', 'Sp_daughter', 'Radius_daughter', 'ME_daughter', 'BEA_daughter', 'Shell_compound', 'Spin_compound', 'Deform_compound', 'Decay_compound', 'Spin_daughter', 'Deform_daughter', 'Decay_daughter', 'ERG']","{'n_estimators': 950, 'max_depth': 12, 'learning_rate': 0.023387395380801576, 'subsample': 0.51735171792841, 'colsample_bytree': 0.9288234523314991, 'reg_lambda': 0.0014623166653720773, 'reg_alpha': 0.011838563687274007}"
43,0.00039733163748635354,"['Z', 'A', 'N', 'ME', 'BEA', 'BEA_A', 'Sn', 'S2n', 'Sp', 'S2p', 'Radius', 'Pairing', 'Shell', 'Spin', 'Deform', 'Decay_Const', 'Z_even', 'N_even', 'beta_deformation', 'gamma_deformation', 'n_rms_radius', 'n_gap_erg', 'p_gap_erg', 'n_chem_erg', 'p_chem_erg', 'Sn_compound', 'S2n_compound', 'Sp_compound', 'Radius_compound', 'ME_compound', 'Sn_daughter', 'Sp_daughter', 'Radius_daughter', 'ME_daughter', 'BEA_daughter', 'Shell_compound', 'Spin_compound', 'Deform_compound', 'Decay_compound', 'Spin_daughter', 'Deform_daughter', 'Decay_daughter', 'ERG']","{'n_estimators': 950, 'max_depth': 12, 'learning_rate': 0.023387395380801576, 'subsample': 0.51735171792841, 'colsample_bytree': 0.9288234523314991, 'reg_lambda': 0.0014623166653720773, 'reg_alpha': 0.011838563687274007}"
42,0.00040122369725788525,"['Z', 'A', 'N', 'ME', 'BEA', 'BEA_A', 'Sn', 'S2n', 'Sp', 'S2p', 'Pairing', 'Shell', 'Spin', 'Deform', 'Decay_Const', 'Z_even', 'N_even', 'beta_deformation', 'gamma_deformation', 'n_rms_radius', 'n_gap_erg', 'p_gap_erg', 'n_chem_erg', 'p_chem_erg', 'Sn_compound', 'S2n_compound', 'Sp_compound', 'Radius_compound', 'ME_compound', 'Sn_daughter', 'Sp_daughter', 'Radius_daughter', 'ME_daughter', 'BEA_daughter', 'Shell_compound', 'Spin_compound', 'Deform_compound', 'Decay_compound', 'Spin_daughter', 'Deform_daughter', 'Decay_daughter', 'ERG']","{'n_estimators': 950, 'max_depth': 12, 'learning_rate': 0.023387395380801576, 'subsample': 0.51735171792841, 'colsample_bytree': 0.9288234523314991, 'reg_lambda': 0.0014623166653720773, 'reg_alpha': 0.011838563687274007}"
41,0.0003979664401161685,"['Z', 'A', 'N', 'ME', 'BEA', 'BEA_A', 'Sn', 'S2n', 'Sp', 'S2p', 'Pairing', 'Shell', 'Spin', 'Deform', 'Decay_Const', 'Z_even', 'beta_deformation', 'gamma_deformation', 'n_rms_radius', 'n_gap_erg', 'p_gap_erg', 'n_chem_erg', 'p_chem_erg', 'Sn_compound', 'S2n_compound', 'Sp_compound', 'Radius_compound', 'ME_compound', 'Sn_daughter', 'Sp_daughter', 'Radius_daughter', 'ME_daughter', 'BEA_daughter', 'Shell_compound', 'Spin_compound', 'Deform_compound', 'Decay_compound', 'Spin_daughter', 'Deform_daughter', 'Decay_daughter', 'ERG']","{'n_estimators': 950, 'max_depth': 7, 'learning_rate': 0.15225654389482135, 'subsample': 0.8141476914816346, 'colsample_bytree': 0.7053679771138108, 'reg_lambda': 9.189007524126804, 'reg_alpha': 0.006025415786548301}"
40,0.00038171062151261313,"['Z', 'A', 'N', 'ME', 'BEA', 'BEA_A', 'Sn', 'S2n', 'Sp', 'S2p', 'Pairing', 'Shell', 'Spin', 'Deform', 'Decay_Const', 'beta_deformation', 'gamma_deformation', 'n_rms_radius', 'n_gap_erg', 'p_gap_erg', 'n_chem_erg', 'p_chem_erg', 'Sn_compound', 'S2n_compound', 'Sp_compound', 'Radius_compound', 'ME_compound', 'Sn_daughter', 'Sp_daughter', 'Radius_daughter', 'ME_daughter', 'BEA_daughter', 'Shell_compound', 'Spin_compound', 'Deform_compound', 'Decay_compound', 'Spin_daughter', 'Deform_daughter', 'Decay_daughter', 'ERG']","{'n_estimators': 950, 'max_depth': 12, 'learning_rate': 0.023387395380801576, 'subsample': 0.51735171792841, 'colsample_bytree': 0.9288234523314991, 'reg_lambda': 0.0014623166653720773, 'reg_alpha': 0.011838563687274007}"
39,0.0003840911965681445,"['Z', 'A', 'N', 'ME', 'BEA', 'BEA_A', 'Sn', 'S2n', 'Sp', 'S2p', 'Shell', 'Spin', 'Deform', 'Decay_Const', 'beta_deformation', 'gamma_deformation', 'n_rms_radius', 'n_gap_erg', 'p_gap_erg', 'n_chem_erg', 'p_chem_erg', 'Sn_compound', 'S2n_compound', 'Sp_compound', 'Radius_compound', 'ME_compound', 'Sn_daughter', 'Sp_daughter', 'Radius_daughter', 'ME_daughter', 'BEA_daughter', 'Shell_compound', 'Spin_compound', 'Deform_compound', 'Decay_compound', 'Spin_daughter', 'Deform_daughter', 'Decay_daughter', 'ERG']","{'n_estimators': 950, 'max_depth': 12, 'learning_rate': 0.023387395380801576, 'subsample': 0.51735171792841, 'colsample_bytree': 0.9288234523314991, 'reg_lambda': 0.0014623166653720773, 'reg_alpha': 0.011838563687274007}"
38,0.0003764613084814413,"['Z', 'A', 'N', 'ME', 'BEA', 'BEA_A', 'Sn', 'S2n', 'Sp', 'S2p', 'Shell', 'Spin', 'Deform', 'Decay_Const', 'beta_deformation', 'gamma_deformation', 'n_rms_radius', 'n_gap_erg', 'p_gap_erg', 'n_chem_erg', 'p_chem_erg', 'Sn_compound', 'S2n_compound', 'Sp_compound', 'Radius_compound', 'ME_compound', 'Sn_daughter', 'Sp_daughter', 'Radius_daughter', 'ME_daughter', 'Shell_compound', 'Spin_compound', 'Deform_compound', 'Decay_compound', 'Spin_daughter', 'Deform_daughter', 'Decay_daughter', 'ERG']","{'n_estimators': 950, 'max_depth': 12, 'learning_rate': 0.023387395380801576, 'subsample': 0.51735171792841, 'colsample_bytree': 0.9288234523314991, 'reg_lambda': 0.0014623166653720773, 'reg_alpha': 0.011838563687274007}"
37,0.00039851101840518877,"['Z', 'A', 'N', 'ME', 'BEA', 'Sn', 'S2n', 'Sp', 'S2p', 'Shell', 'Spin', 'Deform', 'Decay_Const', 'beta_deformation', 'gamma_deformation', 'n_rms_radius', 'n_gap_erg', 'p_gap_erg', 'n_chem_erg', 'p_chem_erg', 'Sn_compound', 'S2n_compound', 'Sp_compound', 'Radius_compound', 'ME_compound', 'Sn_daughter', 'Sp_daughter', 'Radius_daughter', 'ME_daughter', 'Shell_compound', 'Spin_compound', 'Deform_compound', 'Decay_compound', 'Spin_daughter', 'Deform_daughter', 'Decay_daughter', 'ERG']","{'n_estimators': 950, 'max_depth': 12, 'learning_rate': 0.023387395380801576, 'subsample': 0.51735171792841, 'colsample_bytree': 0.9288234523314991, 'reg_lambda': 0.0014623166653720773, 'reg_alpha': 0.011838563687274007}"
36,0.00040877624463611184,"['Z', 'A', 'N', 'ME', 'BEA', 'Sn', 'S2n', 'Sp', 'S2p', 'Shell', 'Spin', 'Deform', 'Decay_Const', 'beta_deformation', 'gamma_deformation', 'n_rms_radius', 'n_gap_erg', 'p_gap_erg', 'n_chem_erg', 'p_chem_erg', 'Sn_compound', 'S2n_compound', 'Sp_compound', 'Radius_compound', 'ME_compound', 'Sn_daughter', 'Radius_daughter', 'ME_daughter', 'Shell_compound', 'Spin_compound', 'Deform_compound', 'Decay_compound', 'Spin_daughter', 'Deform_daughter', 'Decay_daughter', 'ERG']","{'n_estimators': 950, 'max_depth': 12, 'learning_rate': 0.023387395380801576, 'subsample': 0.51735171792841, 'colsample_bytree': 0.9288234523314991, 'reg_lambda': 0.0014623166653720773, 'reg_alpha': 0.011838563687274007}"
35,0.00040190752667174074,"['Z', 'A', 'N', 'ME', 'BEA', 'Sn', 'S2n', 'Sp', 'S2p', 'Shell', 'Spin', 'Decay_Const', 'beta_deformation', 'gamma_deformation', 'n_rms_radius', 'n_gap_erg', 'p_gap_erg', 'n_chem_erg', 'p_chem_erg', 'Sn_compound', 'S2n_compound', 'Sp_compound', 'Radius_compound', 'ME_compound', 'Sn_daughter', 'Radius_daughter', 'ME_daughter', 'Shell_compound', 'Spin_compound', 'Deform_compound', 'Decay_compound', 'Spin_daughter', 'Deform_daughter', 'Decay_daughter', 'ERG']","{'n_estimators': 950, 'max_depth': 12, 'learning_rate': 0.023387395380801576, 'subsample': 0.51735171792841, 'colsample_bytree': 0.9288234523314991, 'reg_lambda': 0.0014623166653720773, 'reg_alpha': 0.011838563687274007}"
34,0.00041729509204107564,"['Z', 'A', 'N', 'ME', 'BEA', 'Sn', 'S2n', 'Sp', 'S2p', 'Shell', 'Spin', 'Decay_Const', 'beta_deformation', 'gamma_deformation', 'n_rms_radius', 'n_gap_erg', 'p_gap_erg', 'n_chem_erg', 'p_chem_erg', 'Sn_compound', 'Sp_compound', 'Radius_compound', 'ME_compound', 'Sn_daughter', 'Radius_daughter', 'ME_daughter', 'Shell_compound', 'Spin_compound', 'Deform_compound', 'Decay_compound', 'Spin_daughter', 'Deform_daughter', 'Decay_daughter', 'ERG']","{'n_estimators': 950, 'max_depth': 12, 'learning_rate': 0.023387395380801576, 'subsample': 0.51735171792841, 'colsample_bytree': 0.9288234523314991, 'reg_lambda': 0.0014623166653720773, 'reg_alpha': 0.011838563687274007}"
33,0.0003879747851524039,"['Z', 'A', 'N', 'ME', 'BEA', 'Sn', 'S2n', 'Sp', 'S2p', 'Shell', 'Spin', 'Decay_Const', 'beta_deformation', 'gamma_deformation', 'n_rms_radius', 'n_gap_erg', 'p_gap_erg', 'n_chem_erg', 'p_chem_erg', 'Sn_compound', 'Sp_compound', 'Radius_compound', 'Sn_daughter', 'Radius_daughter', 'ME_daughter', 'Shell_compound', 'Spin_compound', 'Deform_compound', 'Decay_compound', 'Spin_daughter', 'Deform_daughter', 'Decay_daughter', 'ERG']","{'n_estimators': 950, 'max_depth': 7, 'learning_rate': 0.15225654389482135, 'subsample': 0.8141476914816346, 'colsample_bytree': 0.7053679771138108, 'reg_lambda': 9.189007524126804, 'reg_alpha': 0.006025415786548301}"
32,0.0003630387671197372,"['Z', 'A', 'N', 'ME', 'BEA', 'Sn', 'S2n', 'Sp', 'S2p', 'Shell', 'Spin', 'Decay_Const', 'beta_deformation', 'gamma_deformation', 'n_rms_radius', 'n_gap_erg', 'p_gap_erg', 'n_chem_erg', 'p_chem_erg', 'Sn_compound', 'Sp_compound', 'Radius_compound', 'Sn_daughter', 'ME_daughter', 'Shell_compound', 'Spin_compound', 'Deform_compound', 'Decay_compound', 'Spin_daughter', 'Deform_daughter', 'Decay_daughter', 'ERG']","{'n_estimators': 950, 'max_depth': 7, 'learning_rate': 0.15225654389482135, 'subsample': 0.8141476914816346, 'colsample_bytree': 0.7053679771138108, 'reg_lambda': 9.189007524126804, 'reg_alpha': 0.006025415786548301}"
31,0.0003980057431411258,"['Z', 'A', 'N', 'ME', 'BEA', 'Sn', 'S2n', 'Sp', 'S2p', 'Shell', 'Spin', 'Decay_Const', 'beta_deformation', 'gamma_deformation', 'n_rms_radius', 'n_gap_erg', 'p_gap_erg', 'n_chem_erg', 'p_chem_erg', 'Sn_compound', 'Sp_compound', 'Radius_compound', 'Sn_daughter', 'ME_daughter', 'Shell_compound', 'Spin_compound', 'Decay_compound', 'Spin_daughter', 'Deform_daughter', 'Decay_daughter', 'ERG']","{'n_estimators': 950, 'max_depth': 12, 'learning_rate': 0.023387395380801576, 'subsample': 0.51735171792841, 'colsample_bytree': 0.9288234523314991, 'reg_lambda': 0.0014623166653720773, 'reg_alpha': 0.011838563687274007}"
30,0.00038152207235772736,"['Z', 'A', 'N', 'ME', 'BEA', 'Sn', 'S2n', 'Sp', 'S2p', 'Shell', 'Spin', 'Decay_Const', 'beta_deformation', 'gamma_deformation', 'n_rms_radius', 'n_gap_erg', 'p_gap_erg', 'n_chem_erg', 'p_chem_erg', 'Sn_compound', 'Sp_compound', 'Radius_compound', 'Sn_daughter', 'ME_daughter', 'Shell_compound', 'Spin_compound', 'Decay_compound', 'Spin_daughter', 'Deform_daughter', 'ERG']","{'n_estimators': 950, 'max_depth': 12, 'learning_rate': 0.023387395380801576, 'subsample': 0.51735171792841, 'colsample_bytree': 0.9288234523314991, 'reg_lambda': 0.0014623166653720773, 'reg_alpha': 0.011838563687274007}"
29,0.0004002923248408589,"['Z', 'A', 'N', 'ME', 'BEA', 'Sn', 'S2n', 'Sp', 'S2p', 'Shell', 'Spin', 'Decay_Const', 'beta_deformation', 'gamma_deformation', 'n_rms_radius', 'n_gap_erg', 'p_gap_erg', 'n_chem_erg', 'p_chem_erg', 'Sn_compound', 'Sp_compound', 'Radius_compound', 'Sn_daughter', 'ME_daughter', 'Spin_compound', 'Decay_compound', 'Spin_daughter', 'Deform_daughter', 'ERG']","{'n_estimators': 950, 'max_depth': 12, 'learning_rate': 0.023387395380801576, 'subsample': 0.51735171792841, 'colsample_bytree': 0.9288234523314991, 'reg_lambda': 0.0014623166653720773, 'reg_alpha': 0.011838563687274007}"
28,0.0003908882650420214,"['Z', 'A', 'N', 'ME', 'BEA', 'Sn', 'S2n', 'Sp', 'S2p', 'Shell', 'Decay_Const', 'beta_deformation', 'gamma_deformation', 'n_rms_radius', 'n_gap_erg', 'p_gap_erg', 'n_chem_erg', 'p_chem_erg', 'Sn_compound', 'Sp_compound', 'Radius_compound', 'Sn_daughter', 'ME_daughter', 'Spin_compound', 'Decay_compound', 'Spin_daughter', 'Deform_daughter', 'ERG']","{'n_estimators': 950, 'max_depth': 12, 'learning_rate': 0.023387395380801576, 'subsample': 0.51735171792841, 'colsample_bytree': 0.9288234523314991, 'reg_lambda': 0.0014623166653720773, 'reg_alpha': 0.011838563687274007}"
27,0.000387739040186946,"['Z', 'A', 'N', 'ME', 'BEA', 'Sn', 'S2n', 'Sp', 'S2p', 'Shell', 'Decay_Const', 'gamma_deformation', 'n_rms_radius', 'n_gap_erg', 'p_gap_erg', 'n_chem_erg', 'p_chem_erg', 'Sn_compound', 'Sp_compound', 'Radius_compound', 'Sn_daughter', 'ME_daughter', 'Spin_compound', 'Decay_compound', 'Spin_daughter', 'Deform_daughter', 'ERG']","{'n_estimators': 950, 'max_depth': 12, 'learning_rate': 0.023387395380801576, 'subsample': 0.51735171792841, 'colsample_bytree': 0.9288234523314991, 'reg_lambda': 0.0014623166653720773, 'reg_alpha': 0.011838563687274007}"
26,0.00038400151968226844,"['Z', 'A', 'N', 'ME', 'BEA', 'Sn', 'S2n', 'Sp', 'S2p', 'Shell', 'gamma_deformation', 'n_rms_radius', 'n_gap_erg', 'p_gap_erg', 'n_chem_erg', 'p_chem_erg', 'Sn_compound', 'Sp_compound', 'Radius_compound', 'Sn_daughter', 'ME_daughter', 'Spin_compound', 'Decay_compound', 'Spin_daughter', 'Deform_daughter', 'ERG']","{'n_estimators': 950, 'max_depth': 12, 'learning_rate': 0.023387395380801576, 'subsample': 0.51735171792841, 'colsample_bytree': 0.9288234523314991, 'reg_lambda': 0.0014623166653720773, 'reg_alpha': 0.011838563687274007}"
25,0.000387808073793186,"['Z', 'A', 'N', 'ME', 'BEA', 'Sn', 'S2n', 'Sp', 'S2p', 'Shell', 'gamma_deformation', 'n_rms_radius', 'n_gap_erg', 'p_gap_erg', 'n_chem_erg', 'p_chem_erg', 'Sn_compound', 'Radius_compound', 'Sn_daughter', 'ME_daughter', 'Spin_compound', 'Decay_compound', 'Spin_daughter', 'Deform_daughter', 'ERG']","{'n_estimators': 950, 'max_depth': 12, 'learning_rate': 0.023387395380801576, 'subsample': 0.51735171792841, 'colsample_bytree': 0.9288234523314991, 'reg_lambda': 0.0014623166653720773, 'reg_alpha': 0.011838563687274007}"
24,0.000395321918311575,"['Z', 'A', 'N', 'ME', 'BEA', 'Sn', 'S2n', 'Sp', 'S2p', 'Shell', 'gamma_deformation', 'n_rms_radius', 'p_gap_erg', 'n_chem_erg', 'p_chem_erg', 'Sn_compound', 'Radius_compound', 'Sn_daughter', 'ME_daughter', 'Spin_compound', 'Decay_compound', 'Spin_daughter', 'Deform_daughter', 'ERG']","{'n_estimators': 950, 'max_depth': 7, 'learning_rate': 0.15225654389482135, 'subsample': 0.8141476914816346, 'colsample_bytree': 0.7053679771138108, 'reg_lambda': 9.189007524126804, 'reg_alpha': 0.006025415786548301}"
23,0.0004208604368863806,"['Z', 'A', 'N', 'ME', 'BEA', 'Sn', 'S2n', 'Sp', 'S2p', 'Shell', 'gamma_deformation', 'n_rms_radius', 'p_gap_erg', 'n_chem_erg', 'p_chem_erg', 'Sn_compound', 'Radius_compound', 'Sn_daughter', 'ME_daughter', 'Spin_compound', 'Spin_daughter', 'Deform_daughter', 'ERG']","{'n_estimators': 950, 'max_depth': 7, 'learning_rate': 0.15225654389482135, 'subsample': 0.8141476914816346, 'colsample_bytree': 0.7053679771138108, 'reg_lambda': 9.189007524126804, 'reg_alpha': 0.006025415786548301}"
22,0.00038750865423601064,"['Z', 'A', 'N', 'ME', 'BEA', 'Sn', 'S2n', 'Sp', 'S2p', 'Shell', 'gamma_deformation', 'n_rms_radius', 'p_gap_erg', 'n_chem_erg', 'p_chem_erg', 'Sn_compound', 'Radius_compound', 'Sn_daughter', 'ME_daughter', 'Spin_compound', 'Spin_daughter', 'ERG']","{'n_estimators': 950, 'max_depth': 7, 'learning_rate': 0.15225654389482135, 'subsample': 0.8141476914816346, 'colsample_bytree': 0.7053679771138108, 'reg_lambda': 9.189007524126804, 'reg_alpha': 0.006025415786548301}"
21,0.00036808813502195984,"['Z', 'A', 'N', 'ME', 'BEA', 'Sn', 'S2n', 'Sp', 'S2p', 'Shell', 'n_rms_radius', 'p_gap_erg', 'n_chem_erg', 'p_chem_erg', 'Sn_compound', 'Radius_compound', 'Sn_daughter', 'ME_daughter', 'Spin_compound', 'Spin_daughter', 'ERG']","{'n_estimators': 950, 'max_depth': 7, 'learning_rate': 0.15225654389482135, 'subsample': 0.8141476914816346, 'colsample_bytree': 0.7053679771138108, 'reg_lambda': 9.189007524126804, 'reg_alpha': 0.006025415786548301}"
20,0.0003977499618300729,"['Z', 'A', 'N', 'ME', 'BEA', 'Sn', 'S2n', 'Sp', 'S2p', 'Shell', 'n_rms_radius', 'p_gap_erg', 'n_chem_erg', 'p_chem_erg', 'Sn_compound', 'Sn_daughter', 'ME_daughter', 'Spin_compound', 'Spin_daughter', 'ERG']","{'n_estimators': 950, 'max_depth': 7, 'learning_rate': 0.15225654389482135, 'subsample': 0.8141476914816346, 'colsample_bytree': 0.7053679771138108, 'reg_lambda': 9.189007524126804, 'reg_alpha': 0.006025415786548301}"
19,0.0003895018054433895,"['Z', 'A', 'N', 'ME', 'BEA', 'Sn', 'S2n', 'Sp', 'S2p', 'Shell', 'n_rms_radius', 'p_gap_erg', 'n_chem_erg', 'p_chem_erg', 'Sn_compound', 'Sn_daughter', 'ME_daughter', 'Spin_compound', 'ERG']","{'n_estimators': 950, 'max_depth': 12, 'learning_rate': 0.023387395380801576, 'subsample': 0.51735171792841, 'colsample_bytree': 0.9288234523314991, 'reg_lambda': 0.0014623166653720773, 'reg_alpha': 0.011838563687274007}"
18,0.0003688338664986571,"['Z', 'A', 'N', 'ME', 'BEA', 'Sn', 'S2n', 'Sp', 'S2p', 'Shell', 'n_rms_radius', 'p_gap_erg', 'n_chem_erg', 'p_chem_erg', 'Sn_compound', 'Sn_daughter', 'Spin_compound', 'ERG']","{'n_estimators': 950, 'max_depth': 7, 'learning_rate': 0.15225654389482135, 'subsample': 0.8141476914816346, 'colsample_bytree': 0.7053679771138108, 'reg_lambda': 9.189007524126804, 'reg_alpha': 0.006025415786548301}"
17,0.00037887947738091723,"['Z', 'A', 'N', 'ME', 'BEA', 'Sn', 'S2n', 'Sp', 'S2p', 'Shell', 'n_rms_radius', 'p_gap_erg', 'n_chem_erg', 'p_chem_erg', 'Sn_daughter', 'Spin_compound', 'ERG']","{'n_estimators': 950, 'max_depth': 7, 'learning_rate': 0.15225654389482135, 'subsample': 0.8141476914816346, 'colsample_bytree': 0.7053679771138108, 'reg_lambda': 9.189007524126804, 'reg_alpha': 0.006025415786548301}"
16,0.00037774050410598926,"['Z', 'A', 'N', 'ME', 'BEA', 'Sn', 'S2n', 'Sp', 'S2p', 'Shell', 'n_rms_radius', 'p_gap_erg', 'n_chem_erg', 'Sn_daughter', 'Spin_compound', 'ERG']","{'n_estimators': 950, 'max_depth': 7, 'learning_rate': 0.15225654389482135, 'subsample': 0.8141476914816346, 'colsample_bytree': 0.7053679771138108, 'reg_lambda': 9.189007524126804, 'reg_alpha': 0.006025415786548301}"
15,0.0004101982468956331,"['Z', 'A', 'N', 'ME', 'BEA', 'Sn', 'S2n', 'Sp', 'S2p', 'Shell', 'n_rms_radius', 'p_gap_erg', 'n_chem_erg', 'Sn_daughter', 'ERG']","{'n_estimators': 950, 'max_depth': 12, 'learning_rate': 0.023387395380801576, 'subsample': 0.51735171792841, 'colsample_bytree': 0.9288234523314991, 'reg_lambda': 0.0014623166653720773, 'reg_alpha': 0.011838563687274007}"
14,0.0003980347482726614,"['Z', 'A', 'N', 'ME', 'BEA', 'Sn', 'S2n', 'Sp', 'S2p', 'Shell', 'p_gap_erg', 'n_chem_erg', 'Sn_daughter', 'ERG']","{'n_estimators': 950, 'max_depth': 7, 'learning_rate': 0.15225654389482135, 'subsample': 0.8141476914816346, 'colsample_bytree': 0.7053679771138108, 'reg_lambda': 9.189007524126804, 'reg_alpha': 0.006025415786548301}"
13,0.00034113678898868495,"['Z', 'A', 'N', 'ME', 'BEA', 'Sn', 'S2n', 'Sp', 'S2p', 'Shell', 'p_gap_erg', 'n_chem_erg', 'ERG']","{'n_estimators': 950, 'max_depth': 7, 'learning_rate': 0.15225654389482135, 'subsample': 0.8141476914816346, 'colsample_bytree': 0.7053679771138108, 'reg_lambda': 9.189007524126804, 'reg_alpha': 0.006025415786548301}"
12,0.0003553573603717588,"['Z', 'A', 'N', 'ME', 'BEA', 'Sn', 'S2n', 'Sp', 'S2p', 'Shell', 'n_chem_erg', 'ERG']","{'n_estimators': 950, 'max_depth': 7, 'learning_rate': 0.15225654389482135, 'subsample': 0.8141476914816346, 'colsample_bytree': 0.7053679771138108, 'reg_lambda': 9.189007524126804, 'reg_alpha': 0.006025415786548301}"
11,0.0003663851023966513,"['Z', 'A', 'N', 'ME', 'Sn', 'S2n', 'Sp', 'S2p', 'Shell', 'n_chem_erg', 'ERG']","{'n_estimators': 950, 'max_depth': 7, 'learning_rate': 0.15225654389482135, 'subsample': 0.8141476914816346, 'colsample_bytree': 0.7053679771138108, 'reg_lambda': 9.189007524126804, 'reg_alpha': 0.006025415786548301}"
10,0.00036273936394315187,"['Z', 'A', 'N', 'ME', 'Sn', 'S2n', 'Sp', 'S2p', 'n_chem_erg', 'ERG']","{'n_estimators': 950, 'max_depth': 7, 'learning_rate': 0.15225654389482135, 'subsample': 0.8141476914816346, 'colsample_bytree': 0.7053679771138108, 'reg_lambda': 9.189007524126804, 'reg_alpha': 0.006025415786548301}"
9,0.00035418662306930745,"['Z', 'A', 'N', 'ME', 'Sn', 'S2n', 'S2p', 'n_chem_erg', 'ERG']","{'n_estimators': 850, 'max_depth': 7, 'learning_rate': 0.1664358171641522, 'subsample': 0.821447298916576, 'colsample_bytree': 0.6877034815121884, 'reg_lambda': 9.828916231690933, 'reg_alpha': 0.001068961211537492}"
8,0.00035113524676070814,"['Z', 'A', 'N', 'Sn', 'S2n', 'S2p', 'n_chem_erg', 'ERG']","{'n_estimators': 950, 'max_depth': 7, 'learning_rate': 0.15225654389482135, 'subsample': 0.8141476914816346, 'colsample_bytree': 0.7053679771138108, 'reg_lambda': 9.189007524126804, 'reg_alpha': 0.006025415786548301}"
7,0.00035817805317925214,"['Z', 'A', 'N', 'Sn', 'S2n', 'n_chem_erg', 'ERG']","{'n_estimators': 800, 'max_depth': 8, 'learning_rate': 0.13776787423917378, 'subsample': 0.789687116492217, 'colsample_bytree': 0.6831433775632743, 'reg_lambda': 8.464112710934824, 'reg_alpha': 0.005219129014305573}"
6,0.0003554542963937101,"['Z', 'A', 'N', 'Sn', 'S2n', 'ERG']","{'n_estimators': 800, 'max_depth': 8, 'learning_rate': 0.13776787423917378, 'subsample': 0.789687116492217, 'colsample_bytree': 0.6831433775632743, 'reg_lambda': 8.464112710934824, 'reg_alpha': 0.005219129014305573}"
5,0.0005197301965895179,"['A', 'N', 'Sn', 'S2n', 'ERG']","{'n_estimators': 950, 'max_depth': 12, 'learning_rate': 0.023387395380801576, 'subsample': 0.51735171792841, 'colsample_bytree': 0.9288234523314991, 'reg_lambda': 0.0014623166653720773, 'reg_alpha': 0.011838563687274007}"
4,0.0009744193103181122,"['A', 'N', 'S2n', 'ERG']","{'n_estimators': 900, 'max_depth': 7, 'learning_rate': 0.22263168980708117, 'subsample': 0.8495392973707541, 'colsample_bytree': 0.5776778270118749, 'reg_lambda': 9.726326397617608, 'reg_alpha': 0.0021231846602575636}"
